meter_id,timestamp,consumption_kwh,status
DE_1000,2026-06-01 00:00:00,0.493,valid
DE_1000,2026-06-01 00:15:00,0.491,valid
DE_1000,2026-06-01 00:30:00,0.494,valid
DE_1000,2026-06-01 00:45:00,0.535,valid
DE_1000,2026-06-01 01:00:00,0.469,valid
DE_1000,2026-06-01 01:15:00,0.4,valid
DE_1000,2026-06-01 01:30:00,0.492,valid
DE_1000,2026-06-01 01:45:00,0.462,valid
DE_1000,2026-06-01 02:00:00,0.439,valid
DE_1000,2026-06-01 02:15:00,0.456,valid
DE_1000,2026-06-01 02:30:00,0.462,valid
DE_1000,2026-06-01 02:45:00,0.508,valid
DE_1000,2026-06-01 03:00:00,0.458,valid
DE_1000,2026-06-01 03:15:00,0.431,valid
DE_1000,2026-06-01 03:30:00,0.388,valid
DE_1000,2026-06-01 03:45:00,0.374,valid
DE_1000,2026-06-01 04:00:00,0.412,valid
DE_1000,2026-06-01 04:15:00,0.466,valid
DE_1000,2026-06-01 04:30:00,0.402,valid
DE_1000,2026-06-01 04:45:00,0.395,valid
DE_1000,2026-06-01 05:00:00,0.402,valid
DE_1000,2026-06-01 05:15:00,0.302,valid
DE_1000,2026-06-01 05:30:00,0.359,valid
DE_1000,2026-06-01 05:45:00,0.4,valid
DE_1000,2026-06-01 06:00:00,0.394,valid
DE_1000,2026-06-01 06:15:00,0.338,valid
DE_1000,2026-06-01 06:30:00,0.369,valid
DE_1000,2026-06-01 06:45:00,0.362,valid
DE_1000,2026-06-01 07:00:00,0.364,valid
DE_1000,2026-06-01 07:15:00,0.269,valid
DE_1000,2026-06-01 07:30:00,0.353,valid
DE_1000,2026-06-01 07:45:00,0.249,valid
DE_1000,2026-06-01 08:00:00,0.169,valid
DE_1000,2026-06-01 08:15:00,0.27,valid
DE_1000,2026-06-01 08:45:00,0.344,valid
DE_1000,2026-06-01 09:00:00,0.308,valid
DE_1000,2026-06-01 09:15:00,0.214,valid
DE_1000,2026-06-01 09:30:00,0.317,valid
DE_1000,2026-06-01 09:45:00,0.225,valid
DE_1000,2026-06-01 10:00:00,0.246,valid
DE_1000,2026-06-01 10:15:00,0.235,valid
DE_1000,2026-06-01 10:30:00,0.256,valid
DE_1000,2026-06-01 10:45:00,0.291,valid
DE_1000,2026-06-01 11:00:00,0.257,valid
DE_1000,2026-06-01 11:15:00,0.242,valid
DE_1000,2026-06-01 11:30:00,0.257,valid
DE_1000,2026-06-01 11:45:00,0.249,valid
DE_1000,2026-06-01 12:00:00,0.169,valid
DE_1000,2026-06-01 12:15:00,0.164,valid
DE_1000,2026-06-01 12:30:00,0.177,valid
DE_1000,2026-06-01 12:45:00,0.225,valid
DE_1000,2026-06-01 13:00:00,0.212,valid
DE_1000,2026-06-01 13:15:00,0.342,valid
DE_1000,2026-06-01 13:30:00,0.184,valid
DE_1000,2026-06-01 13:45:00,0.17,valid
DE_1000,2026-06-01 14:00:00,0.288,valid
DE_1000,2026-06-01 14:15:00,0.321,valid
DE_1000,2026-06-01 14:30:00,0.275,valid
DE_1000,2026-06-01 14:45:00,0.292,valid
DE_1000,2026-06-01 15:00:00,0.346,valid
DE_1000,2026-06-01 15:15:00,0.27,valid
DE_1000,2026-06-01 15:30:00,0.204,valid
DE_1000,2026-06-01 15:45:00,0.248,valid
DE_1000,2026-06-01 16:00:00,0.348,valid
DE_1000,2026-06-01 16:15:00,0.228,valid
DE_1000,2026-06-01 16:30:00,0.302,valid
DE_1000,2026-06-01 16:45:00,0.313,valid
DE_1000,2026-06-01 17:00:00,0.309,valid
DE_1000,2026-06-01 17:15:00,0.361,valid
DE_1000,2026-06-01 17:30:00,0.354,valid
DE_1000,2026-06-01 17:45:00,0.441,valid
DE_1000,2026-06-01 18:00:00,0.381,valid
DE_1000,2026-06-01 18:15:00,0.32,valid
DE_1000,2026-06-01 18:30:00,0.322,valid
DE_1000,2026-06-01 18:45:00,0.308,valid
DE_1000,2026-06-01 19:00:00,0.423,valid
DE_1000,2026-06-01 19:15:00,0.347,valid
DE_1000,2026-06-01 19:30:00,0.371,valid
DE_1000,2026-06-01 19:45:00,0.412,valid
DE_1000,2026-06-01 20:00:00,0.364,valid
DE_1000,2026-06-01 20:15:00,0.385,valid
DE_1000,2026-06-01 20:30:00,0.308,valid
DE_1000,2026-06-01 20:45:00,0.346,valid
DE_1000,2026-06-01 21:00:00,0.397,valid
DE_1000,2026-06-01 21:15:00,0.446,valid
DE_1000,2026-06-01 21:30:00,0.485,valid
DE_1000,2026-06-01 21:45:00,0.424,valid
DE_1000,2026-06-01 22:00:00,0.463,valid
DE_1000,2026-06-01 22:15:00,0.458,valid
DE_1000,2026-06-01 22:30:00,0.504,valid
DE_1000,2026-06-01 22:45:00,0.495,valid
DE_1000,2026-06-01 23:00:00,0.489,valid
DE_1000,2026-06-01 23:15:00,0.424,valid
DE_1000,2026-06-01 23:30:00,0.52,valid
DE_1000,2026-06-01 23:45:00,0.494,valid
DE_1000,2026-06-02 00:00:00,0.561,valid
DE_1000,2026-06-02 00:15:00,0.499,valid
DE_1000,2026-06-02 00:30:00,0.598,valid
DE_1000,2026-06-02 00:45:00,0.482,valid
DE_1000,2026-06-02 01:00:00,0.555,valid
DE_1000,2026-06-02 01:15:00,0.481,valid
DE_1000,2026-06-02 01:30:00,0.449,valid
DE_1000,2026-06-02 01:45:00,0.419,valid
DE_1000,2026-06-02 02:00:00,0.442,valid
DE_1000,2026-06-02 02:15:00,0.521,valid
DE_1000,2026-06-02 02:30:00,0.491,valid
DE_1000,2026-06-02 02:45:00,0.484,valid
DE_1000,2026-06-02 03:00:00,0.306,valid
DE_1000,2026-06-02 03:15:00,0.461,valid
DE_1000,2026-06-02 03:30:00,0.453,valid
DE_1000,2026-06-02 03:45:00,0.398,valid
DE_1000,2026-06-02 04:00:00,0.369,valid
DE_1000,2026-06-02 04:15:00,0.4,valid
DE_1000,2026-06-02 04:30:00,0.486,valid
DE_1000,2026-06-02 04:45:00,0.347,valid
DE_1000,2026-06-02 05:00:00,0.354,valid
DE_1000,2026-06-02 05:15:00,0.443,valid
DE_1000,2026-06-02 05:30:00,0.353,valid
DE_1000,2026-06-02 06:00:00,0.355,valid
DE_1000,2026-06-02 06:15:00,0.288,valid
DE_1000,2026-06-02 06:30:00,0.361,valid
DE_1000,2026-06-02 06:45:00,0.29,valid
DE_1000,2026-06-02 07:00:00,0.369,valid
DE_1000,2026-06-02 07:15:00,0.325,valid
DE_1000,2026-06-02 07:30:00,0.439,valid
DE_1000,2026-06-02 07:45:00,0.339,valid
DE_1000,2026-06-02 08:00:00,0.368,valid
DE_1000,2026-06-02 08:15:00,0.235,valid
DE_1000,2026-06-02 08:30:00,0.294,valid
DE_1000,2026-06-02 08:45:00,0.316,valid
DE_1000,2026-06-02 09:00:00,0.362,valid
DE_1000,2026-06-02 09:15:00,0.191,valid
DE_1000,2026-06-02 09:30:00,0.325,valid
DE_1000,2026-06-02 09:45:00,0.305,valid
DE_1000,2026-06-02 10:00:00,0.327,valid
DE_1000,2026-06-02 10:15:00,0.286,valid
DE_1000,2026-06-02 10:30:00,0.253,valid
DE_1000,2026-06-02 10:45:00,0.224,valid
DE_1000,2026-06-02 11:00:00,0.163,valid
DE_1000,2026-06-02 11:15:00,0.235,valid
DE_1000,2026-06-02 11:30:00,0.215,valid
DE_1000,2026-06-02 11:45:00,0.326,valid
DE_1000,2026-06-02 12:00:00,0.169,valid
DE_1000,2026-06-02 12:15:00,0.216,valid
DE_1000,2026-06-02 12:30:00,0.122,valid
DE_1000,2026-06-02 12:45:00,0.18,valid
DE_1000,2026-06-02 13:00:00,0.238,valid
DE_1000,2026-06-02 13:15:00,0.266,valid
DE_1000,2026-06-02 13:30:00,0.297,valid
DE_1000,2026-06-02 13:45:00,0.223,valid
DE_1000,2026-06-02 14:00:00,0.194,valid
DE_1000,2026-06-02 14:15:00,0.273,valid
DE_1000,2026-06-02 14:30:00,0.276,valid
DE_1000,2026-06-02 14:45:00,0.275,valid
DE_1000,2026-06-02 15:00:00,0.24,valid
DE_1000,2026-06-02 15:15:00,0.332,valid
DE_1000,2026-06-02 15:30:00,0.279,valid
DE_1000,2026-06-02 15:45:00,0.31,valid
DE_1000,2026-06-02 16:00:00,0.364,valid
DE_1000,2026-06-02 16:15:00,0.33,valid
DE_1000,2026-06-02 16:30:00,0.314,valid
DE_1000,2026-06-02 16:45:00,0.408,valid
DE_1000,2026-06-02 17:00:00,0.337,valid
DE_1000,2026-06-02 17:15:00,0.31,valid
DE_1000,2026-06-02 17:30:00,0.331,valid
DE_1000,2026-06-02 17:45:00,0.399,valid
DE_1000,2026-06-02 18:00:00,0.356,valid
DE_1000,2026-06-02 18:15:00,0.376,valid
DE_1000,2026-06-02 18:30:00,0.41,valid
DE_1000,2026-06-02 18:45:00,0.324,valid
DE_1000,2026-06-02 19:00:00,0.289,valid
DE_1000,2026-06-02 19:15:00,0.39,valid
DE_1000,2026-06-02 19:30:00,0.386,valid
DE_1000,2026-06-02 19:45:00,0.345,valid
DE_1000,2026-06-02 20:00:00,0.444,valid
DE_1000,2026-06-02 20:15:00,0.43,valid
DE_1000,2026-06-02 20:30:00,0.35,valid
DE_1000,2026-06-02 20:45:00,0.426,valid
DE_1000,2026-06-02 21:00:00,0.415,valid
DE_1000,2026-06-02 21:15:00,0.351,valid
DE_1000,2026-06-02 21:30:00,0.448,valid
DE_1000,2026-06-02 21:45:00,0.423,valid
DE_1000,2026-06-02 22:00:00,0.413,valid
DE_1000,2026-06-02 22:15:00,0.476,valid
DE_1000,2026-06-02 22:30:00,0.474,valid
DE_1000,2026-06-02 22:45:00,0.421,valid
DE_1000,2026-06-02 23:00:00,0.495,valid
DE_1000,2026-06-02 23:15:00,0.526,valid
DE_1000,2026-06-02 23:30:00,0.439,valid
DE_1000,2026-06-02 23:45:00,0.494,valid
DE_1000,2026-06-03 00:00:00,0.5,valid
DE_1000,2026-06-03 00:15:00,0.613,valid
DE_1000,2026-06-03 00:30:00,0.407,valid
DE_1000,2026-06-03 00:45:00,0.535,valid
DE_1000,2026-06-03 01:00:00,0.46,valid
DE_1000,2026-06-03 01:15:00,0.47,valid
DE_1000,2026-06-03 01:30:00,0.57,valid
DE_1000,2026-06-03 01:45:00,0.475,valid
DE_1000,2026-06-03 02:00:00,0.562,valid
DE_1000,2026-06-03 02:15:00,0.428,valid
DE_1000,2026-06-03 02:30:00,0.468,valid
DE_1000,2026-06-03 02:45:00,0.425,valid
DE_1000,2026-06-03 03:00:00,0.39,valid
DE_1000,2026-06-03 03:15:00,0.428,valid
DE_1000,2026-06-03 03:30:00,0.411,valid
DE_1000,2026-06-03 03:45:00,0.435,valid
DE_1000,2026-06-03 04:00:00,0.295,valid
DE_1000,2026-06-03 04:15:00,0.5,valid
DE_1000,2026-06-03 04:30:00,0.392,valid
DE_1000,2026-06-03 04:45:00,0.487,valid
DE_1000,2026-06-03 05:00:00,0.325,valid
DE_1000,2026-06-03 05:15:00,0.39,valid
DE_1000,2026-06-03 05:30:00,0.533,valid
DE_1000,2026-06-03 05:45:00,0.332,valid
DE_1000,2026-06-03 06:00:00,0.275,valid
DE_1000,2026-06-03 06:15:00,0.323,valid
DE_1000,2026-06-03 06:45:00,0.385,valid
DE_1000,2026-06-03 07:00:00,0.39,valid
DE_1000,2026-06-03 07:15:00,0.312,valid
DE_1000,2026-06-03 07:30:00,0.245,valid
DE_1000,2026-06-03 07:45:00,0.303,valid
DE_1000,2026-06-03 08:00:00,0.362,valid
DE_1000,2026-06-03 08:15:00,0.323,valid
DE_1000,2026-06-03 08:30:00,0.202,valid
DE_1000,2026-06-03 08:45:00,0.298,valid
DE_1000,2026-06-03 09:00:00,0.345,valid
DE_1000,2026-06-03 09:15:00,0.381,valid
DE_1000,2026-06-03 09:30:00,0.303,valid
DE_1000,2026-06-03 09:45:00,0.29,valid
DE_1000,2026-06-03 10:00:00,0.188,valid
DE_1000,2026-06-03 10:15:00,0.208,valid
DE_1000,2026-06-03 10:30:00,0.252,valid
DE_1000,2026-06-03 10:45:00,0.275,valid
DE_1000,2026-06-03 11:00:00,0.254,valid
DE_1000,2026-06-03 11:15:00,0.201,valid
DE_1000,2026-06-03 11:30:00,0.167,valid
DE_1000,2026-06-03 11:45:00,0.186,valid
DE_1000,2026-06-03 12:00:00,0.142,valid
DE_1000,2026-06-03 12:15:00,0.232,valid
DE_1000,2026-06-03 12:30:00,0.084,valid
DE_1000,2026-06-03 12:45:00,0.183,valid
DE_1000,2026-06-03 13:00:00,0.247,valid
DE_1000,2026-06-03 13:15:00,0.301,valid
DE_1000,2026-06-03 13:30:00,0.229,valid
DE_1000,2026-06-03 13:45:00,0.275,valid
DE_1000,2026-06-03 14:00:00,0.23,valid
DE_1000,2026-06-03 14:15:00,0.213,valid
DE_1000,2026-06-03 14:30:00,0.216,valid
DE_1000,2026-06-03 14:45:00,0.326,valid
DE_1000,2026-06-03 15:00:00,0.325,valid
DE_1000,2026-06-03 15:15:00,0.299,valid
DE_1000,2026-06-03 15:30:00,0.442,valid
DE_1000,2026-06-03 15:45:00,0.273,valid
DE_1000,2026-06-03 16:00:00,0.331,valid
DE_1000,2026-06-03 16:15:00,0.315,valid
DE_1000,2026-06-03 16:30:00,0.289,valid
DE_1000,2026-06-03 16:45:00,0.416,valid
DE_1000,2026-06-03 17:00:00,0.4,valid
DE_1000,2026-06-03 17:15:00,0.255,valid
DE_1000,2026-06-03 17:30:00,0.305,valid
DE_1000,2026-06-03 17:45:00,0.346,valid
DE_1000,2026-06-03 18:00:00,0.389,valid
DE_1000,2026-06-03 18:15:00,0.283,valid
DE_1000,2026-06-03 18:30:00,0.237,valid
DE_1000,2026-06-03 18:45:00,0.255,valid
DE_1000,2026-06-03 19:00:00,0.371,valid
DE_1000,2026-06-03 19:15:00,0.37,valid
DE_1000,2026-06-03 19:30:00,0.392,valid
DE_1000,2026-06-03 19:45:00,0.337,valid
DE_1000,2026-06-03 20:00:00,0.339,valid
DE_1000,2026-06-03 20:15:00,0.299,valid
DE_1000,2026-06-03 20:30:00,0.416,valid
DE_1000,2026-06-03 20:45:00,0.419,valid
DE_1000,2026-06-03 21:00:00,0.475,valid
DE_1000,2026-06-03 21:15:00,0.465,valid
DE_1000,2026-06-03 21:30:00,0.415,valid
DE_1000,2026-06-03 21:45:00,0.492,valid
DE_1000,2026-06-03 22:00:00,0.443,valid
DE_1000,2026-06-03 22:15:00,0.417,valid
DE_1000,2026-06-03 22:30:00,0.424,valid
DE_1000,2026-06-03 22:45:00,0.421,valid
DE_1000,2026-06-03 23:00:00,0.367,valid
DE_1000,2026-06-03 23:15:00,0.483,valid
DE_1000,2026-06-03 23:30:00,0.487,valid
DE_1000,2026-06-03 23:45:00,0.457,valid
DE_1000,2026-06-04 00:00:00,0.464,valid
DE_1000,2026-06-04 00:15:00,0.519,valid
DE_1000,2026-06-04 00:30:00,0.586,valid
DE_1000,2026-06-04 00:45:00,0.502,valid
DE_1000,2026-06-04 01:00:00,0.45,valid
DE_1000,2026-06-04 01:15:00,0.445,valid
DE_1000,2026-06-04 01:30:00,0.472,valid
DE_1000,2026-06-04 01:45:00,0.412,valid
DE_1000,2026-06-04 02:00:00,0.444,valid
DE_1000,2026-06-04 02:15:00,0.453,valid
DE_1000,2026-06-04 02:30:00,0.542,valid
DE_1000,2026-06-04 02:45:00,0.497,valid
DE_1000,2026-06-04 03:00:00,0.477,valid
DE_1000,2026-06-04 03:15:00,0.389,valid
DE_1000,2026-06-04 03:30:00,0.458,valid
DE_1000,2026-06-04 03:45:00,0.368,valid
DE_1000,2026-06-04 04:00:00,0.416,valid
DE_1000,2026-06-04 04:15:00,0.421,valid
DE_1000,2026-06-04 04:30:00,0.362,valid
DE_1000,2026-06-04 04:45:00,0.5,valid
DE_1000,2026-06-04 05:00:00,0.403,valid
DE_1000,2026-06-04 05:15:00,0.28,valid
DE_1000,2026-06-04 05:30:00,0.403,valid
DE_1000,2026-06-04 05:45:00,0.355,valid
DE_1000,2026-06-04 06:00:00,0.35,valid
DE_1000,2026-06-04 06:15:00,0.373,valid
DE_1000,2026-06-04 06:30:00,0.37,valid
DE_1000,2026-06-04 06:45:00,0.248,valid
DE_1000,2026-06-04 07:00:00,0.267,valid
DE_1000,2026-06-04 07:15:00,0.364,valid
DE_1000,2026-06-04 07:30:00,0.39,valid
DE_1000,2026-06-04 07:45:00,0.42,valid
DE_1000,2026-06-04 08:00:00,0.39,valid
DE_1000,2026-06-04 08:15:00,0.197,valid
DE_1000,2026-06-04 08:30:00,0.338,valid
DE_1000,2026-06-04 08:45:00,0.204,valid
DE_1000,2026-06-04 09:00:00,0.356,valid
DE_1000,2026-06-04 09:15:00,0.288,valid
DE_1000,2026-06-04 09:30:00,0.218,valid
DE_1000,2026-06-04 09:45:00,0.375,valid
DE_1000,2026-06-04 10:00:00,0.282,valid
DE_1000,2026-06-04 10:15:00,0.155,valid
DE_1000,2026-06-04 10:30:00,0.265,valid
DE_1000,2026-06-04 10:45:00,0.213,valid
DE_1000,2026-06-04 11:00:00,0.231,valid
DE_1000,2026-06-04 11:15:00,0.202,valid
DE_1000,2026-06-04 11:30:00,0.294,valid
DE_1000,2026-06-04 11:45:00,0.154,valid
DE_1000,2026-06-04 12:00:00,0.216,valid
DE_1000,2026-06-04 12:15:00,0.291,valid
DE_1000,2026-06-04 12:30:00,0.159,valid
DE_1000,2026-06-04 12:45:00,0.211,valid
DE_1000,2026-06-04 13:00:00,0.235,valid
DE_1000,2026-06-04 13:15:00,0.191,valid
DE_1000,2026-06-04 13:30:00,0.257,valid
DE_1000,2026-06-04 13:45:00,0.23,valid
DE_1000,2026-06-04 14:00:00,0.203,valid
DE_1000,2026-06-04 14:15:00,0.338,valid
DE_1000,2026-06-04 14:30:00,0.29,valid
DE_1000,2026-06-04 14:45:00,0.242,valid
DE_1000,2026-06-04 15:00:00,0.243,valid
DE_1000,2026-06-04 15:15:00,0.236,valid
DE_1000,2026-06-04 15:30:00,0.337,valid
DE_1000,2026-06-04 15:45:00,0.268,valid
DE_1000,2026-06-04 16:00:00,0.323,valid
DE_1000,2026-06-04 16:15:00,0.291,valid
DE_1000,2026-06-04 16:30:00,0.331,valid
DE_1000,2026-06-04 16:45:00,0.294,valid
DE_1000,2026-06-04 17:00:00,0.363,valid
DE_1000,2026-06-04 17:15:00,0.316,valid
DE_1000,2026-06-04 17:30:00,0.366,valid
DE_1000,2026-06-04 17:45:00,0.359,valid
DE_1000,2026-06-04 18:00:00,0.344,valid
DE_1000,2026-06-04 18:15:00,0.307,valid
DE_1000,2026-06-04 18:30:00,0.303,valid
DE_1000,2026-06-04 18:45:00,0.313,valid
DE_1000,2026-06-04 19:00:00,0.326,valid
DE_1000,2026-06-04 19:15:00,0.418,valid
DE_1000,2026-06-04 19:30:00,0.373,valid
DE_1000,2026-06-04 19:45:00,0.454,valid
DE_1000,2026-06-04 20:00:00,0.514,valid
DE_1000,2026-06-04 20:15:00,0.401,valid
DE_1000,2026-06-04 20:30:00,0.323,valid
DE_1000,2026-06-04 20:45:00,0.381,valid
DE_1000,2026-06-04 21:00:00,0.421,valid
DE_1000,2026-06-04 21:15:00,0.351,valid
DE_1000,2026-06-04 21:30:00,0.412,valid
DE_1000,2026-06-04 21:45:00,0.439,valid
DE_1000,2026-06-04 22:00:00,0.427,valid
DE_1000,2026-06-04 22:15:00,0.412,valid
DE_1000,2026-06-04 22:30:00,0.412,valid
DE_1000,2026-06-04 22:45:00,0.539,valid
DE_1000,2026-06-04 23:00:00,0.467,valid
DE_1000,2026-06-04 23:15:00,0.434,valid
DE_1000,2026-06-04 23:30:00,0.456,valid
DE_1000,2026-06-04 23:45:00,0.523,valid
DE_1000,2026-06-05 00:00:00,0.466,valid
DE_1000,2026-06-05 00:15:00,0.524,valid
DE_1000,2026-06-05 00:30:00,0.536,valid
DE_1000,2026-06-05 00:45:00,0.537,valid
DE_1000,2026-06-05 01:00:00,0.545,valid
DE_1000,2026-06-05 01:15:00,0.447,valid
DE_1000,2026-06-05 01:30:00,0.532,valid
DE_1000,2026-06-05 01:45:00,0.435,valid
DE_1000,2026-06-05 02:00:00,0.43,valid
DE_1000,2026-06-05 02:15:00,0.51,valid
DE_1000,2026-06-05 02:30:00,0.491,valid
DE_1000,2026-06-05 02:45:00,0.45,valid
DE_1000,2026-06-05 03:00:00,0.365,valid
DE_1000,2026-06-05 03:15:00,0.453,valid
DE_1000,2026-06-05 03:30:00,0.393,valid
DE_1000,2026-06-05 03:45:00,0.379,valid
DE_1000,2026-06-05 04:00:00,0.368,valid
DE_1000,2026-06-05 04:15:00,0.412,valid
DE_1000,2026-06-05 04:30:00,0.294,valid
DE_1000,2026-06-05 04:45:00,0.418,valid
DE_1000,2026-06-05 05:00:00,0.384,valid
DE_1000,2026-06-05 05:15:00,0.346,valid
DE_1000,2026-06-05 05:30:00,0.427,valid
DE_1000,2026-06-05 05:45:00,0.406,valid
DE_1000,2026-06-05 06:00:00,0.32,valid
DE_1000,2026-06-05 06:15:00,0.316,valid
DE_1000,2026-06-05 06:30:00,0.385,valid
DE_1000,2026-06-05 06:45:00,0.274,valid
DE_1000,2026-06-05 07:00:00,0.308,valid
DE_1000,2026-06-05 07:15:00,0.293,valid
DE_1000,2026-06-05 07:30:00,0.328,valid
DE_1000,2026-06-05 07:45:00,0.336,valid
DE_1000,2026-06-05 08:00:00,0.302,valid
DE_1000,2026-06-05 08:15:00,0.357,valid
DE_1000,2026-06-05 08:30:00,0.311,valid
DE_1000,2026-06-05 08:45:00,0.284,valid
DE_1000,2026-06-05 09:00:00,0.214,valid
DE_1000,2026-06-05 09:15:00,0.311,valid
DE_1000,2026-06-05 09:30:00,0.301,valid
DE_1000,2026-06-05 09:45:00,0.348,valid
DE_1000,2026-06-05 10:00:00,0.213,valid
DE_1000,2026-06-05 10:15:00,0.251,valid
DE_1000,2026-06-05 10:30:00,0.247,valid
DE_1000,2026-06-05 10:45:00,0.246,valid
DE_1000,2026-06-05 11:00:00,0.226,valid
DE_1000,2026-06-05 11:15:00,0.139,valid
DE_1000,2026-06-05 11:30:00,0.266,valid
DE_1000,2026-06-05 11:45:00,0.258,valid
DE_1000,2026-06-05 12:00:00,0.257,valid
DE_1000,2026-06-05 12:15:00,0.312,valid
DE_1000,2026-06-05 12:30:00,0.184,valid
DE_1000,2026-06-05 12:45:00,0.198,valid
DE_1000,2026-06-05 13:00:00,0.225,valid
DE_1000,2026-06-05 13:15:00,0.322,valid
DE_1000,2026-06-05 13:30:00,0.138,valid
DE_1000,2026-06-05 13:45:00,0.249,valid
DE_1000,2026-06-05 14:00:00,0.176,valid
DE_1000,2026-06-05 14:15:00,0.121,valid
DE_1000,2026-06-05 14:30:00,0.149,valid
DE_1000,2026-06-05 14:45:00,0.181,valid
DE_1000,2026-06-05 15:00:00,0.328,valid
DE_1000,2026-06-05 15:15:00,0.232,valid
DE_1000,2026-06-05 15:30:00,0.264,valid
DE_1000,2026-06-05 16:00:00,0.331,valid
DE_1000,2026-06-05 16:15:00,0.245,valid
DE_1000,2026-06-05 16:30:00,0.366,valid
DE_1000,2026-06-05 17:00:00,0.287,valid
DE_1000,2026-06-05 17:15:00,0.331,valid
DE_1000,2026-06-05 17:30:00,0.326,valid
DE_1000,2026-06-05 17:45:00,0.396,valid
DE_1000,2026-06-05 18:00:00,0.356,valid
DE_1000,2026-06-05 18:15:00,0.29,valid
DE_1000,2026-06-05 18:30:00,0.322,valid
DE_1000,2026-06-05 18:45:00,0.321,valid
DE_1000,2026-06-05 19:00:00,0.411,valid
DE_1000,2026-06-05 19:15:00,0.394,valid
DE_1000,2026-06-05 19:30:00,0.369,valid
DE_1000,2026-06-05 19:45:00,0.418,valid
DE_1000,2026-06-05 20:00:00,0.374,valid
DE_1000,2026-06-05 20:15:00,0.393,valid
DE_1000,2026-06-05 20:30:00,0.409,valid
DE_1000,2026-06-05 20:45:00,0.476,valid
DE_1000,2026-06-05 21:00:00,0.42,valid
DE_1000,2026-06-05 21:15:00,0.407,valid
DE_1000,2026-06-05 21:30:00,0.373,valid
DE_1000,2026-06-05 21:45:00,0.459,valid
DE_1000,2026-06-05 22:00:00,0.421,valid
DE_1000,2026-06-05 22:15:00,0.467,valid
DE_1000,2026-06-05 22:45:00,0.502,valid
DE_1000,2026-06-05 23:00:00,0.408,valid
DE_1000,2026-06-05 23:15:00,0.436,valid
DE_1000,2026-06-05 23:30:00,0.528,valid
DE_1000,2026-06-05 23:52:00,0.408,valid
DE_1000,2026-06-06 00:00:00,0.496,valid
DE_1000,2026-06-06 00:15:00,0.504,valid
DE_1000,2026-06-06 00:30:00,0.45,valid
DE_1000,2026-06-06 00:45:00,0.567,valid
DE_1000,2026-06-06 01:00:00,0.55,valid
DE_1000,2026-06-06 01:15:00,0.376,valid
DE_1000,2026-06-06 01:30:00,0.403,valid
DE_1000,2026-06-06 01:45:00,0.515,valid
DE_1000,2026-06-06 02:00:00,0.385,valid
DE_1000,2026-06-06 02:15:00,0.431,valid
DE_1000,2026-06-06 02:30:00,0.456,valid
DE_1000,2026-06-06 02:45:00,0.485,valid
DE_1000,2026-06-06 03:00:00,0.414,valid
DE_1000,2026-06-06 03:15:00,0.43,valid
DE_1000,2026-06-06 03:30:00,0.386,valid
DE_1000,2026-06-06 03:45:00,0.49,valid
DE_1000,2026-06-06 04:00:00,0.375,valid
DE_1000,2026-06-06 04:15:00,0.417,valid
DE_1000,2026-06-06 04:30:00,0.374,valid
DE_1000,2026-06-06 04:45:00,0.405,valid
DE_1000,2026-06-06 05:00:00,0.367,valid
DE_1000,2026-06-06 05:15:00,0.367,valid
DE_1000,2026-06-06 05:30:00,0.324,valid
DE_1000,2026-06-06 05:45:00,0.415,valid
DE_1000,2026-06-06 06:00:00,0.421,valid
DE_1000,2026-06-06 06:15:00,0.362,valid
DE_1000,2026-06-06 06:30:00,0.387,valid
DE_1000,2026-06-06 06:45:00,0.392,valid
DE_1000,2026-06-06 07:00:00,0.371,valid
DE_1000,2026-06-06 07:15:00,0.34,valid
DE_1000,2026-06-06 07:30:00,0.336,valid
DE_1000,2026-06-06 07:45:00,0.368,valid
DE_1000,2026-06-06 08:00:00,0.303,valid
DE_1000,2026-06-06 08:15:00,0.251,valid
DE_1000,2026-06-06 08:30:00,0.301,valid
DE_1000,2026-06-06 08:45:00,0.206,valid
DE_1000,2026-06-06 09:00:00,0.275,valid
DE_1000,2026-06-06 09:15:00,0.296,valid
DE_1000,2026-06-06 09:30:00,0.337,valid
DE_1000,2026-06-06 09:45:00,0.283,valid
DE_1000,2026-06-06 10:00:00,0.296,valid
DE_1000,2026-06-06 10:15:00,0.25,valid
DE_1000,2026-06-06 10:30:00,0.199,valid
DE_1000,2026-06-06 10:45:00,0.179,valid
DE_1000,2026-06-06 11:00:00,0.177,valid
DE_1000,2026-06-06 11:15:00,0.157,valid
DE_1000,2026-06-06 11:30:00,0.257,valid
DE_1000,2026-06-06 11:45:00,0.215,valid
DE_1000,2026-06-06 12:00:00,0.229,valid
DE_1000,2026-06-06 12:15:00,0.204,valid
DE_1000,2026-06-06 12:30:00,0.252,valid
DE_1000,2026-06-06 12:45:00,0.253,valid
DE_1000,2026-06-06 13:00:00,0.193,valid
DE_1000,2026-06-06 13:15:00,0.211,valid
DE_1000,2026-06-06 13:30:00,0.198,valid
DE_1000,2026-06-06 13:45:00,0.144,valid
DE_1000,2026-06-06 14:00:00,0.284,valid
DE_1000,2026-06-06 14:15:00,0.309,valid
DE_1000,2026-06-06 14:30:00,0.25,valid
DE_1000,2026-06-06 14:45:00,0.225,valid
DE_1000,2026-06-06 15:00:00,0.33,valid
DE_1000,2026-06-06 15:15:00,0.158,valid
DE_1000,2026-06-06 15:30:00,0.284,valid
DE_1000,2026-06-06 15:45:00,0.282,valid
DE_1000,2026-06-06 16:00:00,0.271,valid
DE_1000,2026-06-06 16:15:00,0.37,valid
DE_1000,2026-06-06 16:30:00,0.349,valid
DE_1000,2026-06-06 16:45:00,0.287,valid
DE_1000,2026-06-06 17:00:00,0.321,valid
DE_1000,2026-06-06 17:15:00,0.306,valid
DE_1000,2026-06-06 17:30:00,0.299,valid
DE_1000,2026-06-06 17:45:00,0.26,valid
DE_1000,2026-06-06 18:00:00,0.419,valid
DE_1000,2026-06-06 18:15:00,0.401,valid
DE_1000,2026-06-06 18:30:00,0.39,valid
DE_1000,2026-06-06 18:45:00,0.295,valid
DE_1000,2026-06-06 19:00:00,0.479,valid
DE_1000,2026-06-06 19:15:00,0.474,valid
DE_1000,2026-06-06 19:30:00,0.384,valid
DE_1000,2026-06-06 19:45:00,0.33,valid
DE_1000,2026-06-06 20:00:00,0.357,valid
DE_1000,2026-06-06 20:15:00,0.421,valid
DE_1000,2026-06-06 20:30:00,0.354,valid
DE_1000,2026-06-06 20:45:00,0.398,valid
DE_1000,2026-06-06 21:00:00,0.479,valid
DE_1000,2026-06-06 21:15:00,0.35,valid
DE_1000,2026-06-06 21:30:00,0.525,valid
DE_1000,2026-06-06 21:45:00,0.503,valid
DE_1000,2026-06-06 22:00:00,0.388,valid
DE_1000,2026-06-06 22:15:00,0.379,valid
DE_1000,2026-06-06 22:30:00,0.436,valid
DE_1000,2026-06-06 22:45:00,0.398,valid
DE_1000,2026-06-06 23:00:00,0.462,valid
DE_1000,2026-06-06 23:15:00,0.346,valid
DE_1000,2026-06-06 23:30:00,0.464,valid
DE_1000,2026-06-06 23:45:00,0.565,valid
DE_1000,2026-06-07 00:00:00,0.444,valid
DE_1000,2026-06-07 00:15:00,0.486,valid
DE_1000,2026-06-07 00:30:00,0.426,valid
DE_1000,2026-06-07 00:45:00,0.532,valid
DE_1000,2026-06-07 01:00:00,0.464,valid
DE_1000,2026-06-07 01:15:00,0.572,valid
DE_1000,2026-06-07 01:30:00,0.485,valid
DE_1000,2026-06-07 01:45:00,0.456,valid
DE_1000,2026-06-07 02:00:00,0.478,valid
DE_1000,2026-06-07 02:15:00,0.425,valid
DE_1000,2026-06-07 02:30:00,0.383,valid
DE_1000,2026-06-07 02:45:00,0.465,valid
DE_1000,2026-06-07 03:00:00,0.416,valid
DE_1000,2026-06-07 03:15:00,0.433,valid
DE_1000,2026-06-07 03:30:00,0.444,valid
DE_1000,2026-06-07 03:45:00,0.399,valid
DE_1000,2026-06-07 04:00:00,0.421,valid
DE_1000,2026-06-07 04:15:00,0.487,valid
DE_1000,2026-06-07 04:30:00,0.345,valid
DE_1000,2026-06-07 04:45:00,0.487,valid
DE_1000,2026-06-07 05:00:00,0.363,valid
DE_1000,2026-06-07 05:15:00,0.337,valid
DE_1000,2026-06-07 05:30:00,0.496,valid
DE_1000,2026-06-07 05:45:00,0.383,valid
DE_1000,2026-06-07 06:00:00,0.419,valid
DE_1000,2026-06-07 06:15:00,0.391,valid
DE_1000,2026-06-07 06:30:00,0.266,valid
DE_1000,2026-06-07 06:45:00,0.356,valid
DE_1000,2026-06-07 07:00:00,0.299,valid
DE_1000,2026-06-07 07:15:00,0.258,valid
DE_1000,2026-06-07 07:30:00,0.236,valid
DE_1000,2026-06-07 07:45:00,0.33,valid
DE_1000,2026-06-07 08:00:00,0.33,valid
DE_1000,2026-06-07 08:15:00,0.32,valid
DE_1000,2026-06-07 08:30:00,0.285,valid
DE_1000,2026-06-07 08:45:00,0.26,valid
DE_1000,2026-06-07 09:00:00,0.226,valid
DE_1000,2026-06-07 09:00:00,0.226,valid
DE_1000,2026-06-07 09:15:00,0.247,valid
DE_1000,2026-06-07 09:30:00,0.223,valid
DE_1000,2026-06-07 09:45:00,0.265,valid
DE_1000,2026-06-07 10:00:00,0.249,valid
DE_1000,2026-06-07 10:15:00,0.205,valid
DE_1000,2026-06-07 10:30:00,0.238,valid
DE_1000,2026-06-07 10:45:00,0.212,valid
DE_1000,2026-06-07 11:00:00,0.225,valid
DE_1000,2026-06-07 11:15:00,0.25,valid
DE_1000,2026-06-07 11:30:00,0.234,valid
DE_1000,2026-06-07 11:45:00,0.249,valid
DE_1000,2026-06-07 12:00:00,0.117,valid
DE_1000,2026-06-07 12:15:00,0.181,valid
DE_1000,2026-06-07 12:30:00,0.214,valid
DE_1000,2026-06-07 12:45:00,0.232,valid
DE_1000,2026-06-07 13:00:00,0.145,valid
DE_1000,2026-06-07 13:15:00,0.233,valid
DE_1000,2026-06-07 13:30:00,0.285,valid
DE_1000,2026-06-07 13:45:00,0.216,valid
DE_1000,2026-06-07 14:00:00,0.245,valid
DE_1000,2026-06-07 14:15:00,0.273,valid
DE_1000,2026-06-07 14:30:00,0.262,valid
DE_1000,2026-06-07 14:45:00,0.284,valid
DE_1000,2026-06-07 15:00:00,0.279,valid
DE_1000,2026-06-07 15:15:00,0.283,valid
DE_1000,2026-06-07 15:30:00,0.236,valid
DE_1000,2026-06-07 15:45:00,0.266,valid
DE_1000,2026-06-07 16:00:00,0.363,valid
DE_1000,2026-06-07 16:15:00,0.29,valid
DE_1000,2026-06-07 16:30:00,0.292,valid
DE_1000,2026-06-07 16:45:00,0.275,valid
DE_1000,2026-06-07 17:00:00,0.364,valid
DE_1000,2026-06-07 17:15:00,0.282,valid
DE_1000,2026-06-07 17:30:00,0.371,valid
DE_1000,2026-06-07 17:45:00,0.278,valid
DE_1000,2026-06-07 18:00:00,0.297,valid
DE_1000,2026-06-07 18:15:00,0.36,valid
DE_1000,2026-06-07 18:30:00,0.357,valid
DE_1000,2026-06-07 18:45:00,0.365,valid
DE_1000,2026-06-07 19:00:00,0.428,valid
DE_1000,2026-06-07 19:15:00,0.354,valid
DE_1000,2026-06-07 19:30:00,0.397,valid
DE_1000,2026-06-07 19:45:00,0.33,valid
DE_1000,2026-06-07 20:00:00,0.463,valid
DE_1000,2026-06-07 20:15:00,0.432,valid
DE_1000,2026-06-07 20:30:00,0.427,valid
DE_1000,2026-06-07 20:45:00,0.409,valid
DE_1000,2026-06-07 21:00:00,0.386,valid
DE_1000,2026-06-07 21:15:00,0.409,valid
DE_1000,2026-06-07 21:30:00,0.45,valid
DE_1000,2026-06-07 21:45:00,0.424,valid
DE_1000,2026-06-07 22:00:00,0.456,valid
DE_1000,2026-06-07 22:15:00,0.382,valid
DE_1000,2026-06-07 22:30:00,0.459,valid
DE_1000,2026-06-07 22:45:00,0.415,valid
DE_1000,2026-06-07 23:00:00,0.421,valid
DE_1000,2026-06-07 23:15:00,0.467,valid
DE_1000,2026-06-07 23:30:00,0.382,valid
DE_1000,2026-06-07 23:45:00,0.51,valid
DE_1001,2026-06-01 00:00:00,0.543,valid
DE_1001,2026-06-01 00:15:00,0.497,valid
DE_1001,2026-06-01 00:30:00,0.45,valid
DE_1001,2026-06-01 00:45:00,0.453,valid
DE_1001,2026-06-01 01:00:00,0.467,valid
DE_1001,2026-06-01 01:15:00,0.354,valid
DE_1001,2026-06-01 01:30:00,0.484,valid
DE_1001,2026-06-01 01:45:00,0.508,valid
DE_1001,2026-06-01 02:00:00,0.434,valid
DE_1001,2026-06-01 02:15:00,0.425,valid
DE_1001,2026-06-01 02:30:00,0.459,valid
DE_1001,2026-06-01 02:45:00,0.468,valid
DE_1001,2026-06-01 03:00:00,0.48,valid
DE_1001,2026-06-01 03:15:00,0.426,valid
DE_1001,2026-06-01 03:30:00,0.391,valid
DE_1001,2026-06-01 03:45:00,0.402,valid
DE_1001,2026-06-01 04:00:00,0.409,valid
DE_1001,2026-06-01 04:15:00,0.478,valid
DE_1001,2026-06-01 04:30:00,0.384,valid
DE_1001,2026-06-01 04:45:00,0.347,valid
DE_1001,2026-06-01 05:00:00,0.331,valid
DE_1001,2026-06-01 05:15:00,0.27,valid
DE_1001,2026-06-01 05:30:00,0.391,valid
DE_1001,2026-06-01 05:45:00,0.307,valid
DE_1001,2026-06-01 06:00:00,0.288,valid
DE_1001,2026-06-01 06:15:00,0.251,valid
DE_1001,2026-06-01 06:30:00,0.294,valid
DE_1001,2026-06-01 06:45:00,0.378,valid
DE_1001,2026-06-01 07:00:00,0.259,valid
DE_1001,2026-06-01 07:15:00,0.238,valid
DE_1001,2026-06-01 07:15:00,0.238,valid
DE_1001,2026-06-01 07:30:00,0.334,valid
DE_1001,2026-06-01 07:45:00,0.308,valid
DE_1001,2026-06-01 08:00:00,0.322,valid
DE_1001,2026-06-01 08:15:00,0.337,valid
DE_1001,2026-06-01 08:30:00,0.3,valid
DE_1001,2026-06-01 08:45:00,0.235,valid
DE_1001,2026-06-01 09:00:00,0.269,valid
DE_1001,2026-06-01 09:15:00,0.3,valid
DE_1001,2026-06-01 09:30:00,0.246,valid
DE_1001,2026-06-01 09:45:00,0.203,valid
DE_1001,2026-06-01 10:00:00,0.305,valid
DE_1001,2026-06-01 10:15:00,0.229,valid
DE_1001,2026-06-01 10:30:00,0.23,valid
DE_1001,2026-06-01 10:45:00,0.251,valid
DE_1001,2026-06-01 11:00:00,0.277,valid
DE_1001,2026-06-01 11:15:00,0.238,valid
DE_1001,2026-06-01 11:30:00,0.208,valid
DE_1001,2026-06-01 11:45:00,0.259,valid
DE_1001,2026-06-01 12:00:00,0.307,valid
DE_1001,2026-06-01 12:15:00,0.269,valid
DE_1001,2026-06-01 12:30:00,0.234,valid
DE_1001,2026-06-01 12:45:00,0.144,valid
DE_1001,2026-06-01 13:00:00,0.413,valid
DE_1001,2026-06-01 13:15:00,0.165,valid
DE_1001,2026-06-01 13:30:00,0.206,valid
DE_1001,2026-06-01 13:45:00,0.19,valid
DE_1001,2026-06-01 14:00:00,0.331,valid
DE_1001,2026-06-01 14:15:00,0.271,valid
DE_1001,2026-06-01 14:30:00,0.179,valid
DE_1001,2026-06-01 14:45:00,0.263,valid
DE_1001,2026-06-01 15:00:00,0.302,valid
DE_1001,2026-06-01 15:15:00,0.259,valid
DE_1001,2026-06-01 15:30:00,0.214,valid
DE_1001,2026-06-01 15:45:00,0.239,valid
DE_1001,2026-06-01 16:00:00,0.278,valid
DE_1001,2026-06-01 16:15:00,0.301,valid
DE_1001,2026-06-01 16:45:00,0.337,valid
DE_1001,2026-06-01 17:00:00,0.278,valid
DE_1001,2026-06-01 17:15:00,0.238,valid
DE_1001,2026-06-01 17:30:00,0.288,valid
DE_1001,2026-06-01 17:45:00,0.392,valid
DE_1001,2026-06-01 18:00:00,0.321,valid
DE_1001,2026-06-01 18:15:00,0.467,valid
DE_1001,2026-06-01 18:30:00,0.375,valid
DE_1001,2026-06-01 18:45:00,0.292,valid
DE_1001,2026-06-01 19:00:00,0.333,valid
DE_1001,2026-06-01 19:15:00,0.387,valid
DE_1001,2026-06-01 19:30:00,0.316,valid
DE_1001,2026-06-01 19:45:00,0.494,valid
DE_1001,2026-06-01 20:00:00,0.35,valid
DE_1001,2026-06-01 20:15:00,0.434,valid
DE_1001,2026-06-01 20:30:00,0.473,valid
DE_1001,2026-06-01 20:45:00,0.395,valid
DE_1001,2026-06-01 21:00:00,0.375,valid
DE_1001,2026-06-01 21:15:00,0.411,valid
DE_1001,2026-06-01 21:30:00,0.443,valid
DE_1001,2026-06-01 21:45:00,0.469,valid
DE_1001,2026-06-01 22:00:00,0.453,valid
DE_1001,2026-06-01 22:15:00,0.38,valid
DE_1001,2026-06-01 22:30:00,0.452,valid
DE_1001,2026-06-01 22:45:00,0.416,valid
DE_1001,2026-06-01 23:00:00,0.366,valid
DE_1001,2026-06-01 23:15:00,0.44,valid
DE_1001,2026-06-01 23:30:00,0.403,valid
DE_1001,2026-06-01 23:45:00,0.504,valid
DE_1001,2026-06-02 00:00:00,0.597,valid
DE_1001,2026-06-02 00:15:00,0.593,valid
DE_1001,2026-06-02 00:30:00,0.471,valid
DE_1001,2026-06-02 00:45:00,0.477,valid
DE_1001,2026-06-02 01:00:00,0.509,valid
DE_1001,2026-06-02 01:15:00,0.528,valid
DE_1001,2026-06-02 01:30:00,0.454,valid
DE_1001,2026-06-02 01:45:00,0.468,valid
DE_1001,2026-06-02 02:00:00,0.56,valid
DE_1001,2026-06-02 02:15:00,0.445,valid
DE_1001,2026-06-02 02:30:00,0.426,valid
DE_1001,2026-06-02 02:45:00,0.456,valid
DE_1001,2026-06-02 03:00:00,0.454,valid
DE_1001,2026-06-02 03:15:00,0.374,valid
DE_1001,2026-06-02 03:30:00,0.413,valid
DE_1001,2026-06-02 03:45:00,0.367,valid
DE_1001,2026-06-02 04:00:00,0.386,valid
DE_1001,2026-06-02 04:15:00,0.494,valid
DE_1001,2026-06-02 04:30:00,0.437,valid
DE_1001,2026-06-02 04:45:00,0.395,valid
DE_1001,2026-06-02 05:00:00,0.328,valid
DE_1001,2026-06-02 05:15:00,0.359,valid
DE_1001,2026-06-02 05:30:00,0.428,valid
DE_1001,2026-06-02 05:45:00,0.347,valid
DE_1001,2026-06-02 06:00:00,0.423,valid
DE_1001,2026-06-02 06:15:00,0.281,valid
DE_1001,2026-06-02 06:30:00,0.335,valid
DE_1001,2026-06-02 06:45:00,0.437,valid
DE_1001,2026-06-02 07:00:00,0.225,valid
DE_1001,2026-06-02 07:15:00,0.384,valid
DE_1001,2026-06-02 07:30:00,0.232,valid
DE_1001,2026-06-02 07:45:00,0.32,valid
DE_1001,2026-06-02 08:00:00,0.291,valid
DE_1001,2026-06-02 08:15:00,0.341,valid
DE_1001,2026-06-02 08:30:00,0.142,valid
DE_1001,2026-06-02 08:45:00,0.204,valid
DE_1001,2026-06-02 09:00:00,0.247,valid
DE_1001,2026-06-02 09:15:00,0.277,valid
DE_1001,2026-06-02 09:30:00,0.23,valid
DE_1001,2026-06-02 09:45:00,0.264,valid
DE_1001,2026-06-02 10:00:00,0.191,valid
DE_1001,2026-06-02 10:15:00,0.23,valid
DE_1001,2026-06-02 10:30:00,0.208,valid
DE_1001,2026-06-02 10:45:00,0.262,valid
DE_1001,2026-06-02 11:00:00,0.254,valid
DE_1001,2026-06-02 11:15:00,0.297,valid
DE_1001,2026-06-02 11:30:00,0.192,valid
DE_1001,2026-06-02 11:45:00,0.209,valid
DE_1001,2026-06-02 12:00:00,0.202,valid
DE_1001,2026-06-02 12:15:00,0.185,valid
DE_1001,2026-06-02 12:30:00,0.197,valid
DE_1001,2026-06-02 12:45:00,0.122,valid
DE_1001,2026-06-02 13:00:00,0.244,valid
DE_1001,2026-06-02 13:15:00,0.179,valid
DE_1001,2026-06-02 13:30:00,0.177,valid
DE_1001,2026-06-02 13:45:00,0.146,valid
DE_1001,2026-06-02 14:00:00,0.308,valid
DE_1001,2026-06-02 14:15:00,0.243,valid
DE_1001,2026-06-02 14:30:00,0.307,valid
DE_1001,2026-06-02 14:45:00,0.264,valid
DE_1001,2026-06-02 15:15:00,0.221,valid
DE_1001,2026-06-02 15:30:00,0.313,valid
DE_1001,2026-06-02 15:45:00,0.237,valid
DE_1001,2026-06-02 16:00:00,0.245,valid
DE_1001,2026-06-02 16:15:00,0.291,valid
DE_1001,2026-06-02 16:30:00,0.291,valid
DE_1001,2026-06-02 16:45:00,0.249,valid
DE_1001,2026-06-02 17:00:00,0.309,valid
DE_1001,2026-06-02 17:15:00,0.301,valid
DE_1001,2026-06-02 17:30:00,0.196,valid
DE_1001,2026-06-02 17:45:00,0.35,valid
DE_1001,2026-06-02 18:00:00,0.309,valid
DE_1001,2026-06-02 18:15:00,0.415,valid
DE_1001,2026-06-02 18:30:00,0.292,valid
DE_1001,2026-06-02 18:45:00,0.271,valid
DE_1001,2026-06-02 19:00:00,0.434,valid
DE_1001,2026-06-02 19:15:00,0.296,valid
DE_1001,2026-06-02 19:30:00,0.343,valid
DE_1001,2026-06-02 19:45:00,0.405,valid
DE_1001,2026-06-02 20:00:00,0.384,valid
DE_1001,2026-06-02 20:15:00,0.317,valid
DE_1001,2026-06-02 20:30:00,0.409,valid
DE_1001,2026-06-02 20:45:00,0.39,valid
DE_1001,2026-06-02 21:00:00,0.489,valid
DE_1001,2026-06-02 21:15:00,0.454,valid
DE_1001,2026-06-02 21:30:00,0.577,valid
DE_1001,2026-06-02 21:45:00,0.343,valid
DE_1001,2026-06-02 22:00:00,0.449,valid
DE_1001,2026-06-02 22:15:00,0.397,valid
DE_1001,2026-06-02 22:30:00,0.508,valid
DE_1001,2026-06-02 22:45:00,0.491,valid
DE_1001,2026-06-02 23:00:00,0.513,valid
DE_1001,2026-06-02 23:15:00,0.436,valid
DE_1001,2026-06-02 23:30:00,0.438,valid
DE_1001,2026-06-02 23:45:00,0.374,valid
DE_1001,2026-06-03 00:00:00,0.585,valid
DE_1001,2026-06-03 00:15:00,0.525,valid
DE_1001,2026-06-03 00:30:00,0.487,valid
DE_1001,2026-06-03 00:45:00,0.547,valid
DE_1001,2026-06-03 01:00:00,0.513,valid
DE_1001,2026-06-03 01:15:00,0.524,valid
DE_1001,2026-06-03 01:30:00,0.394,valid
DE_1001,2026-06-03 01:45:00,0.439,valid
DE_1001,2026-06-03 02:00:00,0.46,valid
DE_1001,2026-06-03 02:15:00,0.468,valid
DE_1001,2026-06-03 02:30:00,0.498,valid
DE_1001,2026-06-03 02:45:00,0.4,valid
DE_1001,2026-06-03 03:00:00,0.431,valid
DE_1001,2026-06-03 03:15:00,0.535,valid
DE_1001,2026-06-03 03:30:00,0.46,valid
DE_1001,2026-06-03 03:45:00,0.469,valid
DE_1001,2026-06-03 04:00:00,0.399,valid
DE_1001,2026-06-03 04:15:00,0.438,valid
DE_1001,2026-06-03 04:30:00,0.49,valid
DE_1001,2026-06-03 04:45:00,0.405,valid
DE_1001,2026-06-03 05:00:00,0.436,valid
DE_1001,2026-06-03 05:15:00,0.331,valid
DE_1001,2026-06-03 05:30:00,0.405,valid
DE_1001,2026-06-03 05:45:00,0.42,valid
DE_1001,2026-06-03 06:00:00,0.312,valid
DE_1001,2026-06-03 06:15:00,0.405,valid
DE_1001,2026-06-03 06:30:00,0.316,valid
DE_1001,2026-06-03 06:45:00,0.31,valid
DE_1001,2026-06-03 07:00:00,0.325,valid
DE_1001,2026-06-03 07:15:00,46.411,valid
DE_1001,2026-06-03 07:30:00,0.34,valid
DE_1001,2026-06-03 07:45:00,0.372,valid
DE_1001,2026-06-03 08:00:00,0.263,valid
DE_1001,2026-06-03 08:15:00,0.304,valid
DE_1001,2026-06-03 08:30:00,0.241,valid
DE_1001,2026-06-03 08:45:00,0.271,valid
DE_1001,2026-06-03 09:00:00,0.317,valid
DE_1001,2026-06-03 09:15:00,0.273,valid
DE_1001,2026-06-03 09:30:00,0.348,valid
DE_1001,2026-06-03 09:45:00,0.265,valid
DE_1001,2026-06-03 10:00:00,0.24,valid
DE_1001,2026-06-03 10:15:00,0.314,valid
DE_1001,2026-06-03 10:30:00,0.218,valid
DE_1001,2026-06-03 10:45:00,0.174,valid
DE_1001,2026-06-03 11:00:00,0.29,valid
DE_1001,2026-06-03 11:15:00,0.246,valid
DE_1001,2026-06-03 11:30:00,0.117,valid
DE_1001,2026-06-03 11:45:00,0.227,valid
DE_1001,2026-06-03 12:00:00,0.18,valid
DE_1001,2026-06-03 12:15:00,0.287,valid
DE_1001,2026-06-03 12:30:00,0.164,valid
DE_1001,2026-06-03 12:45:00,0.171,valid
DE_1001,2026-06-03 13:00:00,0.179,valid
DE_1001,2026-06-03 13:15:00,0.172,valid
DE_1001,2026-06-03 13:30:00,0.19,valid
DE_1001,2026-06-03 13:45:00,0.153,valid
DE_1001,2026-06-03 14:00:00,0.198,valid
DE_1001,2026-06-03 14:15:00,0.17,valid
DE_1001,2026-06-03 14:30:00,0.175,valid
DE_1001,2026-06-03 14:45:00,0.172,valid
DE_1001,2026-06-03 15:00:00,0.249,valid
DE_1001,2026-06-03 15:15:00,0.241,valid
DE_1001,2026-06-03 15:30:00,0.214,valid
DE_1001,2026-06-03 15:45:00,0.299,valid
DE_1001,2026-06-03 16:15:00,0.278,valid
DE_1001,2026-06-03 16:30:00,0.277,valid
DE_1001,2026-06-03 16:45:00,0.38,valid
DE_1001,2026-06-03 17:00:00,0.337,valid
DE_1001,2026-06-03 17:15:00,0.349,valid
DE_1001,2026-06-03 17:30:00,0.196,valid
DE_1001,2026-06-03 17:45:00,0.292,valid
DE_1001,2026-06-03 18:00:00,0.241,valid
DE_1001,2026-06-03 18:15:00,0.329,valid
DE_1001,2026-06-03 18:30:00,0.369,valid
DE_1001,2026-06-03 18:45:00,0.316,valid
DE_1001,2026-06-03 19:00:00,0.401,valid
DE_1001,2026-06-03 19:15:00,0.324,valid
DE_1001,2026-06-03 19:30:00,0.404,valid
DE_1001,2026-06-03 19:45:00,0.297,valid
DE_1001,2026-06-03 20:00:00,0.387,valid
DE_1001,2026-06-03 20:15:00,0.421,valid
DE_1001,2026-06-03 20:30:00,0.427,valid
DE_1001,2026-06-03 20:45:00,0.394,valid
DE_1001,2026-06-03 21:00:00,0.522,valid
DE_1001,2026-06-03 21:15:00,0.404,valid
DE_1001,2026-06-03 21:30:00,0.402,valid
DE_1001,2026-06-03 21:45:00,0.287,valid
DE_1001,2026-06-03 22:00:00,0.538,valid
DE_1001,2026-06-03 22:15:00,0.432,valid
DE_1001,2026-06-03 22:30:00,0.391,valid
DE_1001,2026-06-03 22:45:00,0.516,valid
DE_1001,2026-06-03 23:00:00,0.537,valid
DE_1001,2026-06-03 23:15:00,0.48,valid
DE_1001,2026-06-03 23:30:00,0.403,valid
DE_1001,2026-06-03 23:45:00,0.496,valid
DE_1001,2026-06-04 00:00:00,0.469,valid
DE_1001,2026-06-04 00:15:00,0.441,valid
DE_1001,2026-06-04 00:30:00,0.552,valid
DE_1001,2026-06-04 00:45:00,0.393,valid
DE_1001,2026-06-04 01:00:00,0.503,valid
DE_1001,2026-06-04 01:15:00,0.498,valid
DE_1001,2026-06-04 01:30:00,0.578,valid
DE_1001,2026-06-04 01:45:00,0.491,valid
DE_1001,2026-06-04 02:00:00,0.347,valid
DE_1001,2026-06-04 02:15:00,0.408,valid
DE_1001,2026-06-04 02:30:00,0.453,valid
DE_1001,2026-06-04 03:00:00,0.474,valid
DE_1001,2026-06-04 03:15:00,0.327,valid
DE_1001,2026-06-04 03:30:00,0.409,valid
DE_1001,2026-06-04 03:45:00,0.473,valid
DE_1001,2026-06-04 04:00:00,0.477,valid
DE_1001,2026-06-04 04:15:00,0.493,valid
DE_1001,2026-06-04 04:30:00,0.38,valid
DE_1001,2026-06-04 04:45:00,0.455,valid
DE_1001,2026-06-04 05:00:00,0.461,valid
DE_1001,2026-06-04 05:15:00,0.435,valid
DE_1001,2026-06-04 05:15:00,0.435,valid
DE_1001,2026-06-04 05:30:00,0.411,valid
DE_1001,2026-06-04 05:45:00,0.416,valid
DE_1001,2026-06-04 06:00:00,0.311,valid
DE_1001,2026-06-04 06:15:00,0.278,valid
DE_1001,2026-06-04 06:30:00,0.399,valid
DE_1001,2026-06-04 06:45:00,0.333,valid
DE_1001,2026-06-04 07:00:00,0.324,valid
DE_1001,2026-06-04 07:15:00,0.296,valid
DE_1001,2026-06-04 07:30:00,0.305,valid
DE_1001,2026-06-04 07:45:00,0.337,valid
DE_1001,2026-06-04 08:00:00,0.249,valid
DE_1001,2026-06-04 08:15:00,0.303,valid
DE_1001,2026-06-04 08:30:00,0.312,valid
DE_1001,2026-06-04 08:45:00,0.296,valid
DE_1001,2026-06-04 09:00:00,0.238,valid
DE_1001,2026-06-04 09:15:00,0.314,valid
DE_1001,2026-06-04 09:30:00,0.369,valid
DE_1001,2026-06-04 09:45:00,0.245,valid
DE_1001,2026-06-04 10:00:00,0.312,valid
DE_1001,2026-06-04 10:15:00,0.294,valid
DE_1001,2026-06-04 10:30:00,0.117,valid
DE_1001,2026-06-04 10:45:00,0.212,valid
DE_1001,2026-06-04 11:00:00,0.193,valid
DE_1001,2026-06-04 11:15:00,0.264,valid
DE_1001,2026-06-04 11:30:00,0.234,valid
DE_1001,2026-06-04 11:45:00,0.249,valid
DE_1001,2026-06-04 12:00:00,0.232,valid
DE_1001,2026-06-04 12:15:00,0.155,valid
DE_1001,2026-06-04 12:30:00,0.163,valid
DE_1001,2026-06-04 12:45:00,0.139,valid
DE_1001,2026-06-04 13:00:00,0.216,valid
DE_1001,2026-06-04 13:15:00,0.219,valid
DE_1001,2026-06-04 13:30:00,0.234,valid
DE_1001,2026-06-04 13:45:00,0.189,valid
DE_1001,2026-06-04 14:00:00,0.295,valid
DE_1001,2026-06-04 14:15:00,0.296,valid
DE_1001,2026-06-04 14:30:00,0.327,valid
DE_1001,2026-06-04 14:45:00,0.286,valid
DE_1001,2026-06-04 15:00:00,0.284,valid
DE_1001,2026-06-04 15:15:00,0.309,valid
DE_1001,2026-06-04 15:30:00,0.305,valid
DE_1001,2026-06-04 15:45:00,0.242,valid
DE_1001,2026-06-04 16:00:00,0.364,valid
DE_1001,2026-06-04 16:15:00,0.386,valid
DE_1001,2026-06-04 16:30:00,0.399,valid
DE_1001,2026-06-04 16:45:00,0.302,valid
DE_1001,2026-06-04 17:00:00,0.341,valid
DE_1001,2026-06-04 17:15:00,0.346,valid
DE_1001,2026-06-04 17:30:00,0.325,valid
DE_1001,2026-06-04 17:45:00,0.356,valid
DE_1001,2026-06-04 18:00:00,0.344,valid
DE_1001,2026-06-04 18:15:00,0.34,valid
DE_1001,2026-06-04 18:30:00,0.438,valid
DE_1001,2026-06-04 18:45:00,0.358,valid
DE_1001,2026-06-04 19:00:00,0.378,valid
DE_1001,2026-06-04 19:15:00,0.419,valid
DE_1001,2026-06-04 19:30:00,0.383,valid
DE_1001,2026-06-04 19:45:00,0.39,valid
DE_1001,2026-06-04 20:00:00,0.397,valid
DE_1001,2026-06-04 20:15:00,0.339,valid
DE_1001,2026-06-04 20:30:00,0.398,valid
DE_1001,2026-06-04 20:45:00,0.343,valid
DE_1001,2026-06-04 21:00:00,0.436,valid
DE_1001,2026-06-04 21:15:00,0.366,valid
DE_1001,2026-06-04 21:30:00,0.471,valid
DE_1001,2026-06-04 21:45:00,0.462,valid
DE_1001,2026-06-04 22:00:00,0.464,valid
DE_1001,2026-06-04 22:15:00,0.445,valid
DE_1001,2026-06-04 22:30:00,0.471,valid
DE_1001,2026-06-04 22:45:00,0.352,valid
DE_1001,2026-06-04 23:00:00,0.42,valid
DE_1001,2026-06-04 23:15:00,0.468,valid
DE_1001,2026-06-04 23:30:00,0.492,valid
DE_1001,2026-06-04 23:45:00,0.471,valid
DE_1001,2026-06-05 00:00:00,0.45,valid
DE_1001,2026-06-05 00:15:00,0.507,valid
DE_1001,2026-06-05 00:30:00,0.477,valid
DE_1001,2026-06-05 00:45:00,0.447,valid
DE_1001,2026-06-05 01:00:00,0.491,valid
DE_1001,2026-06-05 01:15:00,0.465,valid
DE_1001,2026-06-05 01:30:00,0.535,valid
DE_1001,2026-06-05 01:45:00,0.508,valid
DE_1001,2026-06-05 02:00:00,0.487,valid
DE_1001,2026-06-05 02:15:00,0.466,valid
DE_1001,2026-06-05 02:30:00,0.408,valid
DE_1001,2026-06-05 02:45:00,0.403,valid
DE_1001,2026-06-05 03:00:00,0.351,valid
DE_1001,2026-06-05 03:15:00,0.569,valid
DE_1001,2026-06-05 03:30:00,0.371,valid
DE_1001,2026-06-05 03:45:00,0.415,valid
DE_1001,2026-06-05 04:00:00,0.382,valid
DE_1001,2026-06-05 04:15:00,0.386,valid
DE_1001,2026-06-05 04:30:00,0.371,valid
DE_1001,2026-06-05 04:45:00,0.307,valid
DE_1001,2026-06-05 05:00:00,0.325,valid
DE_1001,2026-06-05 05:15:00,0.305,valid
DE_1001,2026-06-05 05:30:00,0.369,valid
DE_1001,2026-06-05 05:45:00,0.341,valid
DE_1001,2026-06-05 06:00:00,0.316,valid
DE_1001,2026-06-05 06:15:00,0.361,valid
DE_1001,2026-06-05 06:30:00,0.321,valid
DE_1001,2026-06-05 06:45:00,0.397,valid
DE_1001,2026-06-05 07:00:00,0.306,valid
DE_1001,2026-06-05 07:15:00,0.336,valid
DE_1001,2026-06-05 07:30:00,0.259,valid
DE_1001,2026-06-05 08:00:00,0.28,valid
DE_1001,2026-06-05 08:15:00,0.32,valid
DE_1001,2026-06-05 08:30:00,0.317,valid
DE_1001,2026-06-05 08:45:00,0.291,valid
DE_1001,2026-06-05 09:00:00,0.286,valid
DE_1001,2026-06-05 09:15:00,0.256,valid
DE_1001,2026-06-05 09:30:00,0.342,valid
DE_1001,2026-06-05 09:45:00,0.322,valid
DE_1001,2026-06-05 10:00:00,0.274,valid
DE_1001,2026-06-05 10:15:00,0.191,valid
DE_1001,2026-06-05 10:30:00,0.195,valid
DE_1001,2026-06-05 10:45:00,0.217,valid
DE_1001,2026-06-05 11:00:00,0.213,valid
DE_1001,2026-06-05 11:15:00,0.247,valid
DE_1001,2026-06-05 11:30:00,0.18,valid
DE_1001,2026-06-05 11:45:00,0.284,valid
DE_1001,2026-06-05 12:00:00,0.2,valid
DE_1001,2026-06-05 12:15:00,0.099,valid
DE_1001,2026-06-05 12:30:00,0.176,valid
DE_1001,2026-06-05 12:45:00,0.071,valid
DE_1001,2026-06-05 13:00:00,0.187,valid
DE_1001,2026-06-05 13:15:00,0.198,valid
DE_1001,2026-06-05 13:30:00,0.194,valid
DE_1001,2026-06-05 13:45:00,0.209,valid
DE_1001,2026-06-05 14:00:00,0.23,valid
DE_1001,2026-06-05 14:15:00,0.22,valid
DE_1001,2026-06-05 14:30:00,0.325,valid
DE_1001,2026-06-05 14:45:00,0.311,valid
DE_1001,2026-06-05 15:00:00,0.218,valid
DE_1001,2026-06-05 15:15:00,0.338,valid
DE_1001,2026-06-05 15:30:00,0.194,valid
DE_1001,2026-06-05 15:45:00,0.234,valid
DE_1001,2026-06-05 16:00:00,0.376,valid
DE_1001,2026-06-05 16:15:00,0.188,valid
DE_1001,2026-06-05 16:30:00,0.329,valid
DE_1001,2026-06-05 16:45:00,0.237,valid
DE_1001,2026-06-05 17:00:00,0.318,valid
DE_1001,2026-06-05 17:15:00,0.316,valid
DE_1001,2026-06-05 17:30:00,0.41,valid
DE_1001,2026-06-05 17:45:00,0.284,valid
DE_1001,2026-06-05 18:00:00,0.347,valid
DE_1001,2026-06-05 18:15:00,0.381,valid
DE_1001,2026-06-05 18:30:00,0.337,valid
DE_1001,2026-06-05 18:45:00,0.309,valid
DE_1001,2026-06-05 19:00:00,0.372,valid
DE_1001,2026-06-05 19:15:00,0.38,valid
DE_1001,2026-06-05 19:30:00,0.419,valid
DE_1001,2026-06-05 19:45:00,0.328,valid
DE_1001,2026-06-05 20:00:00,0.378,valid
DE_1001,2026-06-05 20:15:00,0.416,valid
DE_1001,2026-06-05 20:30:00,0.392,valid
DE_1001,2026-06-05 20:45:00,0.391,valid
DE_1001,2026-06-05 21:00:00,0.424,valid
DE_1001,2026-06-05 21:15:00,0.39,valid
DE_1001,2026-06-05 21:30:00,0.385,valid
DE_1001,2026-06-05 21:45:00,0.447,valid
DE_1001,2026-06-05 22:00:00,0.395,valid
DE_1001,2026-06-05 22:15:00,0.508,valid
DE_1001,2026-06-05 22:30:00,0.461,valid
DE_1001,2026-06-05 22:45:00,0.386,valid
DE_1001,2026-06-05 23:00:00,0.489,valid
DE_1001,2026-06-05 23:15:00,0.483,valid
DE_1001,2026-06-05 23:30:00,0.513,valid
DE_1001,2026-06-05 23:45:00,0.533,valid
DE_1001,2026-06-06 00:00:00,0.482,valid
DE_1001,2026-06-06 00:15:00,0.465,valid
DE_1001,2026-06-06 00:30:00,0.47,valid
DE_1001,2026-06-06 00:45:00,0.451,valid
DE_1001,2026-06-06 01:00:00,0.438,valid
DE_1001,2026-06-06 01:15:00,0.489,valid
DE_1001,2026-06-06 01:30:00,0.476,valid
DE_1001,2026-06-06 01:45:00,0.45,valid
DE_1001,2026-06-06 02:00:00,0.413,valid
DE_1001,2026-06-06 02:15:00,0.467,valid
DE_1001,2026-06-06 02:30:00,0.425,valid
DE_1001,2026-06-06 02:45:00,0.398,valid
DE_1001,2026-06-06 03:00:00,0.417,valid
DE_1001,2026-06-06 03:15:00,0.412,valid
DE_1001,2026-06-06 03:30:00,0.371,valid
DE_1001,2026-06-06 03:45:00,0.466,valid
DE_1001,2026-06-06 04:00:00,0.442,valid
DE_1001,2026-06-06 04:15:00,0.402,valid
DE_1001,2026-06-06 04:30:00,0.407,valid
DE_1001,2026-06-06 04:45:00,0.426,valid
DE_1001,2026-06-06 05:00:00,0.373,valid
DE_1001,2026-06-06 05:15:00,0.42,valid
DE_1001,2026-06-06 05:30:00,0.458,valid
DE_1001,2026-06-06 05:45:00,0.379,valid
DE_1001,2026-06-06 06:00:00,0.372,valid
DE_1001,2026-06-06 06:15:00,0.394,valid
DE_1001,2026-06-06 06:30:00,0.333,valid
DE_1001,2026-06-06 06:45:00,0.294,valid
DE_1001,2026-06-06 07:00:00,0.37,valid
DE_1001,2026-06-06 07:15:00,0.247,valid
DE_1001,2026-06-06 07:30:00,0.414,valid
DE_1001,2026-06-06 07:45:00,0.369,valid
DE_1001,2026-06-06 08:00:00,0.309,valid
DE_1001,2026-06-06 08:15:00,0.303,valid
DE_1001,2026-06-06 08:30:00,0.388,valid
DE_1001,2026-06-06 08:45:00,0.253,valid
DE_1001,2026-06-06 09:00:00,0.217,valid
DE_1001,2026-06-06 09:15:00,0.245,valid
DE_1001,2026-06-06 09:30:00,0.262,valid
DE_1001,2026-06-06 09:45:00,0.225,valid
DE_1001,2026-06-06 10:00:00,0.258,valid
DE_1001,2026-06-06 10:15:00,0.257,valid
DE_1001,2026-06-06 10:30:00,0.209,valid
DE_1001,2026-06-06 10:45:00,0.33,valid
DE_1001,2026-06-06 11:00:00,0.155,valid
DE_1001,2026-06-06 11:15:00,0.161,valid
DE_1001,2026-06-06 11:30:00,0.244,valid
DE_1001,2026-06-06 11:45:00,0.215,valid
DE_1001,2026-06-06 12:00:00,0.221,valid
DE_1001,2026-06-06 12:15:00,0.169,valid
DE_1001,2026-06-06 12:30:00,0.148,valid
DE_1001,2026-06-06 12:45:00,0.168,valid
DE_1001,2026-06-06 13:00:00,0.191,valid
DE_1001,2026-06-06 13:15:00,0.251,valid
DE_1001,2026-06-06 13:30:00,0.201,valid
DE_1001,2026-06-06 13:45:00,0.263,valid
DE_1001,2026-06-06 14:00:00,0.279,valid
DE_1001,2026-06-06 14:15:00,0.302,valid
DE_1001,2026-06-06 14:30:00,0.295,valid
DE_1001,2026-06-06 14:45:00,0.289,valid
DE_1001,2026-06-06 15:00:00,0.313,valid
DE_1001,2026-06-06 15:15:00,0.249,valid
DE_1001,2026-06-06 15:30:00,0.262,valid
DE_1001,2026-06-06 15:45:00,0.183,valid
DE_1001,2026-06-06 16:00:00,0.315,valid
DE_1001,2026-06-06 16:15:00,0.266,valid
DE_1001,2026-06-06 16:30:00,0.32,valid
DE_1001,2026-06-06 16:45:00,0.326,valid
DE_1001,2026-06-06 17:00:00,0.257,valid
DE_1001,2026-06-06 17:15:00,0.274,valid
DE_1001,2026-06-06 17:30:00,0.308,valid
DE_1001,2026-06-06 17:45:00,0.299,valid
DE_1001,2026-06-06 18:00:00,0.358,valid
DE_1001,2026-06-06 18:15:00,0.292,valid
DE_1001,2026-06-06 18:30:00,0.352,valid
DE_1001,2026-06-06 18:45:00,0.266,valid
DE_1001,2026-06-06 19:00:00,0.267,valid
DE_1001,2026-06-06 19:15:00,0.411,valid
DE_1001,2026-06-06 19:30:00,0.31,valid
DE_1001,2026-06-06 19:45:00,0.347,valid
DE_1001,2026-06-06 20:00:00,0.329,valid
DE_1001,2026-06-06 20:15:00,0.33,valid
DE_1001,2026-06-06 20:30:00,0.38,valid
DE_1001,2026-06-06 20:45:00,0.379,valid
DE_1001,2026-06-06 21:00:00,0.474,valid
DE_1001,2026-06-06 21:15:00,0.447,valid
DE_1001,2026-06-06 21:30:00,0.412,valid
DE_1001,2026-06-06 21:45:00,0.463,valid
DE_1001,2026-06-06 22:00:00,0.506,valid
DE_1001,2026-06-06 22:15:00,0.471,valid
DE_1001,2026-06-06 22:30:00,0.43,valid
DE_1001,2026-06-06 22:45:00,0.501,valid
DE_1001,2026-06-06 23:00:00,0.563,valid
DE_1001,2026-06-06 23:15:00,0.508,valid
DE_1001,2026-06-06 23:30:00,0.564,valid
DE_1001,2026-06-06 23:45:00,0.521,valid
DE_1001,2026-06-07 00:00:00,0.542,valid
DE_1001,2026-06-07 00:15:00,0.445,valid
DE_1001,2026-06-07 00:30:00,0.444,valid
DE_1001,2026-06-07 00:45:00,0.498,valid
DE_1001,2026-06-07 01:00:00,0.392,valid
DE_1001,2026-06-07 01:15:00,0.445,valid
DE_1001,2026-06-07 01:30:00,0.518,valid
DE_1001,2026-06-07 01:45:00,0.442,valid
DE_1001,2026-06-07 02:00:00,0.477,valid
DE_1001,2026-06-07 02:15:00,0.382,valid
DE_1001,2026-06-07 02:30:00,0.425,valid
DE_1001,2026-06-07 02:45:00,0.501,valid
DE_1001,2026-06-07 03:00:00,0.435,valid
DE_1001,2026-06-07 03:15:00,0.44,valid
DE_1001,2026-06-07 03:30:00,0.51,valid
DE_1001,2026-06-07 03:45:00,0.49,valid
DE_1001,2026-06-07 04:00:00,0.356,valid
DE_1001,2026-06-07 04:15:00,0.466,valid
DE_1001,2026-06-07 04:30:00,0.369,valid
DE_1001,2026-06-07 04:45:00,0.399,valid
DE_1001,2026-06-07 05:00:00,0.376,valid
DE_1001,2026-06-07 05:15:00,0.429,valid
DE_1001,2026-06-07 05:30:00,0.319,valid
DE_1001,2026-06-07 05:45:00,0.398,valid
DE_1001,2026-06-07 06:00:00,0.376,valid
DE_1001,2026-06-07 06:15:00,0.391,valid
DE_1001,2026-06-07 06:30:00,0.339,valid
DE_1001,2026-06-07 06:45:00,0.4,valid
DE_1001,2026-06-07 07:00:00,0.289,valid
DE_1001,2026-06-07 07:15:00,0.382,valid
DE_1001,2026-06-07 07:30:00,0.343,valid
DE_1001,2026-06-07 07:45:00,0.255,valid
DE_1001,2026-06-07 08:00:00,0.32,valid
DE_1001,2026-06-07 08:15:00,0.309,valid
DE_1001,2026-06-07 08:30:00,0.282,valid
DE_1001,2026-06-07 08:45:00,0.263,valid
DE_1001,2026-06-07 09:00:00,0.263,valid
DE_1001,2026-06-07 09:15:00,0.203,valid
DE_1001,2026-06-07 09:30:00,0.36,valid
DE_1001,2026-06-07 09:45:00,0.219,valid
DE_1001,2026-06-07 10:00:00,0.217,valid
DE_1001,2026-06-07 10:15:00,0.307,valid
DE_1001,2026-06-07 10:30:00,0.279,valid
DE_1001,2026-06-07 10:45:00,0.286,valid
DE_1001,2026-06-07 11:00:00,0.301,valid
DE_1001,2026-06-07 11:15:00,0.209,valid
DE_1001,2026-06-07 11:30:00,0.173,valid
DE_1001,2026-06-07 11:45:00,0.267,valid
DE_1001,2026-06-07 12:00:00,0.24,valid
DE_1001,2026-06-07 12:15:00,0.184,valid
DE_1001,2026-06-07 12:30:00,0.137,valid
DE_1001,2026-06-07 12:45:00,0.262,valid
DE_1001,2026-06-07 13:00:00,0.254,valid
DE_1001,2026-06-07 13:15:00,0.156,valid
DE_1001,2026-06-07 13:30:00,0.264,valid
DE_1001,2026-06-07 13:45:00,0.153,valid
DE_1001,2026-06-07 14:00:00,0.226,valid
DE_1001,2026-06-07 14:15:00,0.194,valid
DE_1001,2026-06-07 14:30:00,0.218,valid
DE_1001,2026-06-07 14:45:00,0.208,valid
DE_1001,2026-06-07 15:00:00,0.244,valid
DE_1001,2026-06-07 15:15:00,0.311,valid
DE_1001,2026-06-07 15:30:00,0.29,valid
DE_1001,2026-06-07 15:45:00,0.306,valid
DE_1001,2026-06-07 16:00:00,0.355,valid
DE_1001,2026-06-07 16:15:00,0.281,valid
DE_1001,2026-06-07 16:30:00,0.304,valid
DE_1001,2026-06-07 16:45:00,0.327,valid
DE_1001,2026-06-07 17:00:00,0.41,valid
DE_1001,2026-06-07 17:15:00,0.37,valid
DE_1001,2026-06-07 17:30:00,0.394,valid
DE_1001,2026-06-07 17:45:00,0.376,valid
DE_1001,2026-06-07 18:00:00,0.403,valid
DE_1001,2026-06-07 18:15:00,0.261,valid
DE_1001,2026-06-07 18:30:00,0.394,valid
DE_1001,2026-06-07 18:45:00,0.361,valid
DE_1001,2026-06-07 19:00:00,0.378,valid
DE_1001,2026-06-07 19:15:00,0.349,valid
DE_1001,2026-06-07 19:30:00,0.354,valid
DE_1001,2026-06-07 19:45:00,0.396,valid
DE_1001,2026-06-07 20:00:00,0.442,valid
DE_1001,2026-06-07 20:15:00,0.325,valid
DE_1001,2026-06-07 20:30:00,0.411,valid
DE_1001,2026-06-07 20:45:00,0.372,valid
DE_1001,2026-06-07 21:00:00,0.377,valid
DE_1001,2026-06-07 21:15:00,0.445,valid
DE_1001,2026-06-07 21:30:00,0.409,valid
DE_1001,2026-06-07 21:45:00,0.392,valid
DE_1001,2026-06-07 22:00:00,0.412,valid
DE_1001,2026-06-07 22:15:00,0.464,valid
DE_1001,2026-06-07 22:30:00,0.449,valid
DE_1001,2026-06-07 22:45:00,0.395,valid
DE_1001,2026-06-07 23:00:00,0.433,valid
DE_1001,2026-06-07 23:15:00,0.466,valid
DE_1001,2026-06-07 23:30:00,0.495,valid
DE_1001,2026-06-07 23:45:00,0.423,valid
DE_1002,2026-06-01 00:00:00,0.524,valid
DE_1002,2026-06-01 00:15:00,0.459,valid
DE_1002,2026-06-01 00:30:00,0.636,valid
DE_1002,2026-06-01 00:45:00,0.453,valid
DE_1002,2026-06-01 01:00:00,0.435,valid
DE_1002,2026-06-01 01:15:00,0.485,valid
DE_1002,2026-06-01 01:30:00,0.43,valid
DE_1002,2026-06-01 01:45:00,0.516,valid
DE_1002,2026-06-01 02:00:00,0.54,valid
DE_1002,2026-06-01 02:15:00,0.431,valid
DE_1002,2026-06-01 02:30:00,0.459,valid
DE_1002,2026-06-01 02:45:00,0.424,valid
DE_1002,2026-06-01 03:00:00,0.425,valid
DE_1002,2026-06-01 03:15:00,0.497,valid
DE_1002,2026-06-01 03:30:00,0.47,valid
DE_1002,2026-06-01 03:45:00,0.38,valid
DE_1002,2026-06-01 04:00:00,0.477,valid
DE_1002,2026-06-01 04:15:00,0.458,valid
DE_1002,2026-06-01 04:30:00,0.424,valid
DE_1002,2026-06-01 04:45:00,0.367,valid
DE_1002,2026-06-01 05:00:00,0.378,valid
DE_1002,2026-06-01 05:15:00,0.335,valid
DE_1002,2026-06-01 05:30:00,0.398,valid
DE_1002,2026-06-01 05:45:00,0.359,valid
DE_1002,2026-06-01 06:00:00,0.238,valid
DE_1002,2026-06-01 06:15:00,0.396,valid
DE_1002,2026-06-01 06:30:00,0.36,valid
DE_1002,2026-06-01 06:45:00,0.404,valid
DE_1002,2026-06-01 07:00:00,0.318,valid
DE_1002,2026-06-01 07:15:00,0.334,valid
DE_1002,2026-06-01 07:30:00,0.381,valid
DE_1002,2026-06-01 07:45:00,0.344,valid
DE_1002,2026-06-01 08:00:00,0.314,valid
DE_1002,2026-06-01 08:15:00,0.461,valid
DE_1002,2026-06-01 08:30:00,0.292,valid
DE_1002,2026-06-01 08:45:00,0.308,valid
DE_1002,2026-06-01 09:00:00,0.362,valid
DE_1002,2026-06-01 09:15:00,0.235,valid
DE_1002,2026-06-01 09:30:00,0.223,valid
DE_1002,2026-06-01 09:45:00,0.203,valid
DE_1002,2026-06-01 10:00:00,0.277,valid
DE_1002,2026-06-01 10:15:00,0.281,valid
DE_1002,2026-06-01 10:30:00,0.287,valid
DE_1002,2026-06-01 10:45:00,0.182,valid
DE_1002,2026-06-01 11:00:00,0.275,valid
DE_1002,2026-06-01 11:15:00,0.285,valid
DE_1002,2026-06-01 11:30:00,0.22,valid
DE_1002,2026-06-01 11:45:00,0.227,valid
DE_1002,2026-06-01 12:00:00,0.234,valid
DE_1002,2026-06-01 12:15:00,0.218,valid
DE_1002,2026-06-01 12:30:00,0.232,valid
DE_1002,2026-06-01 12:45:00,0.146,valid
DE_1002,2026-06-01 13:00:00,0.216,valid
DE_1002,2026-06-01 13:15:00,0.164,valid
DE_1002,2026-06-01 13:30:00,0.257,valid
DE_1002,2026-06-01 13:45:00,0.252,valid
DE_1002,2026-06-01 14:00:00,0.245,valid
DE_1002,2026-06-01 14:15:00,0.265,valid
DE_1002,2026-06-01 14:30:00,0.172,valid
DE_1002,2026-06-01 14:45:00,0.293,valid
DE_1002,2026-06-01 15:00:00,0.252,valid
DE_1002,2026-06-01 15:15:00,0.281,valid
DE_1002,2026-06-01 15:30:00,0.331,valid
DE_1002,2026-06-01 15:45:00,0.237,valid
DE_1002,2026-06-01 16:00:00,0.36,valid
DE_1002,2026-06-01 16:15:00,0.306,valid
DE_1002,2026-06-01 16:30:00,0.301,valid
DE_1002,2026-06-01 16:45:00,0.328,valid
DE_1002,2026-06-01 17:00:00,0.263,valid
DE_1002,2026-06-01 17:15:00,0.355,valid
DE_1002,2026-06-01 17:30:00,0.328,valid
DE_1002,2026-06-01 17:45:00,0.377,valid
DE_1002,2026-06-01 18:00:00,0.339,valid
DE_1002,2026-06-01 18:15:00,0.332,valid
DE_1002,2026-06-01 18:30:00,0.368,valid
DE_1002,2026-06-01 18:45:00,0.347,valid
DE_1002,2026-06-01 19:00:00,0.316,valid
DE_1002,2026-06-01 19:15:00,0.365,valid
DE_1002,2026-06-01 19:30:00,0.438,valid
DE_1002,2026-06-01 19:45:00,0.37,valid
DE_1002,2026-06-01 20:00:00,0.356,valid
DE_1002,2026-06-01 20:15:00,0.436,valid
DE_1002,2026-06-01 20:30:00,0.307,valid
DE_1002,2026-06-01 20:45:00,0.294,valid
DE_1002,2026-06-01 21:00:00,0.425,valid
DE_1002,2026-06-01 21:15:00,0.434,valid
DE_1002,2026-06-01 21:30:00,0.436,valid
DE_1002,2026-06-01 21:45:00,0.38,valid
DE_1002,2026-06-01 22:00:00,0.442,valid
DE_1002,2026-06-01 22:15:00,0.38,valid
DE_1002,2026-06-01 22:30:00,0.461,valid
DE_1002,2026-06-01 22:45:00,0.369,valid
DE_1002,2026-06-01 23:00:00,0.468,valid
DE_1002,2026-06-01 23:15:00,0.488,valid
DE_1002,2026-06-01 23:30:00,0.387,valid
DE_1002,2026-06-01 23:45:00,0.449,valid
DE_1002,2026-06-02 00:00:00,0.539,valid
DE_1002,2026-06-02 00:15:00,0.577,valid
DE_1002,2026-06-02 00:30:00,0.425,valid
DE_1002,2026-06-02 01:00:00,0.413,valid
DE_1002,2026-06-02 01:15:00,0.408,valid
DE_1002,2026-06-02 01:30:00,0.555,valid
DE_1002,2026-06-02 01:45:00,0.508,valid
DE_1002,2026-06-02 02:00:00,0.41,valid
DE_1002,2026-06-02 02:15:00,0.461,valid
DE_1002,2026-06-02 02:30:00,0.482,valid
DE_1002,2026-06-02 02:45:00,0.459,valid
DE_1002,2026-06-02 03:00:00,0.537,valid
DE_1002,2026-06-02 03:15:00,0.455,valid
DE_1002,2026-06-02 03:30:00,0.275,valid
DE_1002,2026-06-02 03:45:00,0.41,valid
DE_1002,2026-06-02 04:00:00,0.363,valid
DE_1002,2026-06-02 04:15:00,0.39,valid
DE_1002,2026-06-02 04:30:00,0.401,valid
DE_1002,2026-06-02 04:45:00,0.367,valid
DE_1002,2026-06-02 05:00:00,0.321,valid
DE_1002,2026-06-02 05:15:00,0.443,valid
DE_1002,2026-06-02 05:30:00,0.405,valid
DE_1002,2026-06-02 05:45:00,0.341,valid
DE_1002,2026-06-02 06:00:00,0.384,valid
DE_1002,2026-06-02 06:15:00,0.384,valid
DE_1002,2026-06-02 06:30:00,0.413,valid
DE_1002,2026-06-02 06:45:00,0.297,valid
DE_1002,2026-06-02 07:00:00,0.364,valid
DE_1002,2026-06-02 07:15:00,0.295,valid
DE_1002,2026-06-02 07:30:00,0.383,valid
DE_1002,2026-06-02 07:45:00,0.315,valid
DE_1002,2026-06-02 08:00:00,0.186,valid
DE_1002,2026-06-02 08:15:00,0.302,valid
DE_1002,2026-06-02 08:30:00,0.211,valid
DE_1002,2026-06-02 08:45:00,0.289,valid
DE_1002,2026-06-02 09:00:00,0.272,valid
DE_1002,2026-06-02 09:15:00,0.255,valid
DE_1002,2026-06-02 09:30:00,0.201,valid
DE_1002,2026-06-02 09:45:00,0.219,valid
DE_1002,2026-06-02 10:00:00,0.208,valid
DE_1002,2026-06-02 10:15:00,0.238,valid
DE_1002,2026-06-02 10:30:00,0.314,valid
DE_1002,2026-06-02 10:45:00,0.285,valid
DE_1002,2026-06-02 11:00:00,0.201,valid
DE_1002,2026-06-02 11:15:00,0.289,valid
DE_1002,2026-06-02 11:30:00,0.157,valid
DE_1002,2026-06-02 11:45:00,0.259,valid
DE_1002,2026-06-02 12:00:00,0.191,valid
DE_1002,2026-06-02 12:15:00,0.212,valid
DE_1002,2026-06-02 12:30:00,0.232,valid
DE_1002,2026-06-02 12:45:00,0.166,valid
DE_1002,2026-06-02 13:00:00,0.265,valid
DE_1002,2026-06-02 13:15:00,0.225,valid
DE_1002,2026-06-02 13:30:00,0.346,valid
DE_1002,2026-06-02 13:45:00,0.21,valid
DE_1002,2026-06-02 14:00:00,0.313,valid
DE_1002,2026-06-02 14:15:00,0.282,valid
DE_1002,2026-06-02 14:30:00,0.191,valid
DE_1002,2026-06-02 14:45:00,0.318,valid
DE_1002,2026-06-02 15:00:00,0.222,valid
DE_1002,2026-06-02 15:15:00,0.163,valid
DE_1002,2026-06-02 15:30:00,0.318,valid
DE_1002,2026-06-02 15:45:00,0.328,valid
DE_1002,2026-06-02 16:00:00,0.303,valid
DE_1002,2026-06-02 16:15:00,0.287,valid
DE_1002,2026-06-02 16:30:00,0.379,valid
DE_1002,2026-06-02 16:45:00,0.336,valid
DE_1002,2026-06-02 17:00:00,0.292,valid
DE_1002,2026-06-02 17:15:00,0.362,valid
DE_1002,2026-06-02 17:30:00,0.263,valid
DE_1002,2026-06-02 17:45:00,0.297,valid
DE_1002,2026-06-02 18:00:00,0.297,valid
DE_1002,2026-06-02 18:15:00,0.24,valid
DE_1002,2026-06-02 18:30:00,0.291,valid
DE_1002,2026-06-02 18:45:00,0.411,valid
DE_1002,2026-06-02 19:00:00,0.32,valid
DE_1002,2026-06-02 19:15:00,0.347,valid
DE_1002,2026-06-02 19:30:00,0.317,valid
DE_1002,2026-06-02 19:45:00,0.418,valid
DE_1002,2026-06-02 20:00:00,0.4,valid
DE_1002,2026-06-02 20:15:00,0.425,valid
DE_1002,2026-06-02 20:30:00,0.395,valid
DE_1002,2026-06-02 20:45:00,0.341,valid
DE_1002,2026-06-02 21:00:00,0.376,valid
DE_1002,2026-06-02 21:15:00,0.467,valid
DE_1002,2026-06-02 21:30:00,0.422,valid
DE_1002,2026-06-02 21:45:00,0.464,valid
DE_1002,2026-06-02 22:00:00,0.292,valid
DE_1002,2026-06-02 22:15:00,0.506,valid
DE_1002,2026-06-02 22:30:00,0.425,valid
DE_1002,2026-06-02 22:45:00,0.559,valid
DE_1002,2026-06-02 23:00:00,0.449,valid
DE_1002,2026-06-02 23:15:00,0.476,valid
DE_1002,2026-06-02 23:30:00,0.508,valid
DE_1002,2026-06-02 23:45:00,0.431,valid
DE_1002,2026-06-03 00:00:00,0.544,valid
DE_1002,2026-06-03 00:15:00,0.468,valid
DE_1002,2026-06-03 00:30:00,0.564,valid
DE_1002,2026-06-03 00:45:00,0.54,valid
DE_1002,2026-06-03 01:00:00,0.5,valid
DE_1002,2026-06-03 01:15:00,0.439,valid
DE_1002,2026-06-03 01:30:00,0.464,valid
DE_1002,2026-06-03 01:45:00,0.49,valid
DE_1002,2026-06-03 02:00:00,0.348,valid
DE_1002,2026-06-03 02:15:00,0.422,valid
DE_1002,2026-06-03 02:30:00,0.497,valid
DE_1002,2026-06-03 02:45:00,0.387,valid
DE_1002,2026-06-03 03:00:00,0.489,valid
DE_1002,2026-06-03 03:15:00,0.394,valid
DE_1002,2026-06-03 03:30:00,0.441,valid
DE_1002,2026-06-03 03:45:00,0.368,valid
DE_1002,2026-06-03 04:00:00,0.424,valid
DE_1002,2026-06-03 04:15:00,0.423,valid
DE_1002,2026-06-03 04:30:00,0.457,valid
DE_1002,2026-06-03 04:45:00,0.468,valid
DE_1002,2026-06-03 05:00:00,0.438,valid
DE_1002,2026-06-03 05:15:00,0.385,valid
DE_1002,2026-06-03 05:30:00,0.314,valid
DE_1002,2026-06-03 05:45:00,0.441,valid
DE_1002,2026-06-03 06:00:00,0.285,valid
DE_1002,2026-06-03 06:15:00,0.328,valid
DE_1002,2026-06-03 06:30:00,0.387,valid
DE_1002,2026-06-03 06:45:00,0.372,valid
DE_1002,2026-06-03 07:00:00,0.405,valid
DE_1002,2026-06-03 07:15:00,0.325,valid
DE_1002,2026-06-03 07:30:00,0.24,valid
DE_1002,2026-06-03 07:45:00,0.311,valid
DE_1002,2026-06-03 08:00:00,0.309,valid
DE_1002,2026-06-03 08:15:00,0.282,valid
DE_1002,2026-06-03 08:30:00,0.371,valid
DE_1002,2026-06-03 08:45:00,0.288,valid
DE_1002,2026-06-03 09:00:00,0.203,valid
DE_1002,2026-06-03 09:15:00,0.298,valid
DE_1002,2026-06-03 09:30:00,0.218,valid
DE_1002,2026-06-03 09:45:00,0.36,valid
DE_1002,2026-06-03 10:00:00,0.264,valid
DE_1002,2026-06-03 10:15:00,0.18,valid
DE_1002,2026-06-03 10:30:00,0.304,valid
DE_1002,2026-06-03 10:45:00,0.368,valid
DE_1002,2026-06-03 11:00:00,0.125,valid
DE_1002,2026-06-03 11:15:00,0.27,valid
DE_1002,2026-06-03 11:30:00,0.249,valid
DE_1002,2026-06-03 11:45:00,0.234,valid
DE_1002,2026-06-03 12:00:00,0.217,valid
DE_1002,2026-06-03 12:15:00,0.225,valid
DE_1002,2026-06-03 12:30:00,0.165,valid
DE_1002,2026-06-03 12:45:00,0.271,valid
DE_1002,2026-06-03 13:00:00,0.158,valid
DE_1002,2026-06-03 13:15:00,0.323,valid
DE_1002,2026-06-03 13:30:00,0.301,valid
DE_1002,2026-06-03 13:45:00,0.166,valid
DE_1002,2026-06-03 14:00:00,0.25,valid
DE_1002,2026-06-03 14:15:00,0.321,valid
DE_1002,2026-06-03 14:30:00,0.225,valid
DE_1002,2026-06-03 14:45:00,0.242,valid
DE_1002,2026-06-03 15:00:00,0.255,valid
DE_1002,2026-06-03 15:15:00,0.333,valid
DE_1002,2026-06-03 15:30:00,0.245,valid
DE_1002,2026-06-03 15:45:00,0.275,valid
DE_1002,2026-06-03 16:00:00,0.327,valid
DE_1002,2026-06-03 16:15:00,0.29,valid
DE_1002,2026-06-03 16:30:00,0.257,valid
DE_1002,2026-06-03 16:45:00,0.233,valid
DE_1002,2026-06-03 17:00:00,0.249,valid
DE_1002,2026-06-03 17:15:00,0.266,valid
DE_1002,2026-06-03 17:30:00,0.239,valid
DE_1002,2026-06-03 17:45:00,0.289,valid
DE_1002,2026-06-03 18:00:00,0.365,valid
DE_1002,2026-06-03 18:15:00,0.353,valid
DE_1002,2026-06-03 18:30:00,0.309,valid
DE_1002,2026-06-03 18:45:00,0.299,valid
DE_1002,2026-06-03 19:00:00,0.325,valid
DE_1002,2026-06-03 19:15:00,0.306,valid
DE_1002,2026-06-03 19:30:00,0.313,valid
DE_1002,2026-06-03 19:45:00,0.411,valid
DE_1002,2026-06-03 20:00:00,0.33,valid
DE_1002,2026-06-03 20:15:00,0.401,valid
DE_1002,2026-06-03 20:30:00,0.369,valid
DE_1002,2026-06-03 20:45:00,0.521,valid
DE_1002,2026-06-03 21:00:00,0.335,valid
DE_1002,2026-06-03 21:15:00,0.435,valid
DE_1002,2026-06-03 21:30:00,0.408,valid
DE_1002,2026-06-03 21:45:00,0.386,valid
DE_1002,2026-06-03 22:00:00,0.466,valid
DE_1002,2026-06-03 22:15:00,0.458,valid
DE_1002,2026-06-03 22:30:00,0.397,valid
DE_1002,2026-06-03 22:45:00,0.471,valid
DE_1002,2026-06-03 23:00:00,0.494,valid
DE_1002,2026-06-03 23:15:00,0.54,valid
DE_1002,2026-06-03 23:30:00,0.445,valid
DE_1002,2026-06-03 23:45:00,0.549,valid
DE_1002,2026-06-04 00:00:00,0.49,valid
DE_1002,2026-06-04 00:15:00,0.401,valid
DE_1002,2026-06-04 00:30:00,0.526,valid
DE_1002,2026-06-04 00:45:00,0.496,valid
DE_1002,2026-06-04 01:00:00,0.431,valid
DE_1002,2026-06-04 01:15:00,0.522,valid
DE_1002,2026-06-04 01:30:00,0.451,valid
DE_1002,2026-06-04 01:45:00,0.526,valid
DE_1002,2026-06-04 02:00:00,0.446,valid
DE_1002,2026-06-04 02:15:00,0.488,valid
DE_1002,2026-06-04 02:30:00,0.484,valid
DE_1002,2026-06-04 02:45:00,0.474,valid
DE_1002,2026-06-04 03:00:00,0.373,valid
DE_1002,2026-06-04 03:15:00,0.471,valid
DE_1002,2026-06-04 03:30:00,0.426,valid
DE_1002,2026-06-04 03:45:00,0.525,valid
DE_1002,2026-06-04 04:00:00,0.424,valid
DE_1002,2026-06-04 04:15:00,0.438,valid
DE_1002,2026-06-04 04:30:00,0.362,valid
DE_1002,2026-06-04 04:45:00,0.38,valid
DE_1002,2026-06-04 05:00:00,0.38,valid
DE_1002,2026-06-04 05:15:00,0.316,valid
DE_1002,2026-06-04 05:30:00,0.316,valid
DE_1002,2026-06-04 05:45:00,0.37,valid
DE_1002,2026-06-04 06:00:00,0.346,valid
DE_1002,2026-06-04 06:15:00,0.36,valid
DE_1002,2026-06-04 06:30:00,0.406,valid
DE_1002,2026-06-04 06:45:00,0.33,valid
DE_1002,2026-06-04 07:00:00,0.359,valid
DE_1002,2026-06-04 07:15:00,0.318,valid
DE_1002,2026-06-04 07:30:00,0.315,valid
DE_1002,2026-06-04 07:45:00,0.338,valid
DE_1002,2026-06-04 08:00:00,0.197,valid
DE_1002,2026-06-04 08:15:00,0.303,valid
DE_1002,2026-06-04 08:30:00,0.268,valid
DE_1002,2026-06-04 08:45:00,0.254,valid
DE_1002,2026-06-04 09:00:00,0.181,valid
DE_1002,2026-06-04 09:15:00,0.253,valid
DE_1002,2026-06-04 09:30:00,0.181,valid
DE_1002,2026-06-04 09:45:00,0.319,valid
DE_1002,2026-06-04 10:00:00,0.238,valid
DE_1002,2026-06-04 10:15:00,0.166,valid
DE_1002,2026-06-04 10:30:00,0.216,valid
DE_1002,2026-06-04 10:45:00,0.288,valid
DE_1002,2026-06-04 11:00:00,0.195,valid
DE_1002,2026-06-04 11:15:00,0.211,valid
DE_1002,2026-06-04 11:30:00,0.207,valid
DE_1002,2026-06-04 11:45:00,0.219,valid
DE_1002,2026-06-04 12:00:00,0.115,valid
DE_1002,2026-06-04 12:15:00,0.198,valid
DE_1002,2026-06-04 12:30:00,0.172,valid
DE_1002,2026-06-04 12:45:00,0.348,valid
DE_1002,2026-06-04 13:00:00,0.214,valid
DE_1002,2026-06-04 13:15:00,0.202,valid
DE_1002,2026-06-04 13:30:00,0.274,valid
DE_1002,2026-06-04 13:45:00,0.217,valid
DE_1002,2026-06-04 14:00:00,0.263,valid
DE_1002,2026-06-04 14:15:00,0.206,valid
DE_1002,2026-06-04 14:30:00,0.328,valid
DE_1002,2026-06-04 14:45:00,0.219,valid
DE_1002,2026-06-04 15:00:00,0.294,valid
DE_1002,2026-06-04 15:15:00,0.332,valid
DE_1002,2026-06-04 15:30:00,0.26,valid
DE_1002,2026-06-04 15:45:00,0.275,valid
DE_1002,2026-06-04 16:00:00,0.329,valid
DE_1002,2026-06-04 16:15:00,0.334,valid
DE_1002,2026-06-04 16:30:00,0.245,valid
DE_1002,2026-06-04 16:45:00,0.309,valid
DE_1002,2026-06-04 17:00:00,0.278,valid
DE_1002,2026-06-04 17:15:00,0.288,valid
DE_1002,2026-06-04 17:30:00,0.293,valid
DE_1002,2026-06-04 17:45:00,0.386,valid
DE_1002,2026-06-04 18:00:00,0.43,valid
DE_1002,2026-06-04 18:15:00,0.48,valid
DE_1002,2026-06-04 18:30:00,0.347,valid
DE_1002,2026-06-04 18:45:00,0.308,valid
DE_1002,2026-06-04 19:00:00,0.327,valid
DE_1002,2026-06-04 19:15:00,0.455,valid
DE_1002,2026-06-04 19:30:00,0.298,valid
DE_1002,2026-06-04 19:45:00,0.359,valid
DE_1002,2026-06-04 20:00:00,0.372,valid
DE_1002,2026-06-04 20:15:00,0.487,valid
DE_1002,2026-06-04 20:30:00,0.349,valid
DE_1002,2026-06-04 20:45:00,0.455,valid
DE_1002,2026-06-04 21:00:00,0.491,valid
DE_1002,2026-06-04 21:15:00,0.417,valid
DE_1002,2026-06-04 21:30:00,0.448,valid
DE_1002,2026-06-04 21:45:00,0.348,valid
DE_1002,2026-06-04 22:00:00,0.446,valid
DE_1002,2026-06-04 22:15:00,0.439,valid
DE_1002,2026-06-04 22:30:00,0.321,valid
DE_1002,2026-06-04 22:45:00,0.471,valid
DE_1002,2026-06-04 23:00:00,0.493,valid
DE_1002,2026-06-04 23:15:00,0.39,valid
DE_1002,2026-06-04 23:30:00,0.404,valid
DE_1002,2026-06-04 23:45:00,0.438,valid
DE_1002,2026-06-05 00:00:00,0.474,valid
DE_1002,2026-06-05 00:15:00,0.485,valid
DE_1002,2026-06-05 00:30:00,0.452,valid
DE_1002,2026-06-05 00:45:00,0.45,valid
DE_1002,2026-06-05 01:00:00,0.49,valid
DE_1002,2026-06-05 01:15:00,0.451,valid
DE_1002,2026-06-05 01:30:00,0.47,valid
DE_1002,2026-06-05 01:45:00,0.464,valid
DE_1002,2026-06-05 02:00:00,0.473,valid
DE_1002,2026-06-05 02:15:00,0.442,valid
DE_1002,2026-06-05 02:30:00,0.493,valid
DE_1002,2026-06-05 02:45:00,0.455,valid
DE_1002,2026-06-05 03:00:00,0.469,valid
DE_1002,2026-06-05 03:15:00,0.487,valid
DE_1002,2026-06-05 03:30:00,0.352,valid
DE_1002,2026-06-05 03:45:00,0.471,valid
DE_1002,2026-06-05 04:00:00,0.489,valid
DE_1002,2026-06-05 04:15:00,0.351,valid
DE_1002,2026-06-05 04:30:00,0.398,valid
DE_1002,2026-06-05 05:00:00,0.397,valid
DE_1002,2026-06-05 05:15:00,0.401,valid
DE_1002,2026-06-05 05:30:00,0.342,valid
DE_1002,2026-06-05 05:45:00,0.441,valid
DE_1002,2026-06-05 06:00:00,0.307,valid
DE_1002,2026-06-05 06:15:00,0.343,valid
DE_1002,2026-06-05 06:30:00,0.401,valid
DE_1002,2026-06-05 06:45:00,0.448,valid
DE_1002,2026-06-05 07:00:00,0.299,valid
DE_1002,2026-06-05 07:15:00,0.364,valid
DE_1002,2026-06-05 07:30:00,0.336,valid
DE_1002,2026-06-05 07:45:00,0.246,valid
DE_1002,2026-06-05 08:00:00,0.252,valid
DE_1002,2026-06-05 08:15:00,0.24,valid
DE_1002,2026-06-05 08:30:00,0.275,valid
DE_1002,2026-06-05 08:45:00,0.279,valid
DE_1002,2026-06-05 09:00:00,0.276,valid
DE_1002,2026-06-05 09:15:00,0.339,valid
DE_1002,2026-06-05 09:30:00,0.296,valid
DE_1002,2026-06-05 09:45:00,0.408,valid
DE_1002,2026-06-05 10:00:00,0.238,valid
DE_1002,2026-06-05 10:15:00,0.289,valid
DE_1002,2026-06-05 10:30:00,0.271,valid
DE_1002,2026-06-05 10:45:00,0.325,valid
DE_1002,2026-06-05 11:00:00,0.206,valid
DE_1002,2026-06-05 11:15:00,0.267,valid
DE_1002,2026-06-05 11:30:00,0.306,valid
DE_1002,2026-06-05 11:45:00,0.189,valid
DE_1002,2026-06-05 12:00:00,0.196,valid
DE_1002,2026-06-05 12:15:00,0.225,valid
DE_1002,2026-06-05 12:30:00,0.178,valid
DE_1002,2026-06-05 12:45:00,0.156,valid
DE_1002,2026-06-05 13:00:00,0.317,valid
DE_1002,2026-06-05 13:15:00,0.214,valid
DE_1002,2026-06-05 13:30:00,0.312,valid
DE_1002,2026-06-05 13:45:00,0.2,valid
DE_1002,2026-06-05 14:00:00,0.24,valid
DE_1002,2026-06-05 14:15:00,0.29,valid
DE_1002,2026-06-05 14:30:00,0.24,valid
DE_1002,2026-06-05 14:45:00,0.205,valid
DE_1002,2026-06-05 15:00:00,0.239,valid
DE_1002,2026-06-05 15:15:00,0.289,valid
DE_1002,2026-06-05 15:30:00,0.242,valid
DE_1002,2026-06-05 15:45:00,0.279,valid
DE_1002,2026-06-05 16:00:00,0.187,valid
DE_1002,2026-06-05 16:15:00,0.272,valid
DE_1002,2026-06-05 16:30:00,0.291,valid
DE_1002,2026-06-05 16:45:00,0.274,valid
DE_1002,2026-06-05 17:00:00,0.275,valid
DE_1002,2026-06-05 17:15:00,0.281,valid
DE_1002,2026-06-05 17:30:00,0.329,valid
DE_1002,2026-06-05 17:45:00,0.399,valid
DE_1002,2026-06-05 18:00:00,0.28,valid
DE_1002,2026-06-05 18:15:00,0.336,valid
DE_1002,2026-06-05 18:30:00,0.399,valid
DE_1002,2026-06-05 18:45:00,0.367,valid
DE_1002,2026-06-05 19:00:00,0.37,valid
DE_1002,2026-06-05 19:15:00,0.352,valid
DE_1002,2026-06-05 19:30:00,0.376,valid
DE_1002,2026-06-05 19:45:00,0.37,valid
DE_1002,2026-06-05 20:00:00,0.291,valid
DE_1002,2026-06-05 20:15:00,0.364,valid
DE_1002,2026-06-05 20:30:00,0.303,valid
DE_1002,2026-06-05 20:45:00,0.465,valid
DE_1002,2026-06-05 21:00:00,0.466,valid
DE_1002,2026-06-05 21:15:00,0.386,valid
DE_1002,2026-06-05 21:30:00,0.465,valid
DE_1002,2026-06-05 22:00:00,0.419,valid
DE_1002,2026-06-05 22:15:00,0.515,valid
DE_1002,2026-06-05 22:30:00,0.468,valid
DE_1002,2026-06-05 22:45:00,0.438,valid
DE_1002,2026-06-05 23:00:00,0.42,valid
DE_1002,2026-06-05 23:15:00,0.447,valid
DE_1002,2026-06-05 23:30:00,0.455,valid
DE_1002,2026-06-05 23:45:00,0.359,valid
DE_1002,2026-06-06 00:00:00,0.527,valid
DE_1002,2026-06-06 00:15:00,0.484,valid
DE_1002,2026-06-06 00:30:00,0.523,valid
DE_1002,2026-06-06 00:45:00,0.479,valid
DE_1002,2026-06-06 01:00:00,0.625,valid
DE_1002,2026-06-06 01:15:00,0.392,valid
DE_1002,2026-06-06 01:30:00,0.428,valid
DE_1002,2026-06-06 01:45:00,0.51,valid
DE_1002,2026-06-06 02:00:00,0.568,valid
DE_1002,2026-06-06 02:15:00,0.4,valid
DE_1002,2026-06-06 02:30:00,0.541,valid
DE_1002,2026-06-06 02:45:00,0.404,valid
DE_1002,2026-06-06 03:00:00,0.49,valid
DE_1002,2026-06-06 03:15:00,0.429,valid
DE_1002,2026-06-06 03:30:00,0.536,valid
DE_1002,2026-06-06 03:45:00,0.514,valid
DE_1002,2026-06-06 04:00:00,0.368,valid
DE_1002,2026-06-06 04:15:00,0.547,valid
DE_1002,2026-06-06 04:30:00,0.344,valid
DE_1002,2026-06-06 04:45:00,0.384,valid
DE_1002,2026-06-06 05:00:00,0.465,valid
DE_1002,2026-06-06 05:15:00,0.338,valid
DE_1002,2026-06-06 05:30:00,0.343,valid
DE_1002,2026-06-06 05:45:00,0.382,valid
DE_1002,2026-06-06 06:00:00,0.373,valid
DE_1002,2026-06-06 06:15:00,0.369,valid
DE_1002,2026-06-06 06:30:00,0.313,valid
DE_1002,2026-06-06 06:45:00,0.36,valid
DE_1002,2026-06-06 07:00:00,0.357,valid
DE_1002,2026-06-06 07:15:00,0.4,valid
DE_1002,2026-06-06 07:30:00,0.341,valid
DE_1002,2026-06-06 07:45:00,0.262,valid
DE_1002,2026-06-06 08:00:00,0.301,valid
DE_1002,2026-06-06 08:15:00,0.269,valid
DE_1002,2026-06-06 08:30:00,0.366,valid
DE_1002,2026-06-06 08:45:00,0.216,valid
DE_1002,2026-06-06 09:00:00,0.303,valid
DE_1002,2026-06-06 09:15:00,0.222,valid
DE_1002,2026-06-06 09:30:00,0.339,valid
DE_1002,2026-06-06 09:45:00,0.314,valid
DE_1002,2026-06-06 10:00:00,0.261,valid
DE_1002,2026-06-06 10:15:00,0.275,valid
DE_1002,2026-06-06 10:30:00,0.233,valid
DE_1002,2026-06-06 10:45:00,0.284,valid
DE_1002,2026-06-06 11:00:00,0.223,valid
DE_1002,2026-06-06 11:15:00,0.262,valid
DE_1002,2026-06-06 11:30:00,0.228,valid
DE_1002,2026-06-06 11:45:00,0.101,valid
DE_1002,2026-06-06 12:00:00,0.174,valid
DE_1002,2026-06-06 12:15:00,0.276,valid
DE_1002,2026-06-06 12:30:00,0.273,valid
DE_1002,2026-06-06 12:45:00,0.205,valid
DE_1002,2026-06-06 13:00:00,0.219,valid
DE_1002,2026-06-06 13:15:00,0.208,valid
DE_1002,2026-06-06 13:30:00,0.257,valid
DE_1002,2026-06-06 13:45:00,0.254,valid
DE_1002,2026-06-06 14:00:00,0.201,valid
DE_1002,2026-06-06 14:15:00,0.283,valid
DE_1002,2026-06-06 14:30:00,0.312,valid
DE_1002,2026-06-06 14:45:00,0.202,valid
DE_1002,2026-06-06 15:00:00,0.266,valid
DE_1002,2026-06-06 15:15:00,0.298,valid
DE_1002,2026-06-06 15:30:00,0.311,valid
DE_1002,2026-06-06 15:45:00,0.254,valid
DE_1002,2026-06-06 16:00:00,0.274,valid
DE_1002,2026-06-06 16:15:00,0.277,valid
DE_1002,2026-06-06 16:30:00,0.319,valid
DE_1002,2026-06-06 16:45:00,0.321,valid
DE_1002,2026-06-06 17:00:00,0.324,valid
DE_1002,2026-06-06 17:15:00,0.257,valid
DE_1002,2026-06-06 17:30:00,0.271,valid
DE_1002,2026-06-06 17:45:00,0.357,valid
DE_1002,2026-06-06 18:00:00,0.289,valid
DE_1002,2026-06-06 18:15:00,0.361,valid
DE_1002,2026-06-06 18:30:00,0.332,valid
DE_1002,2026-06-06 18:45:00,0.32,valid
DE_1002,2026-06-06 19:00:00,0.376,valid
DE_1002,2026-06-06 19:15:00,0.459,valid
DE_1002,2026-06-06 19:30:00,0.389,valid
DE_1002,2026-06-06 19:45:00,0.36,valid
DE_1002,2026-06-06 20:00:00,0.326,valid
DE_1002,2026-06-06 20:15:00,0.426,valid
DE_1002,2026-06-06 20:30:00,0.457,valid
DE_1002,2026-06-06 20:45:00,0.43,valid
DE_1002,2026-06-06 21:00:00,0.483,valid
DE_1002,2026-06-06 21:15:00,0.449,valid
DE_1002,2026-06-06 21:30:00,0.36,valid
DE_1002,2026-06-06 21:45:00,0.423,valid
DE_1002,2026-06-06 22:00:00,0.476,valid
DE_1002,2026-06-06 22:15:00,0.486,valid
DE_1002,2026-06-06 22:30:00,0.425,valid
DE_1002,2026-06-06 22:45:00,0.447,valid
DE_1002,2026-06-06 23:00:00,0.493,valid
DE_1002,2026-06-06 23:15:00,0.539,valid
DE_1002,2026-06-06 23:30:00,0.525,valid
DE_1002,2026-06-06 23:45:00,0.507,valid
DE_1002,2026-06-07 00:00:00,0.52,valid
DE_1002,2026-06-07 00:15:00,0.449,valid
DE_1002,2026-06-07 00:30:00,0.445,valid
DE_1002,2026-06-07 00:45:00,0.495,valid
DE_1002,2026-06-07 01:00:00,0.527,valid
DE_1002,2026-06-07 01:15:00,0.495,valid
DE_1002,2026-06-07 01:30:00,0.503,valid
DE_1002,2026-06-07 01:45:00,0.4,valid
DE_1002,2026-06-07 02:00:00,0.377,valid
DE_1002,2026-06-07 02:15:00,0.506,valid
DE_1002,2026-06-07 02:30:00,0.448,valid
DE_1002,2026-06-07 02:45:00,0.384,valid
DE_1002,2026-06-07 03:00:00,0.469,valid
DE_1002,2026-06-07 03:15:00,0.438,valid
DE_1002,2026-06-07 03:30:00,0.573,valid
DE_1002,2026-06-07 03:45:00,0.488,valid
DE_1002,2026-06-07 04:00:00,0.417,valid
DE_1002,2026-06-07 04:15:00,0.392,valid
DE_1002,2026-06-07 04:30:00,0.412,valid
DE_1002,2026-06-07 04:45:00,0.395,valid
DE_1002,2026-06-07 05:00:00,0.303,valid
DE_1002,2026-06-07 05:15:00,0.421,valid
DE_1002,2026-06-07 05:30:00,0.389,valid
DE_1002,2026-06-07 05:45:00,0.237,valid
DE_1002,2026-06-07 06:00:00,0.318,valid
DE_1002,2026-06-07 06:15:00,0.309,valid
DE_1002,2026-06-07 06:30:00,0.399,valid
DE_1002,2026-06-07 06:45:00,0.348,valid
DE_1002,2026-06-07 07:00:00,0.399,valid
DE_1002,2026-06-07 07:15:00,0.245,valid
DE_1002,2026-06-07 07:30:00,0.271,valid
DE_1002,2026-06-07 07:45:00,0.378,valid
DE_1002,2026-06-07 08:00:00,0.267,valid
DE_1002,2026-06-07 08:15:00,0.247,valid
DE_1002,2026-06-07 08:30:00,0.274,valid
DE_1002,2026-06-07 08:45:00,0.262,valid
DE_1002,2026-06-07 09:00:00,0.302,valid
DE_1002,2026-06-07 09:15:00,0.331,valid
DE_1002,2026-06-07 09:30:00,0.196,valid
DE_1002,2026-06-07 09:45:00,0.26,valid
DE_1002,2026-06-07 10:00:00,0.251,valid
DE_1002,2026-06-07 10:15:00,0.254,valid
DE_1002,2026-06-07 10:30:00,0.292,valid
DE_1002,2026-06-07 10:45:00,0.256,valid
DE_1002,2026-06-07 11:00:00,0.196,valid
DE_1002,2026-06-07 11:15:00,0.169,valid
DE_1002,2026-06-07 11:30:00,0.134,valid
DE_1002,2026-06-07 11:45:00,0.206,valid
DE_1002,2026-06-07 12:15:00,0.246,valid
DE_1002,2026-06-07 12:30:00,0.181,valid
DE_1002,2026-06-07 12:45:00,0.316,valid
DE_1002,2026-06-07 13:00:00,0.221,valid
DE_1002,2026-06-07 13:15:00,0.201,valid
DE_1002,2026-06-07 13:30:00,0.244,valid
DE_1002,2026-06-07 13:45:00,0.176,valid
DE_1002,2026-06-07 14:00:00,0.26,valid
DE_1002,2026-06-07 14:15:00,0.147,valid
DE_1002,2026-06-07 14:30:00,0.284,valid
DE_1002,2026-06-07 14:45:00,0.253,valid
DE_1002,2026-06-07 15:00:00,0.286,valid
DE_1002,2026-06-07 15:15:00,0.283,valid
DE_1002,2026-06-07 15:30:00,0.211,valid
DE_1002,2026-06-07 15:45:00,0.23,valid
DE_1002,2026-06-07 16:00:00,0.378,valid
DE_1002,2026-06-07 16:15:00,0.325,valid
DE_1002,2026-06-07 16:30:00,0.27,valid
DE_1002,2026-06-07 16:45:00,0.321,valid
DE_1002,2026-06-07 17:00:00,0.345,valid
DE_1002,2026-06-07 17:15:00,0.423,valid
DE_1002,2026-06-07 17:30:00,0.381,valid
DE_1002,2026-06-07 17:45:00,0.346,valid
DE_1002,2026-06-07 18:00:00,0.328,valid
DE_1002,2026-06-07 18:15:00,0.439,valid
DE_1002,2026-06-07 18:30:00,0.345,valid
DE_1002,2026-06-07 18:45:00,0.306,valid
DE_1002,2026-06-07 19:00:00,0.314,valid
DE_1002,2026-06-07 19:15:00,0.332,valid
DE_1002,2026-06-07 19:30:00,0.357,valid
DE_1002,2026-06-07 19:45:00,0.413,valid
DE_1002,2026-06-07 20:00:00,0.446,valid
DE_1002,2026-06-07 20:15:00,0.458,valid
DE_1002,2026-06-07 20:30:00,0.408,valid
DE_1002,2026-06-07 20:45:00,0.442,valid
DE_1002,2026-06-07 21:00:00,0.538,valid
DE_1002,2026-06-07 21:15:00,0.471,valid
DE_1002,2026-06-07 21:30:00,0.505,valid
DE_1002,2026-06-07 21:45:00,0.349,valid
DE_1002,2026-06-07 22:00:00,0.413,valid
DE_1002,2026-06-07 22:15:00,0.412,valid
DE_1002,2026-06-07 22:30:00,0.316,valid
DE_1002,2026-06-07 22:45:00,0.454,valid
DE_1002,2026-06-07 23:00:00,0.545,valid
DE_1002,2026-06-07 23:15:00,0.448,valid
DE_1002,2026-06-07 23:30:00,0.485,valid
DE_1002,2026-06-07 23:45:00,0.432,valid
DE_1003,2026-06-01 00:00:00,0.475,valid
DE_1003,2026-06-01 00:15:00,0.514,valid
DE_1003,2026-06-01 00:30:00,0.44,valid
DE_1003,2026-06-01 00:45:00,0.559,valid
DE_1003,2026-06-01 01:00:00,0.379,valid
DE_1003,2026-06-01 01:15:00,0.491,valid
DE_1003,2026-06-01 01:30:00,0.45,valid
DE_1003,2026-06-01 01:45:00,0.549,valid
DE_1003,2026-06-01 02:00:00,0.488,valid
DE_1003,2026-06-01 02:15:00,0.346,valid
DE_1003,2026-06-01 02:30:00,0.329,valid
DE_1003,2026-06-01 02:45:00,0.4,valid
DE_1003,2026-06-01 03:00:00,0.4,valid
DE_1003,2026-06-01 03:15:00,0.416,valid
DE_1003,2026-06-01 03:30:00,0.427,valid
DE_1003,2026-06-01 03:45:00,0.459,valid
DE_1003,2026-06-01 04:00:00,0.332,valid
DE_1003,2026-06-01 04:15:00,0.31,valid
DE_1003,2026-06-01 04:30:00,0.413,valid
DE_1003,2026-06-01 04:45:00,0.382,valid
DE_1003,2026-06-01 05:00:00,0.37,valid
DE_1003,2026-06-01 05:15:00,0.343,valid
DE_1003,2026-06-01 05:30:00,0.366,valid
DE_1003,2026-06-01 05:45:00,0.449,valid
DE_1003,2026-06-01 06:00:00,0.269,valid
DE_1003,2026-06-01 06:15:00,0.289,valid
DE_1003,2026-06-01 06:30:00,0.382,valid
DE_1003,2026-06-01 06:45:00,0.428,valid
DE_1003,2026-06-01 07:00:00,0.315,valid
DE_1003,2026-06-01 07:15:00,0.262,valid
DE_1003,2026-06-01 07:30:00,0.225,valid
DE_1003,2026-06-01 07:45:00,0.338,valid
DE_1003,2026-06-01 08:00:00,0.238,valid
DE_1003,2026-06-01 08:15:00,0.409,valid
DE_1003,2026-06-01 08:30:00,0.417,valid
DE_1003,2026-06-01 08:45:00,0.311,valid
DE_1003,2026-06-01 09:00:00,0.299,valid
DE_1003,2026-06-01 09:15:00,0.269,valid
DE_1003,2026-06-01 09:30:00,0.332,valid
DE_1003,2026-06-01 09:45:00,0.275,valid
DE_1003,2026-06-01 10:00:00,0.253,valid
DE_1003,2026-06-01 10:15:00,0.318,valid
DE_1003,2026-06-01 10:30:00,0.281,valid
DE_1003,2026-06-01 10:45:00,0.357,valid
DE_1003,2026-06-01 11:00:00,0.143,valid
DE_1003,2026-06-01 11:15:00,0.197,valid
DE_1003,2026-06-01 11:30:00,0.18,valid
DE_1003,2026-06-01 11:45:00,0.267,valid
DE_1003,2026-06-01 12:00:00,0.175,valid
DE_1003,2026-06-01 12:15:00,0.23,valid
DE_1003,2026-06-01 12:30:00,0.142,valid
DE_1003,2026-06-01 12:45:00,0.195,valid
DE_1003,2026-06-01 13:00:00,0.34,valid
DE_1003,2026-06-01 13:15:00,0.307,valid
DE_1003,2026-06-01 13:30:00,0.131,valid
DE_1003,2026-06-01 13:45:00,0.243,valid
DE_1003,2026-06-01 14:00:00,0.291,valid
DE_1003,2026-06-01 14:15:00,0.225,valid
DE_1003,2026-06-01 14:30:00,0.195,valid
DE_1003,2026-06-01 14:45:00,0.283,valid
DE_1003,2026-06-01 15:00:00,0.28,valid
DE_1003,2026-06-01 15:15:00,0.303,valid
DE_1003,2026-06-01 15:30:00,0.267,valid
DE_1003,2026-06-01 15:45:00,0.392,valid
DE_1003,2026-06-01 16:00:00,0.254,valid
DE_1003,2026-06-01 16:15:00,0.275,valid
DE_1003,2026-06-01 16:30:00,0.326,valid
DE_1003,2026-06-01 16:45:00,0.337,valid
DE_1003,2026-06-01 17:15:00,0.39,valid
DE_1003,2026-06-01 17:30:00,0.252,valid
DE_1003,2026-06-01 17:45:00,0.325,valid
DE_1003,2026-06-01 18:00:00,0.335,valid
DE_1003,2026-06-01 18:15:00,0.315,valid
DE_1003,2026-06-01 18:30:00,0.407,valid
DE_1003,2026-06-01 18:45:00,0.233,valid
DE_1003,2026-06-01 19:00:00,0.338,valid
DE_1003,2026-06-01 19:15:00,0.33,valid
DE_1003,2026-06-01 19:30:00,0.419,valid
DE_1003,2026-06-01 19:45:00,0.453,valid
DE_1003,2026-06-01 20:00:00,0.439,valid
DE_1003,2026-06-01 20:15:00,0.47,valid
DE_1003,2026-06-01 20:30:00,0.289,valid
DE_1003,2026-06-01 20:45:00,0.408,valid
DE_1003,2026-06-01 21:00:00,0.356,valid
DE_1003,2026-06-01 21:15:00,0.406,valid
DE_1003,2026-06-01 21:30:00,0.437,valid
DE_1003,2026-06-01 21:45:00,0.43,valid
DE_1003,2026-06-01 22:00:00,0.519,valid
DE_1003,2026-06-01 22:15:00,0.351,valid
DE_1003,2026-06-01 22:30:00,0.408,valid
DE_1003,2026-06-01 22:45:00,0.376,valid
DE_1003,2026-06-01 23:00:00,0.393,valid
DE_1003,2026-06-01 23:15:00,0.525,valid
DE_1003,2026-06-01 23:30:00,0.484,valid
DE_1003,2026-06-01 23:45:00,0.553,valid
DE_1003,2026-06-02 00:00:00,0.559,valid
DE_1003,2026-06-02 00:15:00,0.503,valid
DE_1003,2026-06-02 00:30:00,0.452,valid
DE_1003,2026-06-02 00:45:00,0.55,valid
DE_1003,2026-06-02 01:00:00,0.44,valid
DE_1003,2026-06-02 01:15:00,0.415,valid
DE_1003,2026-06-02 01:30:00,0.417,valid
DE_1003,2026-06-02 01:45:00,0.481,valid
DE_1003,2026-06-02 02:00:00,0.513,valid
DE_1003,2026-06-02 02:15:00,0.453,valid
DE_1003,2026-06-02 02:30:00,0.511,valid
DE_1003,2026-06-02 02:45:00,0.455,valid
DE_1003,2026-06-02 03:00:00,0.404,valid
DE_1003,2026-06-02 03:15:00,0.561,valid
DE_1003,2026-06-02 03:30:00,0.516,valid
DE_1003,2026-06-02 03:45:00,0.435,valid
DE_1003,2026-06-02 04:00:00,0.358,valid
DE_1003,2026-06-02 04:15:00,0.32,valid
DE_1003,2026-06-02 04:30:00,0.42,valid
DE_1003,2026-06-02 04:45:00,0.387,valid
DE_1003,2026-06-02 05:00:00,0.398,valid
DE_1003,2026-06-02 05:15:00,0.391,valid
DE_1003,2026-06-02 05:30:00,0.397,valid
DE_1003,2026-06-02 05:45:00,0.432,valid
DE_1003,2026-06-02 06:00:00,0.366,valid
DE_1003,2026-06-02 06:15:00,0.314,valid
DE_1003,2026-06-02 06:30:00,0.311,valid
DE_1003,2026-06-02 06:45:00,0.379,valid
DE_1003,2026-06-02 07:00:00,0.271,valid
DE_1003,2026-06-02 07:15:00,0.361,valid
DE_1003,2026-06-02 07:30:00,0.361,valid
DE_1003,2026-06-02 07:45:00,0.323,valid
DE_1003,2026-06-02 08:00:00,0.261,valid
DE_1003,2026-06-02 08:15:00,0.211,valid
DE_1003,2026-06-02 08:30:00,0.244,valid
DE_1003,2026-06-02 08:45:00,0.219,valid
DE_1003,2026-06-02 09:00:00,0.276,valid
DE_1003,2026-06-02 09:15:00,0.253,valid
DE_1003,2026-06-02 09:30:00,0.229,valid
DE_1003,2026-06-02 09:45:00,0.319,valid
DE_1003,2026-06-02 10:00:00,0.256,valid
DE_1003,2026-06-02 10:15:00,0.252,valid
DE_1003,2026-06-02 10:30:00,0.278,valid
DE_1003,2026-06-02 10:45:00,0.302,valid
DE_1003,2026-06-02 11:00:00,0.145,valid
DE_1003,2026-06-02 11:15:00,0.26,valid
DE_1003,2026-06-02 11:30:00,0.135,valid
DE_1003,2026-06-02 11:45:00,0.185,valid
DE_1003,2026-06-02 12:00:00,0.251,valid
DE_1003,2026-06-02 12:15:00,0.235,valid
DE_1003,2026-06-02 12:30:00,0.233,valid
DE_1003,2026-06-02 12:45:00,0.209,valid
DE_1003,2026-06-02 13:00:00,0.296,valid
DE_1003,2026-06-02 13:15:00,0.148,valid
DE_1003,2026-06-02 13:30:00,0.21,valid
DE_1003,2026-06-02 13:45:00,0.227,valid
DE_1003,2026-06-02 14:00:00,0.352,valid
DE_1003,2026-06-02 14:15:00,0.301,valid
DE_1003,2026-06-02 14:30:00,0.302,valid
DE_1003,2026-06-02 14:45:00,0.212,valid
DE_1003,2026-06-02 15:00:00,0.387,valid
DE_1003,2026-06-02 15:15:00,0.299,valid
DE_1003,2026-06-02 15:30:00,0.225,valid
DE_1003,2026-06-02 15:45:00,0.392,valid
DE_1003,2026-06-02 16:00:00,0.229,valid
DE_1003,2026-06-02 16:15:00,0.257,valid
DE_1003,2026-06-02 16:30:00,0.288,valid
DE_1003,2026-06-02 16:45:00,0.251,valid
DE_1003,2026-06-02 17:00:00,0.351,valid
DE_1003,2026-06-02 17:15:00,0.339,valid
DE_1003,2026-06-02 17:30:00,0.331,valid
DE_1003,2026-06-02 17:45:00,0.42,valid
DE_1003,2026-06-02 18:00:00,0.268,valid
DE_1003,2026-06-02 18:15:00,0.418,valid
DE_1003,2026-06-02 18:30:00,0.309,valid
DE_1003,2026-06-02 18:45:00,0.423,valid
DE_1003,2026-06-02 19:00:00,0.47,valid
DE_1003,2026-06-02 19:15:00,0.49,valid
DE_1003,2026-06-02 19:30:00,0.365,valid
DE_1003,2026-06-02 19:45:00,0.317,valid
DE_1003,2026-06-02 20:00:00,0.416,valid
DE_1003,2026-06-02 20:15:00,0.397,valid
DE_1003,2026-06-02 20:30:00,0.312,valid
DE_1003,2026-06-02 20:45:00,0.437,valid
DE_1003,2026-06-02 21:00:00,0.379,valid
DE_1003,2026-06-02 21:15:00,0.497,valid
DE_1003,2026-06-02 21:30:00,0.473,valid
DE_1003,2026-06-02 21:52:00,0.411,valid
DE_1003,2026-06-02 22:00:00,0.452,valid
DE_1003,2026-06-02 22:15:00,0.438,valid
DE_1003,2026-06-02 22:30:00,0.427,valid
DE_1003,2026-06-02 22:45:00,0.605,valid
DE_1003,2026-06-02 23:00:00,0.428,valid
DE_1003,2026-06-02 23:15:00,0.478,valid
DE_1003,2026-06-02 23:30:00,0.525,valid
DE_1003,2026-06-02 23:45:00,0.456,valid
DE_1003,2026-06-03 00:00:00,0.469,valid
DE_1003,2026-06-03 00:15:00,0.434,valid
DE_1003,2026-06-03 00:30:00,0.56,valid
DE_1003,2026-06-03 00:45:00,0.536,valid
DE_1003,2026-06-03 01:00:00,0.498,valid
DE_1003,2026-06-03 01:15:00,0.4,valid
DE_1003,2026-06-03 01:30:00,0.5,valid
DE_1003,2026-06-03 01:45:00,0.489,valid
DE_1003,2026-06-03 02:00:00,0.433,valid
DE_1003,2026-06-03 02:15:00,0.381,valid
DE_1003,2026-06-03 02:30:00,0.447,valid
DE_1003,2026-06-03 02:45:00,0.406,valid
DE_1003,2026-06-03 03:00:00,0.429,valid
DE_1003,2026-06-03 03:15:00,0.428,valid
DE_1003,2026-06-03 03:30:00,0.408,valid
DE_1003,2026-06-03 03:45:00,0.469,valid
DE_1003,2026-06-03 04:00:00,0.397,valid
DE_1003,2026-06-03 04:15:00,0.426,valid
DE_1003,2026-06-03 04:30:00,0.421,valid
DE_1003,2026-06-03 04:45:00,0.45,valid
DE_1003,2026-06-03 05:00:00,0.327,valid
DE_1003,2026-06-03 05:15:00,0.358,valid
DE_1003,2026-06-03 05:30:00,0.421,valid
DE_1003,2026-06-03 05:45:00,0.383,valid
DE_1003,2026-06-03 06:00:00,0.406,valid
DE_1003,2026-06-03 06:15:00,0.387,valid
DE_1003,2026-06-03 06:30:00,0.328,valid
DE_1003,2026-06-03 06:45:00,0.394,valid
DE_1003,2026-06-03 07:00:00,0.312,valid
DE_1003,2026-06-03 07:15:00,0.373,valid
DE_1003,2026-06-03 07:30:00,0.418,valid
DE_1003,2026-06-03 07:45:00,0.38,valid
DE_1003,2026-06-03 08:00:00,0.414,valid
DE_1003,2026-06-03 08:15:00,0.222,valid
DE_1003,2026-06-03 08:30:00,0.273,valid
DE_1003,2026-06-03 08:45:00,0.287,valid
DE_1003,2026-06-03 09:00:00,0.255,valid
DE_1003,2026-06-03 09:15:00,0.294,valid
DE_1003,2026-06-03 09:30:00,0.257,valid
DE_1003,2026-06-03 09:45:00,0.33,valid
DE_1003,2026-06-03 10:00:00,0.299,valid
DE_1003,2026-06-03 10:15:00,0.271,valid
DE_1003,2026-06-03 10:30:00,0.199,valid
DE_1003,2026-06-03 10:45:00,0.277,valid
DE_1003,2026-06-03 11:00:00,0.259,valid
DE_1003,2026-06-03 11:15:00,0.243,valid
DE_1003,2026-06-03 11:30:00,0.227,valid
DE_1003,2026-06-03 11:45:00,0.295,valid
DE_1003,2026-06-03 12:00:00,0.173,valid
DE_1003,2026-06-03 12:15:00,0.182,valid
DE_1003,2026-06-03 12:30:00,0.233,valid
DE_1003,2026-06-03 12:45:00,0.227,valid
DE_1003,2026-06-03 13:00:00,0.268,valid
DE_1003,2026-06-03 13:15:00,0.211,valid
DE_1003,2026-06-03 13:30:00,0.159,valid
DE_1003,2026-06-03 13:45:00,0.163,valid
DE_1003,2026-06-03 14:00:00,0.228,valid
DE_1003,2026-06-03 14:15:00,0.29,valid
DE_1003,2026-06-03 14:30:00,0.29,valid
DE_1003,2026-06-03 14:45:00,0.159,valid
DE_1003,2026-06-03 15:00:00,0.302,valid
DE_1003,2026-06-03 15:15:00,0.271,valid
DE_1003,2026-06-03 15:30:00,0.223,valid
DE_1003,2026-06-03 15:45:00,0.385,valid
DE_1003,2026-06-03 16:00:00,0.313,valid
DE_1003,2026-06-03 16:15:00,0.341,valid
DE_1003,2026-06-03 16:30:00,0.428,valid
DE_1003,2026-06-03 16:45:00,0.271,valid
DE_1003,2026-06-03 17:00:00,0.305,valid
DE_1003,2026-06-03 17:15:00,0.399,valid
DE_1003,2026-06-03 17:30:00,0.26,valid
DE_1003,2026-06-03 17:45:00,0.329,valid
DE_1003,2026-06-03 18:00:00,0.352,valid
DE_1003,2026-06-03 18:15:00,0.399,valid
DE_1003,2026-06-03 18:30:00,0.37,valid
DE_1003,2026-06-03 18:45:00,0.304,valid
DE_1003,2026-06-03 19:00:00,0.424,valid
DE_1003,2026-06-03 19:15:00,0.417,valid
DE_1003,2026-06-03 19:30:00,0.322,valid
DE_1003,2026-06-03 19:45:00,0.341,valid
DE_1003,2026-06-03 20:00:00,0.374,valid
DE_1003,2026-06-03 20:15:00,0.343,valid
DE_1003,2026-06-03 20:30:00,0.453,valid
DE_1003,2026-06-03 20:45:00,0.384,valid
DE_1003,2026-06-03 21:00:00,0.411,valid
DE_1003,2026-06-03 21:15:00,0.373,valid
DE_1003,2026-06-03 21:30:00,0.405,valid
DE_1003,2026-06-03 21:45:00,0.499,valid
DE_1003,2026-06-03 22:00:00,0.487,valid
DE_1003,2026-06-03 22:15:00,0.369,valid
DE_1003,2026-06-03 22:30:00,0.401,valid
DE_1003,2026-06-03 22:45:00,0.482,valid
DE_1003,2026-06-03 23:00:00,0.45,valid
DE_1003,2026-06-03 23:15:00,0.447,valid
DE_1003,2026-06-03 23:30:00,0.432,valid
DE_1003,2026-06-03 23:45:00,0.408,valid
DE_1003,2026-06-04 00:00:00,0.505,valid
DE_1003,2026-06-04 00:15:00,0.481,valid
DE_1003,2026-06-04 00:30:00,0.557,valid
DE_1003,2026-06-04 00:45:00,0.497,valid
DE_1003,2026-06-04 01:00:00,0.427,valid
DE_1003,2026-06-04 01:15:00,0.51,valid
DE_1003,2026-06-04 01:30:00,0.542,valid
DE_1003,2026-06-04 01:45:00,0.438,valid
DE_1003,2026-06-04 02:00:00,0.365,valid
DE_1003,2026-06-04 02:15:00,0.426,valid
DE_1003,2026-06-04 02:30:00,0.383,valid
DE_1003,2026-06-04 02:45:00,0.532,valid
DE_1003,2026-06-04 03:00:00,0.356,valid
DE_1003,2026-06-04 03:15:00,0.409,valid
DE_1003,2026-06-04 03:30:00,0.499,valid
DE_1003,2026-06-04 03:45:00,0.469,valid
DE_1003,2026-06-04 04:00:00,0.374,valid
DE_1003,2026-06-04 04:15:00,0.361,valid
DE_1003,2026-06-04 04:30:00,0.391,valid
DE_1003,2026-06-04 04:45:00,0.388,valid
DE_1003,2026-06-04 05:00:00,0.45,valid
DE_1003,2026-06-04 05:15:00,0.367,valid
DE_1003,2026-06-04 05:30:00,0.308,valid
DE_1003,2026-06-04 05:45:00,0.424,valid
DE_1003,2026-06-04 06:00:00,0.402,valid
DE_1003,2026-06-04 06:15:00,0.339,valid
DE_1003,2026-06-04 06:30:00,0.389,valid
DE_1003,2026-06-04 06:45:00,0.353,valid
DE_1003,2026-06-04 07:00:00,0.265,valid
DE_1003,2026-06-04 07:15:00,0.321,valid
DE_1003,2026-06-04 07:30:00,0.268,valid
DE_1003,2026-06-04 07:45:00,0.293,valid
DE_1003,2026-06-04 08:00:00,0.253,valid
DE_1003,2026-06-04 08:15:00,0.317,valid
DE_1003,2026-06-04 08:30:00,0.309,valid
DE_1003,2026-06-04 08:45:00,0.234,valid
DE_1003,2026-06-04 09:00:00,0.229,valid
DE_1003,2026-06-04 09:15:00,0.275,valid
DE_1003,2026-06-04 09:30:00,0.298,valid
DE_1003,2026-06-04 09:45:00,0.279,valid
DE_1003,2026-06-04 10:00:00,0.14,valid
DE_1003,2026-06-04 10:15:00,0.314,valid
DE_1003,2026-06-04 10:30:00,0.339,valid
DE_1003,2026-06-04 10:45:00,0.329,valid
DE_1003,2026-06-04 11:00:00,0.252,valid
DE_1003,2026-06-04 11:15:00,0.259,valid
DE_1003,2026-06-04 11:30:00,0.192,valid
DE_1003,2026-06-04 11:45:00,0.234,valid
DE_1003,2026-06-04 12:00:00,0.143,valid
DE_1003,2026-06-04 12:15:00,0.206,valid
DE_1003,2026-06-04 12:30:00,0.129,valid
DE_1003,2026-06-04 12:45:00,0.229,valid
DE_1003,2026-06-04 13:00:00,0.207,valid
DE_1003,2026-06-04 13:15:00,0.263,valid
DE_1003,2026-06-04 13:30:00,0.234,valid
DE_1003,2026-06-04 13:45:00,0.202,valid
DE_1003,2026-06-04 14:00:00,0.292,valid
DE_1003,2026-06-04 14:15:00,0.191,valid
DE_1003,2026-06-04 14:30:00,0.237,valid
DE_1003,2026-06-04 14:45:00,0.223,valid
DE_1003,2026-06-04 15:00:00,0.312,valid
DE_1003,2026-06-04 15:15:00,0.271,valid
DE_1003,2026-06-04 15:30:00,0.289,valid
DE_1003,2026-06-04 15:45:00,0.301,valid
DE_1003,2026-06-04 16:00:00,0.183,valid
DE_1003,2026-06-04 16:15:00,0.254,valid
DE_1003,2026-06-04 16:30:00,0.306,valid
DE_1003,2026-06-04 16:45:00,0.351,valid
DE_1003,2026-06-04 17:00:00,0.354,valid
DE_1003,2026-06-04 17:15:00,0.391,valid
DE_1003,2026-06-04 17:30:00,0.314,valid
DE_1003,2026-06-04 17:45:00,0.33,valid
DE_1003,2026-06-04 18:00:00,0.325,valid
DE_1003,2026-06-04 18:15:00,0.328,valid
DE_1003,2026-06-04 18:30:00,0.308,valid
DE_1003,2026-06-04 18:45:00,0.323,valid
DE_1003,2026-06-04 19:15:00,0.342,valid
DE_1003,2026-06-04 19:30:00,0.376,valid
DE_1003,2026-06-04 19:45:00,0.284,valid
DE_1003,2026-06-04 20:00:00,0.421,valid
DE_1003,2026-06-04 20:15:00,0.409,valid
DE_1003,2026-06-04 20:30:00,0.422,valid
DE_1003,2026-06-04 20:45:00,0.377,valid
DE_1003,2026-06-04 21:00:00,0.4,valid
DE_1003,2026-06-04 21:15:00,0.474,valid
DE_1003,2026-06-04 21:30:00,0.417,valid
DE_1003,2026-06-04 21:45:00,0.524,valid
DE_1003,2026-06-04 22:15:00,0.438,valid
DE_1003,2026-06-04 22:30:00,0.394,valid
DE_1003,2026-06-04 22:45:00,0.411,valid
DE_1003,2026-06-04 23:00:00,0.436,valid
DE_1003,2026-06-04 23:15:00,0.451,valid
DE_1003,2026-06-04 23:30:00,0.514,valid
DE_1003,2026-06-04 23:45:00,0.418,valid
DE_1003,2026-06-05 00:00:00,0.531,valid
DE_1003,2026-06-05 00:15:00,0.428,valid
DE_1003,2026-06-05 00:30:00,0.48,valid
DE_1003,2026-06-05 00:45:00,0.566,valid
DE_1003,2026-06-05 01:00:00,0.498,valid
DE_1003,2026-06-05 01:15:00,0.489,valid
DE_1003,2026-06-05 01:30:00,0.507,valid
DE_1003,2026-06-05 01:45:00,0.504,valid
DE_1003,2026-06-05 02:00:00,0.481,valid
DE_1003,2026-06-05 02:15:00,0.52,valid
DE_1003,2026-06-05 02:30:00,0.398,valid
DE_1003,2026-06-05 02:45:00,0.446,valid
DE_1003,2026-06-05 03:00:00,0.457,valid
DE_1003,2026-06-05 03:15:00,0.462,valid
DE_1003,2026-06-05 03:30:00,0.453,valid
DE_1003,2026-06-05 03:45:00,0.49,valid
DE_1003,2026-06-05 04:00:00,0.375,valid
DE_1003,2026-06-05 04:15:00,0.333,valid
DE_1003,2026-06-05 04:30:00,0.464,valid
DE_1003,2026-06-05 04:45:00,0.4,valid
DE_1003,2026-06-05 05:00:00,0.348,valid
DE_1003,2026-06-05 05:15:00,0.377,valid
DE_1003,2026-06-05 05:30:00,0.353,valid
DE_1003,2026-06-05 05:45:00,0.425,valid
DE_1003,2026-06-05 06:00:00,0.395,valid
DE_1003,2026-06-05 06:15:00,0.366,valid
DE_1003,2026-06-05 06:30:00,0.377,valid
DE_1003,2026-06-05 06:45:00,0.352,valid
DE_1003,2026-06-05 07:00:00,0.376,valid
DE_1003,2026-06-05 07:15:00,0.207,valid
DE_1003,2026-06-05 07:30:00,0.267,valid
DE_1003,2026-06-05 07:45:00,0.323,valid
DE_1003,2026-06-05 08:00:00,0.279,valid
DE_1003,2026-06-05 08:15:00,0.252,valid
DE_1003,2026-06-05 08:30:00,0.331,valid
DE_1003,2026-06-05 08:45:00,0.251,valid
DE_1003,2026-06-05 09:00:00,0.286,valid
DE_1003,2026-06-05 09:15:00,0.281,valid
DE_1003,2026-06-05 09:30:00,0.278,valid
DE_1003,2026-06-05 09:45:00,0.234,valid
DE_1003,2026-06-05 10:00:00,0.24,valid
DE_1003,2026-06-05 10:15:00,0.311,valid
DE_1003,2026-06-05 10:30:00,0.277,valid
DE_1003,2026-06-05 10:45:00,0.298,valid
DE_1003,2026-06-05 11:00:00,0.221,valid
DE_1003,2026-06-05 11:15:00,0.14,valid
DE_1003,2026-06-05 11:30:00,0.202,valid
DE_1003,2026-06-05 11:45:00,0.217,valid
DE_1003,2026-06-05 12:00:00,0.265,valid
DE_1003,2026-06-05 12:15:00,0.257,valid
DE_1003,2026-06-05 12:30:00,0.221,valid
DE_1003,2026-06-05 12:45:00,0.157,valid
DE_1003,2026-06-05 13:00:00,0.231,valid
DE_1003,2026-06-05 13:15:00,0.212,valid
DE_1003,2026-06-05 13:30:00,0.213,valid
DE_1003,2026-06-05 13:45:00,0.163,valid
DE_1003,2026-06-05 14:00:00,0.273,valid
DE_1003,2026-06-05 14:15:00,0.249,valid
DE_1003,2026-06-05 14:30:00,0.29,valid
DE_1003,2026-06-05 14:45:00,0.177,valid
DE_1003,2026-06-05 15:00:00,0.219,valid
DE_1003,2026-06-05 15:15:00,0.457,valid
DE_1003,2026-06-05 15:30:00,0.231,valid
DE_1003,2026-06-05 15:45:00,0.289,valid
DE_1003,2026-06-05 16:00:00,0.322,valid
DE_1003,2026-06-05 16:15:00,0.251,valid
DE_1003,2026-06-05 16:30:00,0.386,valid
DE_1003,2026-06-05 16:45:00,0.297,valid
DE_1003,2026-06-05 17:00:00,0.332,valid
DE_1003,2026-06-05 17:15:00,0.416,valid
DE_1003,2026-06-05 17:30:00,0.285,valid
DE_1003,2026-06-05 17:45:00,0.301,valid
DE_1003,2026-06-05 18:00:00,0.333,valid
DE_1003,2026-06-05 18:15:00,0.281,valid
DE_1003,2026-06-05 18:30:00,0.364,valid
DE_1003,2026-06-05 18:45:00,0.374,valid
DE_1003,2026-06-05 19:00:00,0.384,valid
DE_1003,2026-06-05 19:15:00,0.408,valid
DE_1003,2026-06-05 19:30:00,0.418,valid
DE_1003,2026-06-05 19:45:00,0.392,valid
DE_1003,2026-06-05 20:00:00,0.388,valid
DE_1003,2026-06-05 20:15:00,0.461,valid
DE_1003,2026-06-05 20:30:00,0.365,valid
DE_1003,2026-06-05 20:45:00,0.47,valid
DE_1003,2026-06-05 21:00:00,0.415,valid
DE_1003,2026-06-05 21:15:00,0.463,valid
DE_1003,2026-06-05 21:30:00,0.516,valid
DE_1003,2026-06-05 21:45:00,0.312,valid
DE_1003,2026-06-05 22:00:00,0.44,valid
DE_1003,2026-06-05 22:15:00,0.43,valid
DE_1003,2026-06-05 22:30:00,0.535,valid
DE_1003,2026-06-05 22:45:00,0.43,valid
DE_1003,2026-06-05 23:00:00,0.611,valid
DE_1003,2026-06-05 23:15:00,0.399,valid
DE_1003,2026-06-05 23:30:00,0.492,valid
DE_1003,2026-06-06 00:00:00,0.525,valid
DE_1003,2026-06-06 00:15:00,0.472,valid
DE_1003,2026-06-06 00:30:00,0.477,valid
DE_1003,2026-06-06 00:45:00,0.409,valid
DE_1003,2026-06-06 01:00:00,0.48,valid
DE_1003,2026-06-06 01:15:00,0.4,valid
DE_1003,2026-06-06 01:30:00,0.41,valid
DE_1003,2026-06-06 01:45:00,0.479,valid
DE_1003,2026-06-06 02:00:00,0.444,valid
DE_1003,2026-06-06 02:15:00,0.501,valid
DE_1003,2026-06-06 02:30:00,0.382,valid
DE_1003,2026-06-06 02:45:00,0.471,valid
DE_1003,2026-06-06 03:00:00,0.441,valid
DE_1003,2026-06-06 03:15:00,0.41,valid
DE_1003,2026-06-06 03:30:00,0.385,valid
DE_1003,2026-06-06 03:45:00,0.421,valid
DE_1003,2026-06-06 04:00:00,0.444,valid
DE_1003,2026-06-06 04:15:00,0.381,valid
DE_1003,2026-06-06 04:30:00,0.442,valid
DE_1003,2026-06-06 04:45:00,0.386,valid
DE_1003,2026-06-06 05:00:00,0.461,valid
DE_1003,2026-06-06 05:15:00,0.376,valid
DE_1003,2026-06-06 05:30:00,0.366,valid
DE_1003,2026-06-06 05:45:00,0.294,valid
DE_1003,2026-06-06 06:00:00,0.279,valid
DE_1003,2026-06-06 06:15:00,0.369,valid
DE_1003,2026-06-06 06:30:00,0.339,valid
DE_1003,2026-06-06 06:45:00,0.364,valid
DE_1003,2026-06-06 07:00:00,0.291,valid
DE_1003,2026-06-06 07:15:00,0.317,valid
DE_1003,2026-06-06 07:30:00,0.294,valid
DE_1003,2026-06-06 07:45:00,0.34,valid
DE_1003,2026-06-06 08:00:00,0.289,valid
DE_1003,2026-06-06 08:15:00,0.393,valid
DE_1003,2026-06-06 08:30:00,0.266,valid
DE_1003,2026-06-06 08:45:00,0.356,valid
DE_1003,2026-06-06 09:00:00,0.222,valid
DE_1003,2026-06-06 09:15:00,0.252,valid
DE_1003,2026-06-06 09:30:00,0.233,valid
DE_1003,2026-06-06 09:45:00,0.338,valid
DE_1003,2026-06-06 10:00:00,0.272,valid
DE_1003,2026-06-06 10:15:00,0.257,valid
DE_1003,2026-06-06 10:30:00,0.262,valid
DE_1003,2026-06-06 10:45:00,0.196,valid
DE_1003,2026-06-06 11:00:00,0.295,valid
DE_1003,2026-06-06 11:15:00,0.294,valid
DE_1003,2026-06-06 11:30:00,0.223,valid
DE_1003,2026-06-06 11:45:00,0.226,valid
DE_1003,2026-06-06 12:00:00,0.232,valid
DE_1003,2026-06-06 12:15:00,0.191,valid
DE_1003,2026-06-06 12:30:00,0.19,valid
DE_1003,2026-06-06 12:45:00,0.175,valid
DE_1003,2026-06-06 13:00:00,0.208,valid
DE_1003,2026-06-06 13:15:00,0.201,valid
DE_1003,2026-06-06 13:30:00,0.261,valid
DE_1003,2026-06-06 13:45:00,0.209,valid
DE_1003,2026-06-06 14:00:00,0.229,valid
DE_1003,2026-06-06 14:15:00,0.219,valid
DE_1003,2026-06-06 14:30:00,0.175,valid
DE_1003,2026-06-06 14:45:00,0.328,valid
DE_1003,2026-06-06 15:00:00,0.3,valid
DE_1003,2026-06-06 15:15:00,0.318,valid
DE_1003,2026-06-06 15:30:00,0.249,valid
DE_1003,2026-06-06 15:45:00,0.348,valid
DE_1003,2026-06-06 16:00:00,0.307,valid
DE_1003,2026-06-06 16:15:00,0.373,valid
DE_1003,2026-06-06 16:30:00,0.299,valid
DE_1003,2026-06-06 16:45:00,0.298,valid
DE_1003,2026-06-06 17:00:00,0.299,valid
DE_1003,2026-06-06 17:15:00,0.329,valid
DE_1003,2026-06-06 17:30:00,0.336,valid
DE_1003,2026-06-06 17:45:00,0.4,valid
DE_1003,2026-06-06 18:00:00,0.427,valid
DE_1003,2026-06-06 18:15:00,0.354,valid
DE_1003,2026-06-06 18:30:00,0.411,valid
DE_1003,2026-06-06 18:45:00,0.214,valid
DE_1003,2026-06-06 19:00:00,0.351,valid
DE_1003,2026-06-06 19:15:00,0.387,valid
DE_1003,2026-06-06 19:30:00,0.419,valid
DE_1003,2026-06-06 19:45:00,0.396,valid
DE_1003,2026-06-06 20:00:00,0.397,valid
DE_1003,2026-06-06 20:15:00,0.377,valid
DE_1003,2026-06-06 20:30:00,0.36,valid
DE_1003,2026-06-06 20:45:00,0.495,valid
DE_1003,2026-06-06 21:00:00,0.481,valid
DE_1003,2026-06-06 21:15:00,0.49,valid
DE_1003,2026-06-06 21:30:00,0.426,valid
DE_1003,2026-06-06 21:45:00,0.398,valid
DE_1003,2026-06-06 22:00:00,0.478,valid
DE_1003,2026-06-06 22:15:00,0.449,valid
DE_1003,2026-06-06 22:30:00,0.444,valid
DE_1003,2026-06-06 22:45:00,0.449,valid
DE_1003,2026-06-06 23:00:00,0.443,valid
DE_1003,2026-06-06 23:15:00,0.431,valid
DE_1003,2026-06-06 23:30:00,0.463,valid
DE_1003,2026-06-06 23:45:00,0.406,valid
DE_1003,2026-06-07 00:00:00,0.53,valid
DE_1003,2026-06-07 00:15:00,0.542,valid
DE_1003,2026-06-07 00:30:00,0.462,valid
DE_1003,2026-06-07 00:45:00,0.409,valid
DE_1003,2026-06-07 01:00:00,0.495,valid
DE_1003,2026-06-07 01:15:00,0.487,valid
DE_1003,2026-06-07 01:30:00,0.476,valid
DE_1003,2026-06-07 01:45:00,0.408,valid
DE_1003,2026-06-07 02:00:00,0.354,valid
DE_1003,2026-06-07 02:15:00,0.536,valid
DE_1003,2026-06-07 02:30:00,0.439,valid
DE_1003,2026-06-07 02:45:00,0.475,valid
DE_1003,2026-06-07 03:00:00,0.421,valid
DE_1003,2026-06-07 03:15:00,0.446,valid
DE_1003,2026-06-07 03:30:00,0.361,valid
DE_1003,2026-06-07 03:45:00,0.403,valid
DE_1003,2026-06-07 04:00:00,0.332,valid
DE_1003,2026-06-07 04:15:00,0.346,valid
DE_1003,2026-06-07 04:30:00,0.365,valid
DE_1003,2026-06-07 04:45:00,0.31,valid
DE_1003,2026-06-07 05:00:00,0.352,valid
DE_1003,2026-06-07 05:15:00,0.339,valid
DE_1003,2026-06-07 05:30:00,0.316,valid
DE_1003,2026-06-07 05:45:00,0.368,valid
DE_1003,2026-06-07 06:00:00,0.349,valid
DE_1003,2026-06-07 06:15:00,0.308,valid
DE_1003,2026-06-07 06:30:00,0.451,valid
DE_1003,2026-06-07 06:45:00,0.386,valid
DE_1003,2026-06-07 07:00:00,0.381,valid
DE_1003,2026-06-07 07:15:00,0.309,valid
DE_1003,2026-06-07 07:30:00,0.37,valid
DE_1003,2026-06-07 07:45:00,0.363,valid
DE_1003,2026-06-07 08:00:00,0.249,valid
DE_1003,2026-06-07 08:15:00,0.266,valid
DE_1003,2026-06-07 08:45:00,0.279,valid
DE_1003,2026-06-07 09:00:00,0.299,valid
DE_1003,2026-06-07 09:15:00,0.264,valid
DE_1003,2026-06-07 09:30:00,0.317,valid
DE_1003,2026-06-07 09:45:00,0.225,valid
DE_1003,2026-06-07 10:00:00,0.2,valid
DE_1003,2026-06-07 10:15:00,0.307,valid
DE_1003,2026-06-07 10:30:00,0.26,valid
DE_1003,2026-06-07 10:45:00,0.126,valid
DE_1003,2026-06-07 11:00:00,0.226,valid
DE_1003,2026-06-07 11:15:00,0.216,valid
DE_1003,2026-06-07 11:30:00,0.261,valid
DE_1003,2026-06-07 11:45:00,0.241,valid
DE_1003,2026-06-07 12:00:00,0.217,valid
DE_1003,2026-06-07 12:15:00,0.204,valid
DE_1003,2026-06-07 12:30:00,0.215,valid
DE_1003,2026-06-07 12:45:00,0.142,valid
DE_1003,2026-06-07 13:00:00,0.184,valid
DE_1003,2026-06-07 13:15:00,0.182,valid
DE_1003,2026-06-07 13:30:00,0.158,valid
DE_1003,2026-06-07 13:45:00,0.264,valid
DE_1003,2026-06-07 14:00:00,0.304,valid
DE_1003,2026-06-07 14:15:00,0.281,valid
DE_1003,2026-06-07 14:30:00,0.22,valid
DE_1003,2026-06-07 14:45:00,0.223,valid
DE_1003,2026-06-07 15:00:00,0.253,valid
DE_1003,2026-06-07 15:15:00,0.331,valid
DE_1003,2026-06-07 15:30:00,0.301,valid
DE_1003,2026-06-07 15:45:00,0.362,valid
DE_1003,2026-06-07 16:00:00,0.252,valid
DE_1003,2026-06-07 16:15:00,0.289,valid
DE_1003,2026-06-07 16:30:00,0.237,valid
DE_1003,2026-06-07 16:45:00,0.229,valid
DE_1003,2026-06-07 17:00:00,0.317,valid
DE_1003,2026-06-07 17:15:00,0.308,valid
DE_1003,2026-06-07 17:30:00,0.299,valid
DE_1003,2026-06-07 17:45:00,0.248,valid
DE_1003,2026-06-07 18:00:00,0.36,valid
DE_1003,2026-06-07 18:15:00,0.336,valid
DE_1003,2026-06-07 18:30:00,0.396,valid
DE_1003,2026-06-07 18:45:00,0.378,valid
DE_1003,2026-06-07 19:00:00,0.309,valid
DE_1003,2026-06-07 19:15:00,0.395,valid
DE_1003,2026-06-07 19:30:00,0.345,valid
DE_1003,2026-06-07 19:45:00,0.452,valid
DE_1003,2026-06-07 20:00:00,0.399,valid
DE_1003,2026-06-07 20:15:00,0.375,valid
DE_1003,2026-06-07 20:30:00,0.38,valid
DE_1003,2026-06-07 20:45:00,0.325,valid
DE_1003,2026-06-07 21:00:00,0.489,valid
DE_1003,2026-06-07 21:30:00,0.339,valid
DE_1003,2026-06-07 21:45:00,0.412,valid
DE_1003,2026-06-07 22:00:00,0.444,valid
DE_1003,2026-06-07 22:15:00,0.42,valid
DE_1003,2026-06-07 22:30:00,0.511,valid
DE_1003,2026-06-07 22:45:00,0.512,valid
DE_1003,2026-06-07 23:00:00,0.463,valid
DE_1003,2026-06-07 23:15:00,0.579,valid
DE_1003,2026-06-07 23:30:00,0.477,valid
DE_1003,2026-06-07 23:45:00,0.463,valid
DE_1004,2026-06-01 00:00:00,0.514,valid
DE_1004,2026-06-01 00:15:00,0.463,valid
DE_1004,2026-06-01 00:30:00,0.573,valid
DE_1004,2026-06-01 00:45:00,0.531,valid
DE_1004,2026-06-01 01:00:00,0.457,valid
DE_1004,2026-06-01 01:15:00,0.466,valid
DE_1004,2026-06-01 01:30:00,0.43,valid
DE_1004,2026-06-01 01:45:00,0.488,valid
DE_1004,2026-06-01 02:00:00,0.385,valid
DE_1004,2026-06-01 02:15:00,0.45,valid
DE_1004,2026-06-01 02:30:00,0.424,valid
DE_1004,2026-06-01 02:45:00,0.478,valid
DE_1004,2026-06-01 03:00:00,0.477,valid
DE_1004,2026-06-01 03:15:00,0.464,valid
DE_1004,2026-06-01 03:30:00,0.419,valid
DE_1004,2026-06-01 03:45:00,0.39,valid
DE_1004,2026-06-01 04:00:00,0.385,valid
DE_1004,2026-06-01 04:15:00,0.399,valid
DE_1004,2026-06-01 04:30:00,0.424,valid
DE_1004,2026-06-01 04:45:00,0.372,valid
DE_1004,2026-06-01 05:00:00,0.327,valid
DE_1004,2026-06-01 05:15:00,0.384,valid
DE_1004,2026-06-01 05:30:00,0.443,valid
DE_1004,2026-06-01 05:45:00,0.469,valid
DE_1004,2026-06-01 06:00:00,0.39,valid
DE_1004,2026-06-01 06:15:00,0.3,valid
DE_1004,2026-06-01 06:30:00,0.42,valid
DE_1004,2026-06-01 06:45:00,0.308,valid
DE_1004,2026-06-01 07:00:00,0.286,valid
DE_1004,2026-06-01 07:15:00,0.346,valid
DE_1004,2026-06-01 07:30:00,0.256,valid
DE_1004,2026-06-01 07:45:00,0.365,valid
DE_1004,2026-06-01 08:00:00,0.297,valid
DE_1004,2026-06-01 08:15:00,0.32,valid
DE_1004,2026-06-01 08:30:00,0.259,valid
DE_1004,2026-06-01 08:45:00,0.342,valid
DE_1004,2026-06-01 09:00:00,0.301,valid
DE_1004,2026-06-01 09:15:00,0.257,valid
DE_1004,2026-06-01 09:30:00,0.322,valid
DE_1004,2026-06-01 09:45:00,0.142,valid
DE_1004,2026-06-01 10:00:00,0.268,valid
DE_1004,2026-06-01 10:15:00,0.245,valid
DE_1004,2026-06-01 10:30:00,0.21,valid
DE_1004,2026-06-01 10:45:00,0.259,valid
DE_1004,2026-06-01 11:00:00,0.25,valid
DE_1004,2026-06-01 11:15:00,0.188,valid
DE_1004,2026-06-01 11:30:00,0.219,valid
DE_1004,2026-06-01 11:45:00,0.223,valid
DE_1004,2026-06-01 12:00:00,0.22,valid
DE_1004,2026-06-01 12:15:00,0.261,valid
DE_1004,2026-06-01 12:30:00,0.177,valid
DE_1004,2026-06-01 12:45:00,0.266,valid
DE_1004,2026-06-01 13:00:00,0.16,valid
DE_1004,2026-06-01 13:15:00,0.24,valid
DE_1004,2026-06-01 13:30:00,0.139,valid
DE_1004,2026-06-01 13:45:00,0.229,valid
DE_1004,2026-06-01 14:00:00,0.286,valid
DE_1004,2026-06-01 14:15:00,0.351,valid
DE_1004,2026-06-01 14:30:00,0.252,valid
DE_1004,2026-06-01 14:45:00,0.213,valid
DE_1004,2026-06-01 15:00:00,0.326,valid
DE_1004,2026-06-01 15:15:00,0.277,valid
DE_1004,2026-06-01 15:30:00,0.28,valid
DE_1004,2026-06-01 15:45:00,0.321,valid
DE_1004,2026-06-01 16:00:00,0.355,valid
DE_1004,2026-06-01 16:15:00,0.213,valid
DE_1004,2026-06-01 16:30:00,0.303,valid
DE_1004,2026-06-01 16:45:00,0.299,valid
DE_1004,2026-06-01 17:00:00,0.272,valid
DE_1004,2026-06-01 17:15:00,0.244,valid
DE_1004,2026-06-01 17:30:00,0.322,valid
DE_1004,2026-06-01 17:45:00,0.302,valid
DE_1004,2026-06-01 18:00:00,0.314,valid
DE_1004,2026-06-01 18:15:00,0.343,valid
DE_1004,2026-06-01 18:30:00,0.332,valid
DE_1004,2026-06-01 18:45:00,0.351,valid
DE_1004,2026-06-01 19:00:00,0.454,valid
DE_1004,2026-06-01 19:15:00,0.373,valid
DE_1004,2026-06-01 19:30:00,0.469,valid
DE_1004,2026-06-01 19:45:00,0.437,valid
DE_1004,2026-06-01 20:00:00,0.448,valid
DE_1004,2026-06-01 20:15:00,0.364,valid
DE_1004,2026-06-01 20:30:00,0.385,valid
DE_1004,2026-06-01 20:45:00,0.354,valid
DE_1004,2026-06-01 21:00:00,0.446,valid
DE_1004,2026-06-01 21:15:00,0.422,valid
DE_1004,2026-06-01 21:30:00,0.447,valid
DE_1004,2026-06-01 21:45:00,0.44,valid
DE_1004,2026-06-01 22:00:00,0.458,valid
DE_1004,2026-06-01 22:15:00,0.432,valid
DE_1004,2026-06-01 22:30:00,0.401,valid
DE_1004,2026-06-01 22:45:00,0.428,valid
DE_1004,2026-06-01 23:00:00,0.511,valid
DE_1004,2026-06-01 23:15:00,0.467,valid
DE_1004,2026-06-01 23:30:00,0.472,valid
DE_1004,2026-06-01 23:45:00,0.518,valid
DE_1004,2026-06-02 00:00:00,0.524,valid
DE_1004,2026-06-02 00:15:00,0.426,valid
DE_1004,2026-06-02 00:30:00,0.496,valid
DE_1004,2026-06-02 00:45:00,0.456,valid
DE_1004,2026-06-02 01:00:00,0.472,valid
DE_1004,2026-06-02 01:15:00,0.495,valid
DE_1004,2026-06-02 01:30:00,0.5,valid
DE_1004,2026-06-02 01:45:00,0.558,valid
DE_1004,2026-06-02 02:00:00,0.425,valid
DE_1004,2026-06-02 02:15:00,0.435,valid
DE_1004,2026-06-02 02:30:00,0.479,valid
DE_1004,2026-06-02 02:45:00,0.498,valid
DE_1004,2026-06-02 03:00:00,0.373,valid
DE_1004,2026-06-02 03:15:00,0.459,valid
DE_1004,2026-06-02 03:30:00,0.458,valid
DE_1004,2026-06-02 03:45:00,0.417,valid
DE_1004,2026-06-02 04:00:00,0.386,valid
DE_1004,2026-06-02 04:15:00,0.437,valid
DE_1004,2026-06-02 04:30:00,0.421,valid
DE_1004,2026-06-02 04:45:00,0.42,valid
DE_1004,2026-06-02 05:00:00,0.338,valid
DE_1004,2026-06-02 05:15:00,0.289,valid
DE_1004,2026-06-02 05:37:00,0.37,valid
DE_1004,2026-06-02 05:45:00,0.361,valid
DE_1004,2026-06-02 06:00:00,0.373,valid
DE_1004,2026-06-02 06:15:00,0.312,valid
DE_1004,2026-06-02 06:30:00,0.382,valid
DE_1004,2026-06-02 06:45:00,0.37,valid
DE_1004,2026-06-02 07:00:00,0.288,valid
DE_1004,2026-06-02 07:15:00,0.372,valid
DE_1004,2026-06-02 07:30:00,0.308,valid
DE_1004,2026-06-02 07:45:00,0.29,valid
DE_1004,2026-06-02 08:00:00,0.313,valid
DE_1004,2026-06-02 08:15:00,0.299,valid
DE_1004,2026-06-02 08:30:00,0.255,valid
DE_1004,2026-06-02 08:45:00,0.331,valid
DE_1004,2026-06-02 09:00:00,0.275,valid
DE_1004,2026-06-02 09:15:00,0.237,valid
DE_1004,2026-06-02 09:30:00,0.187,valid
DE_1004,2026-06-02 09:45:00,0.296,valid
DE_1004,2026-06-02 10:00:00,0.255,valid
DE_1004,2026-06-02 10:15:00,0.256,valid
DE_1004,2026-06-02 10:30:00,0.319,valid
DE_1004,2026-06-02 10:45:00,0.125,valid
DE_1004,2026-06-02 11:00:00,0.288,valid
DE_1004,2026-06-02 11:15:00,0.293,valid
DE_1004,2026-06-02 11:30:00,0.176,valid
DE_1004,2026-06-02 11:45:00,0.276,valid
DE_1004,2026-06-02 12:00:00,0.159,valid
DE_1004,2026-06-02 12:15:00,0.148,valid
DE_1004,2026-06-02 12:30:00,0.195,valid
DE_1004,2026-06-02 12:45:00,0.291,valid
DE_1004,2026-06-02 13:00:00,0.243,valid
DE_1004,2026-06-02 13:15:00,0.227,valid
DE_1004,2026-06-02 13:30:00,0.269,valid
DE_1004,2026-06-02 13:45:00,0.194,valid
DE_1004,2026-06-02 14:00:00,0.325,valid
DE_1004,2026-06-02 14:15:00,0.329,valid
DE_1004,2026-06-02 14:30:00,0.271,valid
DE_1004,2026-06-02 14:45:00,0.211,valid
DE_1004,2026-06-02 15:00:00,0.329,valid
DE_1004,2026-06-02 15:15:00,0.29,valid
DE_1004,2026-06-02 15:30:00,0.307,valid
DE_1004,2026-06-02 15:45:00,0.332,valid
DE_1004,2026-06-02 16:00:00,0.322,valid
DE_1004,2026-06-02 16:15:00,0.255,valid
DE_1004,2026-06-02 16:30:00,0.375,valid
DE_1004,2026-06-02 16:45:00,0.314,valid
DE_1004,2026-06-02 17:00:00,0.341,valid
DE_1004,2026-06-02 17:15:00,0.356,valid
DE_1004,2026-06-02 17:30:00,0.341,valid
DE_1004,2026-06-02 17:45:00,0.362,valid
DE_1004,2026-06-02 18:00:00,0.36,valid
DE_1004,2026-06-02 18:15:00,0.341,valid
DE_1004,2026-06-02 18:30:00,0.322,valid
DE_1004,2026-06-02 18:45:00,0.324,valid
DE_1004,2026-06-02 19:00:00,0.361,valid
DE_1004,2026-06-02 19:15:00,0.424,valid
DE_1004,2026-06-02 19:30:00,0.358,valid
DE_1004,2026-06-02 19:45:00,0.369,valid
DE_1004,2026-06-02 20:00:00,0.395,valid
DE_1004,2026-06-02 20:15:00,0.427,valid
DE_1004,2026-06-02 20:30:00,0.432,valid
DE_1004,2026-06-02 20:45:00,0.499,valid
DE_1004,2026-06-02 21:00:00,0.355,valid
DE_1004,2026-06-02 21:15:00,0.414,valid
DE_1004,2026-06-02 21:30:00,0.454,valid
DE_1004,2026-06-02 21:45:00,0.341,valid
DE_1004,2026-06-02 22:00:00,0.537,valid
DE_1004,2026-06-02 22:15:00,0.444,valid
DE_1004,2026-06-02 22:30:00,0.41,valid
DE_1004,2026-06-02 22:45:00,0.499,valid
DE_1004,2026-06-02 23:00:00,0.365,valid
DE_1004,2026-06-02 23:15:00,0.486,valid
DE_1004,2026-06-02 23:30:00,0.425,valid
DE_1004,2026-06-02 23:45:00,0.474,valid
DE_1004,2026-06-03 00:00:00,0.519,valid
DE_1004,2026-06-03 00:15:00,0.54,valid
DE_1004,2026-06-03 00:30:00,0.521,valid
DE_1004,2026-06-03 00:45:00,0.604,valid
DE_1004,2026-06-03 01:00:00,0.478,valid
DE_1004,2026-06-03 01:15:00,0.458,valid
DE_1004,2026-06-03 01:30:00,0.536,valid
DE_1004,2026-06-03 01:45:00,0.472,valid
DE_1004,2026-06-03 02:00:00,0.471,valid
DE_1004,2026-06-03 02:15:00,0.253,valid
DE_1004,2026-06-03 02:30:00,0.473,valid
DE_1004,2026-06-03 02:45:00,0.446,valid
DE_1004,2026-06-03 03:00:00,0.403,valid
DE_1004,2026-06-03 03:15:00,0.392,valid
DE_1004,2026-06-03 03:30:00,0.47,valid
DE_1004,2026-06-03 03:45:00,0.323,valid
DE_1004,2026-06-03 04:00:00,0.557,valid
DE_1004,2026-06-03 04:15:00,0.458,valid
DE_1004,2026-06-03 04:30:00,0.418,valid
DE_1004,2026-06-03 04:45:00,0.495,valid
DE_1004,2026-06-03 05:00:00,0.389,valid
DE_1004,2026-06-03 05:15:00,0.33,valid
DE_1004,2026-06-03 05:30:00,0.426,valid
DE_1004,2026-06-03 05:45:00,0.293,valid
DE_1004,2026-06-03 06:00:00,0.38,valid
DE_1004,2026-06-03 06:15:00,0.41,valid
DE_1004,2026-06-03 06:30:00,0.377,valid
DE_1004,2026-06-03 06:45:00,0.277,valid
DE_1004,2026-06-03 07:00:00,0.335,valid
DE_1004,2026-06-03 07:15:00,0.319,valid
DE_1004,2026-06-03 07:30:00,0.288,valid
DE_1004,2026-06-03 07:45:00,0.209,valid
DE_1004,2026-06-03 08:00:00,0.241,valid
DE_1004,2026-06-03 08:15:00,0.275,valid
DE_1004,2026-06-03 08:30:00,0.356,valid
DE_1004,2026-06-03 08:45:00,0.438,valid
DE_1004,2026-06-03 09:00:00,0.318,valid
DE_1004,2026-06-03 09:15:00,0.236,valid
DE_1004,2026-06-03 09:30:00,0.254,valid
DE_1004,2026-06-03 09:45:00,0.329,valid
DE_1004,2026-06-03 10:00:00,0.281,valid
DE_1004,2026-06-03 10:15:00,0.27,valid
DE_1004,2026-06-03 10:30:00,0.262,valid
DE_1004,2026-06-03 10:45:00,0.31,valid
DE_1004,2026-06-03 11:00:00,0.337,valid
DE_1004,2026-06-03 11:15:00,0.225,valid
DE_1004,2026-06-03 11:30:00,0.233,valid
DE_1004,2026-06-03 11:45:00,0.25,valid
DE_1004,2026-06-03 12:00:00,0.177,valid
DE_1004,2026-06-03 12:30:00,0.225,valid
DE_1004,2026-06-03 12:45:00,0.163,valid
DE_1004,2026-06-03 13:00:00,0.291,valid
DE_1004,2026-06-03 13:15:00,0.234,valid
DE_1004,2026-06-03 13:30:00,0.3,valid
DE_1004,2026-06-03 13:45:00,0.182,valid
DE_1004,2026-06-03 14:00:00,0.307,valid
DE_1004,2026-06-03 14:15:00,0.168,valid
DE_1004,2026-06-03 14:30:00,0.297,valid
DE_1004,2026-06-03 14:45:00,0.238,valid
DE_1004,2026-06-03 15:00:00,0.322,valid
DE_1004,2026-06-03 15:15:00,0.257,valid
DE_1004,2026-06-03 15:30:00,0.309,valid
DE_1004,2026-06-03 15:45:00,0.3,valid
DE_1004,2026-06-03 16:00:00,0.319,valid
DE_1004,2026-06-03 16:15:00,0.322,valid
DE_1004,2026-06-03 16:30:00,0.384,valid
DE_1004,2026-06-03 16:45:00,0.272,valid
DE_1004,2026-06-03 17:00:00,0.395,valid
DE_1004,2026-06-03 17:15:00,0.307,valid
DE_1004,2026-06-03 17:30:00,0.385,valid
DE_1004,2026-06-03 17:45:00,0.442,valid
DE_1004,2026-06-03 18:00:00,0.31,valid
DE_1004,2026-06-03 18:15:00,0.242,valid
DE_1004,2026-06-03 18:30:00,0.358,valid
DE_1004,2026-06-03 18:45:00,0.315,valid
DE_1004,2026-06-03 19:00:00,0.349,valid
DE_1004,2026-06-03 19:15:00,0.359,valid
DE_1004,2026-06-03 19:30:00,0.348,valid
DE_1004,2026-06-03 19:45:00,0.447,valid
DE_1004,2026-06-03 20:00:00,0.456,valid
DE_1004,2026-06-03 20:15:00,0.458,valid
DE_1004,2026-06-03 20:30:00,0.516,valid
DE_1004,2026-06-03 20:45:00,0.361,valid
DE_1004,2026-06-03 21:00:00,0.3,valid
DE_1004,2026-06-03 21:15:00,0.526,valid
DE_1004,2026-06-03 21:30:00,0.438,valid
DE_1004,2026-06-03 21:45:00,0.422,valid
DE_1004,2026-06-03 22:00:00,0.36,valid
DE_1004,2026-06-03 22:15:00,0.382,valid
DE_1004,2026-06-03 22:30:00,0.485,valid
DE_1004,2026-06-03 22:45:00,0.443,valid
DE_1004,2026-06-03 23:00:00,0.367,valid
DE_1004,2026-06-03 23:15:00,0.428,valid
DE_1004,2026-06-03 23:30:00,0.527,valid
DE_1004,2026-06-03 23:45:00,0.539,valid
DE_1004,2026-06-04 00:00:00,0.511,valid
DE_1004,2026-06-04 00:15:00,0.642,valid
DE_1004,2026-06-04 00:30:00,0.551,valid
DE_1004,2026-06-04 00:45:00,0.591,valid
DE_1004,2026-06-04 01:00:00,0.542,valid
DE_1004,2026-06-04 01:15:00,0.517,valid
DE_1004,2026-06-04 01:30:00,0.408,valid
DE_1004,2026-06-04 01:45:00,0.395,valid
DE_1004,2026-06-04 02:00:00,0.413,valid
DE_1004,2026-06-04 02:15:00,0.463,valid
DE_1004,2026-06-04 02:30:00,0.45,valid
DE_1004,2026-06-04 02:45:00,0.469,valid
DE_1004,2026-06-04 03:15:00,0.449,valid
DE_1004,2026-06-04 03:30:00,0.474,valid
DE_1004,2026-06-04 03:45:00,0.425,valid
DE_1004,2026-06-04 04:00:00,0.386,valid
DE_1004,2026-06-04 04:15:00,0.269,valid
DE_1004,2026-06-04 04:30:00,0.444,valid
DE_1004,2026-06-04 04:45:00,0.361,valid
DE_1004,2026-06-04 05:00:00,0.33,valid
DE_1004,2026-06-04 05:15:00,0.418,valid
DE_1004,2026-06-04 05:30:00,0.421,valid
DE_1004,2026-06-04 05:45:00,0.409,valid
DE_1004,2026-06-04 06:00:00,0.398,valid
DE_1004,2026-06-04 06:15:00,0.295,valid
DE_1004,2026-06-04 06:30:00,0.339,valid
DE_1004,2026-06-04 06:45:00,0.322,valid
DE_1004,2026-06-04 07:00:00,0.411,valid
DE_1004,2026-06-04 07:15:00,0.368,valid
DE_1004,2026-06-04 07:30:00,0.313,valid
DE_1004,2026-06-04 07:45:00,0.367,valid
DE_1004,2026-06-04 08:00:00,0.319,valid
DE_1004,2026-06-04 08:15:00,0.294,valid
DE_1004,2026-06-04 08:30:00,0.323,valid
DE_1004,2026-06-04 08:45:00,0.343,valid
DE_1004,2026-06-04 09:00:00,0.268,valid
DE_1004,2026-06-04 09:15:00,0.212,valid
DE_1004,2026-06-04 09:30:00,0.293,valid
DE_1004,2026-06-04 09:45:00,0.262,valid
DE_1004,2026-06-04 10:00:00,0.193,valid
DE_1004,2026-06-04 10:15:00,0.212,valid
DE_1004,2026-06-04 10:30:00,0.238,valid
DE_1004,2026-06-04 10:45:00,0.251,valid
DE_1004,2026-06-04 11:00:00,0.253,valid
DE_1004,2026-06-04 11:15:00,0.214,valid
DE_1004,2026-06-04 11:30:00,0.247,valid
DE_1004,2026-06-04 11:45:00,0.206,valid
DE_1004,2026-06-04 12:00:00,0.227,valid
DE_1004,2026-06-04 12:15:00,0.22,valid
DE_1004,2026-06-04 12:30:00,0.228,valid
DE_1004,2026-06-04 12:45:00,0.272,valid
DE_1004,2026-06-04 13:00:00,0.211,valid
DE_1004,2026-06-04 13:15:00,0.145,valid
DE_1004,2026-06-04 13:30:00,0.221,valid
DE_1004,2026-06-04 13:45:00,0.265,valid
DE_1004,2026-06-04 14:00:00,0.251,valid
DE_1004,2026-06-04 14:15:00,0.266,valid
DE_1004,2026-06-04 14:30:00,0.164,valid
DE_1004,2026-06-04 14:45:00,0.208,valid
DE_1004,2026-06-04 15:00:00,0.302,valid
DE_1004,2026-06-04 15:15:00,0.314,valid
DE_1004,2026-06-04 15:30:00,0.237,valid
DE_1004,2026-06-04 15:45:00,0.293,valid
DE_1004,2026-06-04 16:00:00,0.264,valid
DE_1004,2026-06-04 16:15:00,0.242,valid
DE_1004,2026-06-04 16:30:00,0.304,valid
DE_1004,2026-06-04 17:00:00,0.345,valid
DE_1004,2026-06-04 17:15:00,0.362,valid
DE_1004,2026-06-04 17:30:00,0.409,valid
DE_1004,2026-06-04 17:45:00,0.372,valid
DE_1004,2026-06-04 18:00:00,0.332,valid
DE_1004,2026-06-04 18:15:00,0.397,valid
DE_1004,2026-06-04 18:30:00,0.277,valid
DE_1004,2026-06-04 18:45:00,0.355,valid
DE_1004,2026-06-04 19:00:00,0.428,valid
DE_1004,2026-06-04 19:15:00,0.409,valid
DE_1004,2026-06-04 19:30:00,0.416,valid
DE_1004,2026-06-04 19:45:00,0.471,valid
DE_1004,2026-06-04 20:00:00,0.363,valid
DE_1004,2026-06-04 20:15:00,0.44,valid
DE_1004,2026-06-04 20:30:00,0.395,valid
DE_1004,2026-06-04 20:45:00,0.456,valid
DE_1004,2026-06-04 21:00:00,0.431,valid
DE_1004,2026-06-04 21:15:00,0.464,valid
DE_1004,2026-06-04 21:30:00,0.502,valid
DE_1004,2026-06-04 21:45:00,0.457,valid
DE_1004,2026-06-04 22:00:00,0.44,valid
DE_1004,2026-06-04 22:15:00,0.432,valid
DE_1004,2026-06-04 22:30:00,0.415,valid
DE_1004,2026-06-04 22:45:00,0.502,valid
DE_1004,2026-06-04 23:00:00,0.541,valid
DE_1004,2026-06-04 23:15:00,0.463,valid
DE_1004,2026-06-04 23:30:00,0.385,valid
DE_1004,2026-06-04 23:45:00,0.443,valid
DE_1004,2026-06-05 00:00:00,0.522,valid
DE_1004,2026-06-05 00:15:00,0.453,valid
DE_1004,2026-06-05 00:30:00,0.402,valid
DE_1004,2026-06-05 00:45:00,0.478,valid
DE_1004,2026-06-05 01:00:00,0.373,valid
DE_1004,2026-06-05 01:15:00,0.491,valid
DE_1004,2026-06-05 01:30:00,0.455,valid
DE_1004,2026-06-05 01:45:00,0.478,valid
DE_1004,2026-06-05 02:00:00,0.515,valid
DE_1004,2026-06-05 02:15:00,0.405,valid
DE_1004,2026-06-05 02:30:00,0.343,valid
DE_1004,2026-06-05 02:45:00,0.449,valid
DE_1004,2026-06-05 03:00:00,0.448,valid
DE_1004,2026-06-05 03:15:00,0.354,valid
DE_1004,2026-06-05 03:30:00,0.407,valid
DE_1004,2026-06-05 03:45:00,0.408,valid
DE_1004,2026-06-05 04:00:00,0.401,valid
DE_1004,2026-06-05 04:15:00,0.369,valid
DE_1004,2026-06-05 04:30:00,0.533,valid
DE_1004,2026-06-05 04:45:00,0.387,valid
DE_1004,2026-06-05 05:00:00,0.384,valid
DE_1004,2026-06-05 05:15:00,0.351,valid
DE_1004,2026-06-05 05:30:00,0.243,valid
DE_1004,2026-06-05 05:45:00,0.444,valid
DE_1004,2026-06-05 06:00:00,0.192,valid
DE_1004,2026-06-05 06:15:00,0.418,valid
DE_1004,2026-06-05 06:30:00,0.284,valid
DE_1004,2026-06-05 06:45:00,0.282,valid
DE_1004,2026-06-05 07:00:00,0.32,valid
DE_1004,2026-06-05 07:15:00,0.435,valid
DE_1004,2026-06-05 07:30:00,0.341,valid
DE_1004,2026-06-05 07:45:00,0.315,valid
DE_1004,2026-06-05 08:00:00,0.262,valid
DE_1004,2026-06-05 08:15:00,0.333,valid
DE_1004,2026-06-05 08:30:00,0.281,valid
DE_1004,2026-06-05 08:45:00,0.336,valid
DE_1004,2026-06-05 09:00:00,0.177,valid
DE_1004,2026-06-05 09:15:00,0.301,valid
DE_1004,2026-06-05 09:30:00,0.291,valid
DE_1004,2026-06-05 09:45:00,0.207,valid
DE_1004,2026-06-05 10:00:00,0.198,valid
DE_1004,2026-06-05 10:15:00,0.243,valid
DE_1004,2026-06-05 10:30:00,0.226,valid
DE_1004,2026-06-05 10:45:00,0.265,valid
DE_1004,2026-06-05 11:00:00,0.153,valid
DE_1004,2026-06-05 11:15:00,0.181,valid
DE_1004,2026-06-05 11:30:00,0.331,valid
DE_1004,2026-06-05 11:45:00,0.183,valid
DE_1004,2026-06-05 12:00:00,0.179,valid
DE_1004,2026-06-05 12:15:00,0.191,valid
DE_1004,2026-06-05 12:30:00,0.186,valid
DE_1004,2026-06-05 12:45:00,0.26,valid
DE_1004,2026-06-05 13:00:00,0.196,valid
DE_1004,2026-06-05 13:15:00,0.268,valid
DE_1004,2026-06-05 13:30:00,0.182,valid
DE_1004,2026-06-05 13:45:00,0.264,valid
DE_1004,2026-06-05 14:00:00,0.239,valid
DE_1004,2026-06-05 14:15:00,0.241,valid
DE_1004,2026-06-05 14:30:00,0.246,valid
DE_1004,2026-06-05 14:45:00,0.278,valid
DE_1004,2026-06-05 15:00:00,0.215,valid
DE_1004,2026-06-05 15:15:00,0.226,valid
DE_1004,2026-06-05 15:30:00,0.377,valid
DE_1004,2026-06-05 15:45:00,0.3,valid
DE_1004,2026-06-05 16:00:00,0.282,valid
DE_1004,2026-06-05 16:15:00,0.332,valid
DE_1004,2026-06-05 16:30:00,0.297,valid
DE_1004,2026-06-05 16:45:00,0.187,valid
DE_1004,2026-06-05 17:00:00,0.333,valid
DE_1004,2026-06-05 17:15:00,0.319,valid
DE_1004,2026-06-05 17:30:00,0.342,valid
DE_1004,2026-06-05 17:45:00,0.286,valid
DE_1004,2026-06-05 18:00:00,0.339,valid
DE_1004,2026-06-05 18:15:00,0.407,valid
DE_1004,2026-06-05 18:30:00,0.342,valid
DE_1004,2026-06-05 18:45:00,0.329,valid
DE_1004,2026-06-05 19:00:00,0.393,valid
DE_1004,2026-06-05 19:15:00,0.355,valid
DE_1004,2026-06-05 19:30:00,0.428,valid
DE_1004,2026-06-05 19:45:00,0.366,valid
DE_1004,2026-06-05 20:00:00,0.418,valid
DE_1004,2026-06-05 20:15:00,0.365,valid
DE_1004,2026-06-05 20:30:00,0.338,valid
DE_1004,2026-06-05 20:45:00,0.436,valid
DE_1004,2026-06-05 21:00:00,0.438,valid
DE_1004,2026-06-05 21:15:00,0.457,valid
DE_1004,2026-06-05 21:30:00,0.462,valid
DE_1004,2026-06-05 21:45:00,0.352,valid
DE_1004,2026-06-05 22:00:00,0.456,valid
DE_1004,2026-06-05 22:15:00,0.35,valid
DE_1004,2026-06-05 22:30:00,0.476,valid
DE_1004,2026-06-05 22:45:00,0.396,valid
DE_1004,2026-06-05 23:00:00,0.498,valid
DE_1004,2026-06-05 23:15:00,0.511,valid
DE_1004,2026-06-05 23:30:00,0.448,valid
DE_1004,2026-06-05 23:45:00,0.474,valid
DE_1004,2026-06-06 00:00:00,0.561,valid
DE_1004,2026-06-06 00:15:00,0.417,valid
DE_1004,2026-06-06 00:30:00,0.532,valid
DE_1004,2026-06-06 00:45:00,0.506,valid
DE_1004,2026-06-06 01:00:00,0.522,valid
DE_1004,2026-06-06 01:15:00,0.392,valid
DE_1004,2026-06-06 01:30:00,0.475,valid
DE_1004,2026-06-06 01:45:00,0.53,valid
DE_1004,2026-06-06 02:00:00,0.518,valid
DE_1004,2026-06-06 02:15:00,0.412,valid
DE_1004,2026-06-06 02:30:00,0.436,valid
DE_1004,2026-06-06 02:45:00,0.542,valid
DE_1004,2026-06-06 03:00:00,0.354,valid
DE_1004,2026-06-06 03:15:00,0.423,valid
DE_1004,2026-06-06 03:30:00,0.434,valid
DE_1004,2026-06-06 03:45:00,0.434,valid
DE_1004,2026-06-06 04:00:00,0.353,valid
DE_1004,2026-06-06 04:15:00,0.448,valid
DE_1004,2026-06-06 04:30:00,0.444,valid
DE_1004,2026-06-06 04:45:00,0.491,valid
DE_1004,2026-06-06 05:00:00,0.335,valid
DE_1004,2026-06-06 05:15:00,0.351,valid
DE_1004,2026-06-06 05:30:00,0.43,valid
DE_1004,2026-06-06 05:45:00,0.466,valid
DE_1004,2026-06-06 06:00:00,0.35,valid
DE_1004,2026-06-06 06:15:00,0.274,valid
DE_1004,2026-06-06 06:30:00,0.339,valid
DE_1004,2026-06-06 06:45:00,0.398,valid
DE_1004,2026-06-06 07:00:00,0.359,valid
DE_1004,2026-06-06 07:15:00,0.381,valid
DE_1004,2026-06-06 07:30:00,0.421,valid
DE_1004,2026-06-06 07:45:00,0.303,valid
DE_1004,2026-06-06 08:00:00,0.255,valid
DE_1004,2026-06-06 08:15:00,0.24,valid
DE_1004,2026-06-06 08:30:00,0.294,valid
DE_1004,2026-06-06 08:45:00,0.351,valid
DE_1004,2026-06-06 09:15:00,0.286,valid
DE_1004,2026-06-06 09:30:00,0.276,valid
DE_1004,2026-06-06 09:45:00,0.268,valid
DE_1004,2026-06-06 10:00:00,0.311,valid
DE_1004,2026-06-06 10:15:00,0.212,valid
DE_1004,2026-06-06 10:30:00,0.245,valid
DE_1004,2026-06-06 10:45:00,0.246,valid
DE_1004,2026-06-06 11:00:00,0.224,valid
DE_1004,2026-06-06 11:30:00,0.18,valid
DE_1004,2026-06-06 11:45:00,0.348,valid
DE_1004,2026-06-06 12:00:00,0.167,valid
DE_1004,2026-06-06 12:15:00,0.159,valid
DE_1004,2026-06-06 12:30:00,0.167,valid
DE_1004,2026-06-06 12:45:00,0.232,valid
DE_1004,2026-06-06 13:00:00,0.224,valid
DE_1004,2026-06-06 13:15:00,0.281,valid
DE_1004,2026-06-06 13:30:00,0.184,valid
DE_1004,2026-06-06 13:45:00,0.141,valid
DE_1004,2026-06-06 14:00:00,0.231,valid
DE_1004,2026-06-06 14:15:00,0.264,valid
DE_1004,2026-06-06 14:30:00,0.177,valid
DE_1004,2026-06-06 14:45:00,0.245,valid
DE_1004,2026-06-06 15:00:00,0.302,valid
DE_1004,2026-06-06 15:15:00,0.235,valid
DE_1004,2026-06-06 15:30:00,0.234,valid
DE_1004,2026-06-06 15:45:00,0.22,valid
DE_1004,2026-06-06 16:00:00,0.293,valid
DE_1004,2026-06-06 16:15:00,0.323,valid
DE_1004,2026-06-06 16:30:00,0.437,valid
DE_1004,2026-06-06 16:45:00,0.358,valid
DE_1004,2026-06-06 17:00:00,0.262,valid
DE_1004,2026-06-06 17:15:00,0.248,valid
DE_1004,2026-06-06 17:30:00,0.319,valid
DE_1004,2026-06-06 17:45:00,0.404,valid
DE_1004,2026-06-06 18:00:00,0.383,valid
DE_1004,2026-06-06 18:15:00,0.324,valid
DE_1004,2026-06-06 18:30:00,0.4,valid
DE_1004,2026-06-06 18:45:00,0.419,valid
DE_1004,2026-06-06 19:00:00,0.448,valid
DE_1004,2026-06-06 19:15:00,0.322,valid
DE_1004,2026-06-06 19:30:00,0.397,valid
DE_1004,2026-06-06 19:45:00,0.311,valid
DE_1004,2026-06-06 20:00:00,0.36,valid
DE_1004,2026-06-06 20:15:00,0.336,valid
DE_1004,2026-06-06 20:30:00,0.387,valid
DE_1004,2026-06-06 20:45:00,0.328,valid
DE_1004,2026-06-06 21:00:00,0.464,valid
DE_1004,2026-06-06 21:15:00,0.424,valid
DE_1004,2026-06-06 21:30:00,0.382,valid
DE_1004,2026-06-06 21:45:00,0.449,valid
DE_1004,2026-06-06 22:00:00,0.527,valid
DE_1004,2026-06-06 22:15:00,0.467,valid
DE_1004,2026-06-06 22:30:00,0.421,valid
DE_1004,2026-06-06 22:45:00,0.436,valid
DE_1004,2026-06-06 23:00:00,0.47,valid
DE_1004,2026-06-06 23:15:00,0.44,valid
DE_1004,2026-06-06 23:30:00,0.389,valid
DE_1004,2026-06-06 23:45:00,0.456,valid
DE_1004,2026-06-07 00:00:00,0.562,valid
DE_1004,2026-06-07 00:15:00,0.459,valid
DE_1004,2026-06-07 00:30:00,0.403,valid
DE_1004,2026-06-07 00:45:00,0.496,valid
DE_1004,2026-06-07 01:00:00,0.53,valid
DE_1004,2026-06-07 01:15:00,0.389,valid
DE_1004,2026-06-07 01:30:00,0.485,valid
DE_1004,2026-06-07 01:45:00,0.496,valid
DE_1004,2026-06-07 02:00:00,0.477,valid
DE_1004,2026-06-07 02:15:00,0.478,valid
DE_1004,2026-06-07 02:30:00,0.48,valid
DE_1004,2026-06-07 02:45:00,0.371,valid
DE_1004,2026-06-07 03:00:00,0.456,valid
DE_1004,2026-06-07 03:15:00,0.494,valid
DE_1004,2026-06-07 03:30:00,0.414,valid
DE_1004,2026-06-07 03:45:00,0.444,valid
DE_1004,2026-06-07 04:00:00,0.349,valid
DE_1004,2026-06-07 04:15:00,0.465,valid
DE_1004,2026-06-07 04:30:00,0.369,valid
DE_1004,2026-06-07 04:45:00,0.482,valid
DE_1004,2026-06-07 05:00:00,0.356,valid
DE_1004,2026-06-07 05:15:00,0.409,valid
DE_1004,2026-06-07 05:30:00,0.348,valid
DE_1004,2026-06-07 05:45:00,0.469,valid
DE_1004,2026-06-07 06:00:00,0.251,valid
DE_1004,2026-06-07 06:15:00,0.368,valid
DE_1004,2026-06-07 06:30:00,0.246,valid
DE_1004,2026-06-07 06:45:00,0.29,valid
DE_1004,2026-06-07 07:00:00,0.42,valid
DE_1004,2026-06-07 07:15:00,0.37,valid
DE_1004,2026-06-07 07:30:00,0.224,valid
DE_1004,2026-06-07 07:45:00,0.325,valid
DE_1004,2026-06-07 08:00:00,0.269,valid
DE_1004,2026-06-07 08:15:00,0.328,valid
DE_1004,2026-06-07 08:30:00,0.393,valid
DE_1004,2026-06-07 08:45:00,0.333,valid
DE_1004,2026-06-07 09:00:00,0.297,valid
DE_1004,2026-06-07 09:15:00,0.3,valid
DE_1004,2026-06-07 09:30:00,0.22,valid
DE_1004,2026-06-07 09:45:00,0.31,valid
DE_1004,2026-06-07 10:00:00,0.296,valid
DE_1004,2026-06-07 10:15:00,0.219,valid
DE_1004,2026-06-07 10:30:00,0.218,valid
DE_1004,2026-06-07 10:45:00,0.322,valid
DE_1004,2026-06-07 11:00:00,0.235,valid
DE_1004,2026-06-07 11:15:00,0.168,valid
DE_1004,2026-06-07 11:30:00,0.204,valid
DE_1004,2026-06-07 11:45:00,0.202,valid
DE_1004,2026-06-07 12:00:00,0.197,valid
DE_1004,2026-06-07 12:15:00,0.196,valid
DE_1004,2026-06-07 12:30:00,0.188,valid
DE_1004,2026-06-07 12:45:00,0.284,valid
DE_1004,2026-06-07 13:00:00,0.267,valid
DE_1004,2026-06-07 13:15:00,0.299,valid
DE_1004,2026-06-07 13:30:00,0.14,valid
DE_1004,2026-06-07 13:45:00,0.231,valid
DE_1004,2026-06-07 14:00:00,0.309,valid
DE_1004,2026-06-07 14:15:00,0.286,valid
DE_1004,2026-06-07 14:30:00,0.216,valid
DE_1004,2026-06-07 14:45:00,0.212,valid
DE_1004,2026-06-07 15:00:00,0.323,valid
DE_1004,2026-06-07 15:15:00,0.264,valid
DE_1004,2026-06-07 15:30:00,0.307,valid
DE_1004,2026-06-07 15:45:00,0.283,valid
DE_1004,2026-06-07 16:00:00,0.294,valid
DE_1004,2026-06-07 16:15:00,0.306,valid
DE_1004,2026-06-07 16:30:00,0.259,valid
DE_1004,2026-06-07 16:45:00,0.385,valid
DE_1004,2026-06-07 17:00:00,0.352,valid
DE_1004,2026-06-07 17:15:00,0.395,valid
DE_1004,2026-06-07 17:30:00,0.299,valid
DE_1004,2026-06-07 17:45:00,0.298,valid
DE_1004,2026-06-07 18:00:00,0.334,valid
DE_1004,2026-06-07 18:15:00,0.307,valid
DE_1004,2026-06-07 18:30:00,0.384,valid
DE_1004,2026-06-07 18:45:00,0.386,valid
DE_1004,2026-06-07 19:00:00,0.349,valid
DE_1004,2026-06-07 19:15:00,0.359,valid
DE_1004,2026-06-07 19:30:00,0.394,valid
DE_1004,2026-06-07 19:45:00,0.337,valid
DE_1004,2026-06-07 20:00:00,0.38,valid
DE_1004,2026-06-07 20:15:00,0.478,valid
DE_1004,2026-06-07 20:30:00,0.363,valid
DE_1004,2026-06-07 20:45:00,0.374,valid
DE_1004,2026-06-07 21:00:00,0.55,valid
DE_1004,2026-06-07 21:15:00,0.319,valid
DE_1004,2026-06-07 21:30:00,0.366,valid
DE_1004,2026-06-07 21:45:00,0.515,valid
DE_1004,2026-06-07 22:00:00,0.43,valid
DE_1004,2026-06-07 22:15:00,0.475,valid
DE_1004,2026-06-07 22:30:00,0.556,valid
DE_1004,2026-06-07 22:45:00,0.414,valid
DE_1004,2026-06-07 23:00:00,0.445,valid
DE_1004,2026-06-07 23:15:00,0.496,valid
DE_1004,2026-06-07 23:30:00,0.471,valid
DE_1004,2026-06-07 23:45:00,0.449,valid
DE_1005,2026-06-01 00:00:00,0.493,valid
DE_1005,2026-06-01 00:15:00,0.434,valid
DE_1005,2026-06-01 00:30:00,0.523,valid
DE_1005,2026-06-01 00:45:00,0.542,valid
DE_1005,2026-06-01 01:00:00,0.467,valid
DE_1005,2026-06-01 01:15:00,0.464,valid
DE_1005,2026-06-01 01:30:00,0.502,valid
DE_1005,2026-06-01 01:45:00,0.448,valid
DE_1005,2026-06-01 02:00:00,0.435,valid
DE_1005,2026-06-01 02:15:00,0.447,valid
DE_1005,2026-06-01 02:30:00,0.524,valid
DE_1005,2026-06-01 02:45:00,0.448,valid
DE_1005,2026-06-01 03:00:00,0.419,valid
DE_1005,2026-06-01 03:15:00,0.417,valid
DE_1005,2026-06-01 03:30:00,0.406,valid
DE_1005,2026-06-01 03:45:00,0.377,valid
DE_1005,2026-06-01 04:00:00,0.354,valid
DE_1005,2026-06-01 04:15:00,0.443,valid
DE_1005,2026-06-01 04:30:00,0.372,valid
DE_1005,2026-06-01 04:45:00,0.405,valid
DE_1005,2026-06-01 05:00:00,0.351,valid
DE_1005,2026-06-01 05:15:00,0.309,valid
DE_1005,2026-06-01 05:30:00,0.352,valid
DE_1005,2026-06-01 05:45:00,0.445,valid
DE_1005,2026-06-01 06:00:00,0.329,valid
DE_1005,2026-06-01 06:15:00,0.316,valid
DE_1005,2026-06-01 06:30:00,0.329,valid
DE_1005,2026-06-01 06:45:00,0.333,valid
DE_1005,2026-06-01 07:00:00,0.336,valid
DE_1005,2026-06-01 07:15:00,0.304,valid
DE_1005,2026-06-01 07:30:00,0.32,valid
DE_1005,2026-06-01 07:45:00,0.3,valid
DE_1005,2026-06-01 08:00:00,0.318,valid
DE_1005,2026-06-01 08:15:00,0.316,valid
DE_1005,2026-06-01 08:30:00,0.311,valid
DE_1005,2026-06-01 08:45:00,0.332,valid
DE_1005,2026-06-01 09:00:00,0.27,valid
DE_1005,2026-06-01 09:15:00,0.336,valid
DE_1005,2026-06-01 09:30:00,0.298,valid
DE_1005,2026-06-01 09:45:00,0.349,valid
DE_1005,2026-06-01 10:00:00,0.246,valid
DE_1005,2026-06-01 10:15:00,0.264,valid
DE_1005,2026-06-01 10:30:00,0.216,valid
DE_1005,2026-06-01 10:45:00,0.251,valid
DE_1005,2026-06-01 11:00:00,0.266,valid
DE_1005,2026-06-01 11:15:00,0.207,valid
DE_1005,2026-06-01 11:30:00,0.3,valid
DE_1005,2026-06-01 11:45:00,0.226,valid
DE_1005,2026-06-01 12:00:00,0.279,valid
DE_1005,2026-06-01 12:15:00,0.148,valid
DE_1005,2026-06-01 12:30:00,0.186,valid
DE_1005,2026-06-01 12:45:00,0.175,valid
DE_1005,2026-06-01 13:00:00,0.276,valid
DE_1005,2026-06-01 13:15:00,0.257,valid
DE_1005,2026-06-01 13:30:00,0.221,valid
DE_1005,2026-06-01 13:45:00,0.202,valid
DE_1005,2026-06-01 14:00:00,0.249,valid
DE_1005,2026-06-01 14:15:00,0.286,valid
DE_1005,2026-06-01 14:30:00,0.292,valid
DE_1005,2026-06-01 14:45:00,0.247,valid
DE_1005,2026-06-01 15:00:00,0.253,valid
DE_1005,2026-06-01 15:15:00,0.28,valid
DE_1005,2026-06-01 15:30:00,0.281,valid
DE_1005,2026-06-01 15:45:00,0.288,valid
DE_1005,2026-06-01 16:00:00,0.277,valid
DE_1005,2026-06-01 16:15:00,0.387,valid
DE_1005,2026-06-01 16:30:00,0.269,valid
DE_1005,2026-06-01 16:45:00,0.376,valid
DE_1005,2026-06-01 17:00:00,0.395,valid
DE_1005,2026-06-01 17:15:00,0.372,valid
DE_1005,2026-06-01 17:30:00,0.419,valid
DE_1005,2026-06-01 17:45:00,0.353,valid
DE_1005,2026-06-01 18:00:00,0.334,valid
DE_1005,2026-06-01 18:15:00,0.324,valid
DE_1005,2026-06-01 18:30:00,0.316,valid
DE_1005,2026-06-01 18:45:00,0.392,valid
DE_1005,2026-06-01 19:00:00,0.301,valid
DE_1005,2026-06-01 19:15:00,0.304,valid
DE_1005,2026-06-01 19:30:00,0.452,valid
DE_1005,2026-06-01 19:45:00,0.426,valid
DE_1005,2026-06-01 20:00:00,0.421,valid
DE_1005,2026-06-01 20:15:00,0.446,valid
DE_1005,2026-06-01 20:30:00,0.439,valid
DE_1005,2026-06-01 20:45:00,0.391,valid
DE_1005,2026-06-01 21:00:00,0.352,valid
DE_1005,2026-06-01 21:15:00,0.489,valid
DE_1005,2026-06-01 21:30:00,0.447,valid
DE_1005,2026-06-01 21:45:00,0.356,valid
DE_1005,2026-06-01 22:00:00,0.457,valid
DE_1005,2026-06-01 22:15:00,0.427,valid
DE_1005,2026-06-01 22:30:00,0.444,valid
DE_1005,2026-06-01 22:45:00,0.434,valid
DE_1005,2026-06-01 23:00:00,0.503,valid
DE_1005,2026-06-01 23:15:00,0.465,valid
DE_1005,2026-06-01 23:30:00,0.417,valid
DE_1005,2026-06-01 23:45:00,0.509,valid
DE_1005,2026-06-02 00:00:00,0.524,valid
DE_1005,2026-06-02 00:15:00,0.429,valid
DE_1005,2026-06-02 00:30:00,0.52,valid
DE_1005,2026-06-02 00:45:00,0.544,valid
DE_1005,2026-06-02 01:00:00,0.467,valid
DE_1005,2026-06-02 01:15:00,0.484,valid
DE_1005,2026-06-02 01:30:00,0.437,valid
DE_1005,2026-06-02 01:45:00,0.387,valid
DE_1005,2026-06-02 02:00:00,0.476,valid
DE_1005,2026-06-02 02:15:00,0.446,valid
DE_1005,2026-06-02 02:30:00,0.471,valid
DE_1005,2026-06-02 02:45:00,0.438,valid
DE_1005,2026-06-02 03:00:00,0.412,valid
DE_1005,2026-06-02 03:15:00,0.433,valid
DE_1005,2026-06-02 03:30:00,0.422,valid
DE_1005,2026-06-02 03:45:00,0.468,valid
DE_1005,2026-06-02 04:00:00,0.379,valid
DE_1005,2026-06-02 04:15:00,0.328,valid
DE_1005,2026-06-02 04:30:00,0.407,valid
DE_1005,2026-06-02 04:45:00,0.335,valid
DE_1005,2026-06-02 05:00:00,0.248,valid
DE_1005,2026-06-02 05:15:00,0.32,valid
DE_1005,2026-06-02 05:30:00,0.353,valid
DE_1005,2026-06-02 05:45:00,0.335,valid
DE_1005,2026-06-02 06:00:00,0.273,valid
DE_1005,2026-06-02 06:15:00,0.339,valid
DE_1005,2026-06-02 06:30:00,0.411,valid
DE_1005,2026-06-02 06:45:00,0.391,valid
DE_1005,2026-06-02 07:00:00,0.325,valid
DE_1005,2026-06-02 07:15:00,0.371,valid
DE_1005,2026-06-02 07:30:00,0.303,valid
DE_1005,2026-06-02 07:45:00,0.281,valid
DE_1005,2026-06-02 08:00:00,0.334,valid
DE_1005,2026-06-02 08:15:00,0.246,valid
DE_1005,2026-06-02 08:30:00,0.317,valid
DE_1005,2026-06-02 08:45:00,0.299,valid
DE_1005,2026-06-02 09:00:00,0.257,valid
DE_1005,2026-06-02 09:15:00,0.252,valid
DE_1005,2026-06-02 09:30:00,0.332,valid
DE_1005,2026-06-02 09:45:00,0.196,valid
DE_1005,2026-06-02 10:00:00,0.263,valid
DE_1005,2026-06-02 10:15:00,0.236,valid
DE_1005,2026-06-02 10:30:00,0.213,valid
DE_1005,2026-06-02 10:45:00,0.252,valid
DE_1005,2026-06-02 11:00:00,0.241,valid
DE_1005,2026-06-02 11:15:00,0.222,valid
DE_1005,2026-06-02 11:30:00,0.237,valid
DE_1005,2026-06-02 11:45:00,0.296,valid
DE_1005,2026-06-02 12:00:00,0.17,valid
DE_1005,2026-06-02 12:15:00,0.221,valid
DE_1005,2026-06-02 12:30:00,0.113,valid
DE_1005,2026-06-02 12:45:00,0.223,valid
DE_1005,2026-06-02 13:00:00,0.132,valid
DE_1005,2026-06-02 13:15:00,0.257,valid
DE_1005,2026-06-02 13:30:00,0.201,valid
DE_1005,2026-06-02 13:45:00,0.233,valid
DE_1005,2026-06-02 14:00:00,0.177,valid
DE_1005,2026-06-02 14:15:00,0.251,valid
DE_1005,2026-06-02 14:30:00,0.291,valid
DE_1005,2026-06-02 14:45:00,0.281,valid
DE_1005,2026-06-02 15:00:00,0.274,valid
DE_1005,2026-06-02 15:15:00,0.275,valid
DE_1005,2026-06-02 15:30:00,0.332,valid
DE_1005,2026-06-02 15:45:00,0.312,valid
DE_1005,2026-06-02 16:00:00,0.269,valid
DE_1005,2026-06-02 16:15:00,0.271,valid
DE_1005,2026-06-02 16:30:00,0.266,valid
DE_1005,2026-06-02 16:45:00,0.298,valid
DE_1005,2026-06-02 17:00:00,0.267,valid
DE_1005,2026-06-02 17:15:00,0.217,valid
DE_1005,2026-06-02 17:30:00,0.314,valid
DE_1005,2026-06-02 17:45:00,0.338,valid
DE_1005,2026-06-02 18:00:00,0.359,valid
DE_1005,2026-06-02 18:15:00,0.404,valid
DE_1005,2026-06-02 18:30:00,0.285,valid
DE_1005,2026-06-02 18:45:00,0.324,valid
DE_1005,2026-06-02 19:00:00,0.303,valid
DE_1005,2026-06-02 19:15:00,0.387,valid
DE_1005,2026-06-02 19:30:00,0.37,valid
DE_1005,2026-06-02 19:45:00,0.351,valid
DE_1005,2026-06-02 20:00:00,0.402,valid
DE_1005,2026-06-02 20:15:00,0.365,valid
DE_1005,2026-06-02 20:30:00,0.349,valid
DE_1005,2026-06-02 20:45:00,0.479,valid
DE_1005,2026-06-02 21:00:00,0.466,valid
DE_1005,2026-06-02 21:15:00,0.416,valid
DE_1005,2026-06-02 21:30:00,0.348,valid
DE_1005,2026-06-02 21:45:00,0.414,valid
DE_1005,2026-06-02 22:00:00,0.479,valid
DE_1005,2026-06-02 22:15:00,0.458,valid
DE_1005,2026-06-02 22:30:00,0.5,valid
DE_1005,2026-06-02 22:45:00,0.511,valid
DE_1005,2026-06-02 23:00:00,0.471,valid
DE_1005,2026-06-02 23:15:00,0.452,valid
DE_1005,2026-06-02 23:30:00,0.45,valid
DE_1005,2026-06-02 23:45:00,0.454,valid
DE_1005,2026-06-03 00:00:00,0.545,valid
DE_1005,2026-06-03 00:15:00,0.479,valid
DE_1005,2026-06-03 00:30:00,0.416,valid
DE_1005,2026-06-03 00:45:00,0.523,valid
DE_1005,2026-06-03 01:00:00,0.47,valid
DE_1005,2026-06-03 01:15:00,0.452,valid
DE_1005,2026-06-03 01:30:00,0.377,valid
DE_1005,2026-06-03 01:45:00,0.534,valid
DE_1005,2026-06-03 02:00:00,0.485,valid
DE_1005,2026-06-03 02:15:00,0.393,valid
DE_1005,2026-06-03 02:30:00,0.458,valid
DE_1005,2026-06-03 02:45:00,0.396,valid
DE_1005,2026-06-03 03:00:00,0.357,valid
DE_1005,2026-06-03 03:15:00,0.32,valid
DE_1005,2026-06-03 03:30:00,0.464,valid
DE_1005,2026-06-03 03:45:00,0.469,valid
DE_1005,2026-06-03 04:00:00,0.385,valid
DE_1005,2026-06-03 04:15:00,0.397,valid
DE_1005,2026-06-03 04:30:00,0.488,valid
DE_1005,2026-06-03 04:45:00,0.362,valid
DE_1005,2026-06-03 05:00:00,0.316,valid
DE_1005,2026-06-03 05:15:00,0.381,valid
DE_1005,2026-06-03 05:30:00,0.402,valid
DE_1005,2026-06-03 05:45:00,0.36,valid
DE_1005,2026-06-03 06:00:00,0.279,valid
DE_1005,2026-06-03 06:15:00,0.312,valid
DE_1005,2026-06-03 06:30:00,0.384,valid
DE_1005,2026-06-03 06:45:00,0.386,valid
DE_1005,2026-06-03 07:00:00,0.241,valid
DE_1005,2026-06-03 07:15:00,0.264,valid
DE_1005,2026-06-03 07:30:00,0.276,valid
DE_1005,2026-06-03 07:45:00,0.324,valid
DE_1005,2026-06-03 08:00:00,0.41,valid
DE_1005,2026-06-03 08:15:00,0.286,valid
DE_1005,2026-06-03 08:30:00,0.303,valid
DE_1005,2026-06-03 08:45:00,0.26,valid
DE_1005,2026-06-03 09:00:00,0.404,valid
DE_1005,2026-06-03 09:15:00,0.245,valid
DE_1005,2026-06-03 09:30:00,0.249,valid
DE_1005,2026-06-03 09:45:00,0.283,valid
DE_1005,2026-06-03 10:00:00,0.184,valid
DE_1005,2026-06-03 10:15:00,0.29,valid
DE_1005,2026-06-03 10:30:00,0.25,valid
DE_1005,2026-06-03 10:45:00,0.208,valid
DE_1005,2026-06-03 11:00:00,0.195,valid
DE_1005,2026-06-03 11:15:00,0.13,valid
DE_1005,2026-06-03 11:30:00,0.197,valid
DE_1005,2026-06-03 11:45:00,0.111,valid
DE_1005,2026-06-03 12:00:00,0.177,valid
DE_1005,2026-06-03 12:15:00,0.175,valid
DE_1005,2026-06-03 12:30:00,0.171,valid
DE_1005,2026-06-03 12:45:00,0.171,valid
DE_1005,2026-06-03 13:00:00,0.183,valid
DE_1005,2026-06-03 13:15:00,0.287,valid
DE_1005,2026-06-03 13:30:00,0.297,valid
DE_1005,2026-06-03 13:45:00,0.217,valid
DE_1005,2026-06-03 14:00:00,0.307,valid
DE_1005,2026-06-03 14:15:00,0.235,valid
DE_1005,2026-06-03 14:30:00,0.235,valid
DE_1005,2026-06-03 14:45:00,0.209,valid
DE_1005,2026-06-03 15:00:00,0.31,valid
DE_1005,2026-06-03 15:15:00,0.306,valid
DE_1005,2026-06-03 15:30:00,0.21,valid
DE_1005,2026-06-03 15:45:00,0.283,valid
DE_1005,2026-06-03 16:00:00,0.274,valid
DE_1005,2026-06-03 16:15:00,0.255,valid
DE_1005,2026-06-03 16:30:00,0.299,valid
DE_1005,2026-06-03 16:45:00,0.204,valid
DE_1005,2026-06-03 17:00:00,0.303,valid
DE_1005,2026-06-03 17:15:00,0.419,valid
DE_1005,2026-06-03 17:30:00,0.347,valid
DE_1005,2026-06-03 17:45:00,0.268,valid
DE_1005,2026-06-03 18:00:00,0.378,valid
DE_1005,2026-06-03 18:15:00,0.354,valid
DE_1005,2026-06-03 18:30:00,0.334,valid
DE_1005,2026-06-03 18:45:00,0.321,valid
DE_1005,2026-06-03 19:00:00,0.375,valid
DE_1005,2026-06-03 19:15:00,0.345,valid
DE_1005,2026-06-03 19:30:00,0.366,valid
DE_1005,2026-06-03 19:45:00,0.412,valid
DE_1005,2026-06-03 20:00:00,0.441,valid
DE_1005,2026-06-03 20:15:00,0.335,valid
DE_1005,2026-06-03 20:30:00,0.377,valid
DE_1005,2026-06-03 20:45:00,0.48,valid
DE_1005,2026-06-03 21:00:00,0.515,valid
DE_1005,2026-06-03 21:15:00,0.443,valid
DE_1005,2026-06-03 21:30:00,0.505,valid
DE_1005,2026-06-03 21:45:00,0.485,valid
DE_1005,2026-06-03 22:00:00,0.443,valid
DE_1005,2026-06-03 22:15:00,0.35,valid
DE_1005,2026-06-03 22:30:00,0.447,valid
DE_1005,2026-06-03 22:45:00,0.386,valid
DE_1005,2026-06-03 23:00:00,0.482,valid
DE_1005,2026-06-03 23:15:00,0.562,valid
DE_1005,2026-06-03 23:30:00,0.487,valid
DE_1005,2026-06-03 23:45:00,0.436,valid
DE_1005,2026-06-04 00:00:00,0.442,valid
DE_1005,2026-06-04 00:15:00,0.402,valid
DE_1005,2026-06-04 00:30:00,0.405,valid
DE_1005,2026-06-04 00:45:00,0.581,valid
DE_1005,2026-06-04 01:00:00,0.518,valid
DE_1005,2026-06-04 01:15:00,0.468,valid
DE_1005,2026-06-04 01:30:00,0.467,valid
DE_1005,2026-06-04 01:45:00,0.472,valid
DE_1005,2026-06-04 02:00:00,0.449,valid
DE_1005,2026-06-04 02:15:00,0.52,valid
DE_1005,2026-06-04 02:30:00,0.47,valid
DE_1005,2026-06-04 02:45:00,0.351,valid
DE_1005,2026-06-04 03:00:00,0.478,valid
DE_1005,2026-06-04 03:15:00,0.329,valid
DE_1005,2026-06-04 03:30:00,0.405,valid
DE_1005,2026-06-04 03:45:00,0.356,valid
DE_1005,2026-06-04 04:00:00,0.402,valid
DE_1005,2026-06-04 04:15:00,0.337,valid
DE_1005,2026-06-04 04:30:00,0.331,valid
DE_1005,2026-06-04 04:45:00,0.348,valid
DE_1005,2026-06-04 05:00:00,0.416,valid
DE_1005,2026-06-04 05:15:00,0.366,valid
DE_1005,2026-06-04 05:30:00,0.408,valid
DE_1005,2026-06-04 05:45:00,0.443,valid
DE_1005,2026-06-04 06:00:00,0.362,valid
DE_1005,2026-06-04 06:15:00,0.379,valid
DE_1005,2026-06-04 06:30:00,0.302,valid
DE_1005,2026-06-04 06:45:00,0.346,valid
DE_1005,2026-06-04 07:00:00,0.268,valid
DE_1005,2026-06-04 07:15:00,0.353,valid
DE_1005,2026-06-04 07:30:00,0.37,valid
DE_1005,2026-06-04 07:45:00,0.373,valid
DE_1005,2026-06-04 08:00:00,0.299,valid
DE_1005,2026-06-04 08:15:00,0.345,valid
DE_1005,2026-06-04 08:30:00,0.293,valid
DE_1005,2026-06-04 08:45:00,0.272,valid
DE_1005,2026-06-04 09:00:00,0.3,valid
DE_1005,2026-06-04 09:15:00,0.311,valid
DE_1005,2026-06-04 09:30:00,0.385,valid
DE_1005,2026-06-04 09:45:00,0.311,valid
DE_1005,2026-06-04 10:00:00,0.195,valid
DE_1005,2026-06-04 10:15:00,0.201,valid
DE_1005,2026-06-04 10:30:00,0.185,valid
DE_1005,2026-06-04 10:45:00,0.254,valid
DE_1005,2026-06-04 11:00:00,0.17,valid
DE_1005,2026-06-04 11:15:00,0.293,valid
DE_1005,2026-06-04 11:30:00,0.21,valid
DE_1005,2026-06-04 11:45:00,0.257,valid
DE_1005,2026-06-04 12:00:00,0.208,valid
DE_1005,2026-06-04 12:15:00,0.217,valid
DE_1005,2026-06-04 12:30:00,0.148,valid
DE_1005,2026-06-04 13:00:00,0.204,valid
DE_1005,2026-06-04 13:15:00,0.22,valid
DE_1005,2026-06-04 13:30:00,0.231,valid
DE_1005,2026-06-04 13:45:00,0.259,valid
DE_1005,2026-06-04 14:00:00,0.227,valid
DE_1005,2026-06-04 14:15:00,0.291,valid
DE_1005,2026-06-04 14:30:00,0.266,valid
DE_1005,2026-06-04 14:45:00,0.332,valid
DE_1005,2026-06-04 15:00:00,0.109,valid
DE_1005,2026-06-04 15:15:00,0.243,valid
DE_1005,2026-06-04 15:30:00,0.338,valid
DE_1005,2026-06-04 15:45:00,0.149,valid
DE_1005,2026-06-04 16:00:00,0.374,valid
DE_1005,2026-06-04 16:15:00,0.304,valid
DE_1005,2026-06-04 16:30:00,0.198,valid
DE_1005,2026-06-04 16:45:00,0.336,valid
DE_1005,2026-06-04 17:00:00,0.272,valid
DE_1005,2026-06-04 17:15:00,0.279,valid
DE_1005,2026-06-04 17:30:00,0.398,valid
DE_1005,2026-06-04 17:45:00,0.306,valid
DE_1005,2026-06-04 18:00:00,0.302,valid
DE_1005,2026-06-04 18:30:00,0.396,valid
DE_1005,2026-06-04 18:45:00,0.333,valid
DE_1005,2026-06-04 19:00:00,0.336,valid
DE_1005,2026-06-04 19:15:00,0.365,valid
DE_1005,2026-06-04 19:30:00,0.454,valid
DE_1005,2026-06-04 19:45:00,0.326,valid
DE_1005,2026-06-04 20:00:00,0.336,valid
DE_1005,2026-06-04 20:15:00,0.464,valid
DE_1005,2026-06-04 20:30:00,0.386,valid
DE_1005,2026-06-04 20:45:00,0.405,valid
DE_1005,2026-06-04 21:00:00,0.451,valid
DE_1005,2026-06-04 21:15:00,0.405,valid
DE_1005,2026-06-04 21:30:00,0.304,valid
DE_1005,2026-06-04 21:45:00,0.414,valid
DE_1005,2026-06-04 22:00:00,0.512,valid
DE_1005,2026-06-04 22:15:00,0.559,valid
DE_1005,2026-06-04 22:30:00,0.444,valid
DE_1005,2026-06-04 22:45:00,0.449,valid
DE_1005,2026-06-04 23:00:00,0.543,valid
DE_1005,2026-06-04 23:15:00,0.505,valid
DE_1005,2026-06-04 23:30:00,0.49,valid
DE_1005,2026-06-04 23:45:00,0.376,valid
DE_1005,2026-06-05 00:00:00,0.479,valid
DE_1005,2026-06-05 00:15:00,0.511,valid
DE_1005,2026-06-05 00:30:00,0.424,valid
DE_1005,2026-06-05 00:45:00,0.482,valid
DE_1005,2026-06-05 01:00:00,0.56,valid
DE_1005,2026-06-05 01:15:00,0.462,valid
DE_1005,2026-06-05 01:30:00,0.403,valid
DE_1005,2026-06-05 01:45:00,0.381,valid
DE_1005,2026-06-05 02:00:00,0.449,valid
DE_1005,2026-06-05 02:15:00,0.421,valid
DE_1005,2026-06-05 02:30:00,0.407,valid
DE_1005,2026-06-05 03:00:00,0.439,valid
DE_1005,2026-06-05 03:15:00,0.434,valid
DE_1005,2026-06-05 03:30:00,0.443,valid
DE_1005,2026-06-05 03:45:00,0.364,valid
DE_1005,2026-06-05 04:00:00,0.368,valid
DE_1005,2026-06-05 04:15:00,0.384,valid
DE_1005,2026-06-05 04:30:00,0.397,valid
DE_1005,2026-06-05 04:45:00,0.449,valid
DE_1005,2026-06-05 05:00:00,0.339,valid
DE_1005,2026-06-05 05:15:00,0.336,valid
DE_1005,2026-06-05 05:30:00,0.449,valid
DE_1005,2026-06-05 05:45:00,0.383,valid
DE_1005,2026-06-05 06:00:00,0.28,valid
DE_1005,2026-06-05 06:15:00,0.334,valid
DE_1005,2026-06-05 06:30:00,0.288,valid
DE_1005,2026-06-05 06:45:00,0.293,valid
DE_1005,2026-06-05 07:00:00,0.258,valid
DE_1005,2026-06-05 07:15:00,0.285,valid
DE_1005,2026-06-05 07:30:00,0.428,valid
DE_1005,2026-06-05 07:45:00,0.376,valid
DE_1005,2026-06-05 08:00:00,0.369,valid
DE_1005,2026-06-05 08:15:00,0.354,valid
DE_1005,2026-06-05 08:30:00,0.293,valid
DE_1005,2026-06-05 08:45:00,0.32,valid
DE_1005,2026-06-05 09:00:00,0.28,valid
DE_1005,2026-06-05 09:15:00,0.222,valid
DE_1005,2026-06-05 09:30:00,0.217,valid
DE_1005,2026-06-05 09:45:00,0.32,valid
DE_1005,2026-06-05 10:00:00,0.189,valid
DE_1005,2026-06-05 10:15:00,0.26,valid
DE_1005,2026-06-05 10:30:00,0.283,valid
DE_1005,2026-06-05 10:45:00,0.288,valid
DE_1005,2026-06-05 11:00:00,0.243,valid
DE_1005,2026-06-05 11:15:00,0.165,valid
DE_1005,2026-06-05 11:30:00,0.252,valid
DE_1005,2026-06-05 11:45:00,0.218,valid
DE_1005,2026-06-05 12:00:00,0.151,valid
DE_1005,2026-06-05 12:15:00,0.101,valid
DE_1005,2026-06-05 12:30:00,0.223,valid
DE_1005,2026-06-05 12:45:00,0.122,valid
DE_1005,2026-06-05 13:00:00,0.14,valid
DE_1005,2026-06-05 13:15:00,0.312,valid
DE_1005,2026-06-05 13:30:00,0.165,valid
DE_1005,2026-06-05 13:45:00,0.204,valid
DE_1005,2026-06-05 14:00:00,0.254,valid
DE_1005,2026-06-05 14:15:00,0.254,valid
DE_1005,2026-06-05 14:30:00,0.199,valid
DE_1005,2026-06-05 14:45:00,0.215,valid
DE_1005,2026-06-05 15:00:00,0.315,valid
DE_1005,2026-06-05 15:15:00,0.261,valid
DE_1005,2026-06-05 15:30:00,0.274,valid
DE_1005,2026-06-05 15:45:00,0.167,valid
DE_1005,2026-06-05 16:00:00,0.271,valid
DE_1005,2026-06-05 16:15:00,0.343,valid
DE_1005,2026-06-05 16:30:00,0.264,valid
DE_1005,2026-06-05 16:45:00,0.252,valid
DE_1005,2026-06-05 17:00:00,0.344,valid
DE_1005,2026-06-05 17:15:00,0.355,valid
DE_1005,2026-06-05 17:30:00,0.342,valid
DE_1005,2026-06-05 17:45:00,0.297,valid
DE_1005,2026-06-05 18:00:00,0.387,valid
DE_1005,2026-06-05 18:15:00,0.431,valid
DE_1005,2026-06-05 18:30:00,0.408,valid
DE_1005,2026-06-05 18:45:00,0.272,valid
DE_1005,2026-06-05 19:00:00,0.521,valid
DE_1005,2026-06-05 19:15:00,0.309,valid
DE_1005,2026-06-05 19:30:00,0.314,valid
DE_1005,2026-06-05 19:45:00,0.39,valid
DE_1005,2026-06-05 20:00:00,0.395,valid
DE_1005,2026-06-05 20:15:00,0.418,valid
DE_1005,2026-06-05 20:30:00,0.466,valid
DE_1005,2026-06-05 20:45:00,0.447,valid
DE_1005,2026-06-05 21:00:00,0.38,valid
DE_1005,2026-06-05 21:15:00,0.429,valid
DE_1005,2026-06-05 21:30:00,0.476,valid
DE_1005,2026-06-05 21:45:00,0.478,valid
DE_1005,2026-06-05 22:00:00,0.506,valid
DE_1005,2026-06-05 22:15:00,0.491,valid
DE_1005,2026-06-05 22:30:00,0.485,valid
DE_1005,2026-06-05 22:45:00,0.424,valid
DE_1005,2026-06-05 23:15:00,0.496,valid
DE_1005,2026-06-05 23:30:00,0.452,valid
DE_1005,2026-06-05 23:45:00,0.537,valid
DE_1005,2026-06-06 00:00:00,0.456,valid
DE_1005,2026-06-06 00:15:00,0.481,valid
DE_1005,2026-06-06 00:30:00,0.479,valid
DE_1005,2026-06-06 00:45:00,0.548,valid
DE_1005,2026-06-06 01:00:00,0.513,valid
DE_1005,2026-06-06 01:15:00,0.476,valid
DE_1005,2026-06-06 01:30:00,0.49,valid
DE_1005,2026-06-06 01:45:00,0.556,valid
DE_1005,2026-06-06 02:00:00,0.362,valid
DE_1005,2026-06-06 02:15:00,0.487,valid
DE_1005,2026-06-06 02:30:00,0.504,valid
DE_1005,2026-06-06 02:45:00,0.511,valid
DE_1005,2026-06-06 03:00:00,0.465,valid
DE_1005,2026-06-06 03:15:00,0.386,valid
DE_1005,2026-06-06 03:30:00,0.398,valid
DE_1005,2026-06-06 03:45:00,0.458,valid
DE_1005,2026-06-06 04:00:00,0.371,valid
DE_1005,2026-06-06 04:15:00,0.39,valid
DE_1005,2026-06-06 04:30:00,0.325,valid
DE_1005,2026-06-06 04:45:00,0.34,valid
DE_1005,2026-06-06 05:00:00,0.392,valid
DE_1005,2026-06-06 05:15:00,0.354,valid
DE_1005,2026-06-06 05:30:00,0.337,valid
DE_1005,2026-06-06 05:45:00,0.366,valid
DE_1005,2026-06-06 06:00:00,0.365,valid
DE_1005,2026-06-06 06:15:00,0.337,valid
DE_1005,2026-06-06 06:30:00,0.359,valid
DE_1005,2026-06-06 06:45:00,0.354,valid
DE_1005,2026-06-06 07:00:00,0.312,valid
DE_1005,2026-06-06 07:15:00,0.324,valid
DE_1005,2026-06-06 07:30:00,0.281,valid
DE_1005,2026-06-06 07:45:00,0.3,valid
DE_1005,2026-06-06 08:00:00,0.208,valid
DE_1005,2026-06-06 08:15:00,0.242,valid
DE_1005,2026-06-06 08:30:00,0.241,valid
DE_1005,2026-06-06 08:45:00,0.28,valid
DE_1005,2026-06-06 09:00:00,0.332,valid
DE_1005,2026-06-06 09:15:00,0.275,valid
DE_1005,2026-06-06 09:30:00,0.283,valid
DE_1005,2026-06-06 09:45:00,0.228,valid
DE_1005,2026-06-06 10:00:00,0.264,valid
DE_1005,2026-06-06 10:15:00,0.335,valid
DE_1005,2026-06-06 10:30:00,0.246,valid
DE_1005,2026-06-06 10:45:00,0.209,valid
DE_1005,2026-06-06 11:00:00,0.167,valid
DE_1005,2026-06-06 11:15:00,0.238,valid
DE_1005,2026-06-06 11:30:00,0.178,valid
DE_1005,2026-06-06 11:45:00,0.261,valid
DE_1005,2026-06-06 12:00:00,0.149,valid
DE_1005,2026-06-06 12:15:00,0.117,valid
DE_1005,2026-06-06 12:30:00,0.224,valid
DE_1005,2026-06-06 12:45:00,0.135,valid
DE_1005,2026-06-06 13:00:00,0.255,valid
DE_1005,2026-06-06 13:15:00,0.277,valid
DE_1005,2026-06-06 13:30:00,0.195,valid
DE_1005,2026-06-06 13:45:00,0.235,valid
DE_1005,2026-06-06 14:00:00,0.32,valid
DE_1005,2026-06-06 14:15:00,0.227,valid
DE_1005,2026-06-06 14:30:00,0.33,valid
DE_1005,2026-06-06 14:45:00,0.234,valid
DE_1005,2026-06-06 15:00:00,0.228,valid
DE_1005,2026-06-06 15:15:00,0.28,valid
DE_1005,2026-06-06 15:30:00,0.286,valid
DE_1005,2026-06-06 15:45:00,0.332,valid
DE_1005,2026-06-06 16:00:00,0.344,valid
DE_1005,2026-06-06 16:15:00,0.318,valid
DE_1005,2026-06-06 16:30:00,0.333,valid
DE_1005,2026-06-06 16:45:00,0.309,valid
DE_1005,2026-06-06 17:00:00,0.365,valid
DE_1005,2026-06-06 17:15:00,0.299,valid
DE_1005,2026-06-06 17:30:00,0.271,valid
DE_1005,2026-06-06 17:45:00,0.335,valid
DE_1005,2026-06-06 18:00:00,0.484,valid
DE_1005,2026-06-06 18:15:00,0.39,valid
DE_1005,2026-06-06 18:30:00,0.315,valid
DE_1005,2026-06-06 18:45:00,0.42,valid
DE_1005,2026-06-06 19:00:00,0.282,valid
DE_1005,2026-06-06 19:15:00,0.362,valid
DE_1005,2026-06-06 19:30:00,0.395,valid
DE_1005,2026-06-06 19:45:00,0.341,valid
DE_1005,2026-06-06 20:00:00,0.37,valid
DE_1005,2026-06-06 20:15:00,0.392,valid
DE_1005,2026-06-06 20:30:00,0.373,valid
DE_1005,2026-06-06 20:45:00,0.361,valid
DE_1005,2026-06-06 21:00:00,0.371,valid
DE_1005,2026-06-06 21:15:00,0.347,valid
DE_1005,2026-06-06 21:30:00,0.377,valid
DE_1005,2026-06-06 21:45:00,0.42,valid
DE_1005,2026-06-06 22:00:00,0.5,valid
DE_1005,2026-06-06 22:15:00,0.417,valid
DE_1005,2026-06-06 22:30:00,0.389,valid
DE_1005,2026-06-06 22:45:00,0.53,valid
DE_1005,2026-06-06 23:00:00,0.418,valid
DE_1005,2026-06-06 23:15:00,0.48,valid
DE_1005,2026-06-06 23:30:00,0.428,valid
DE_1005,2026-06-06 23:45:00,0.439,valid
DE_1005,2026-06-07 00:00:00,0.519,valid
DE_1005,2026-06-07 00:15:00,0.523,valid
DE_1005,2026-06-07 00:30:00,0.564,valid
DE_1005,2026-06-07 00:45:00,0.533,valid
DE_1005,2026-06-07 01:00:00,0.483,valid
DE_1005,2026-06-07 01:15:00,0.506,valid
DE_1005,2026-06-07 01:30:00,0.423,valid
DE_1005,2026-06-07 01:45:00,0.536,valid
DE_1005,2026-06-07 02:00:00,0.477,valid
DE_1005,2026-06-07 02:15:00,0.474,valid
DE_1005,2026-06-07 02:30:00,0.48,valid
DE_1005,2026-06-07 02:45:00,0.376,valid
DE_1005,2026-06-07 03:00:00,0.368,valid
DE_1005,2026-06-07 03:15:00,0.432,valid
DE_1005,2026-06-07 03:30:00,0.432,valid
DE_1005,2026-06-07 03:45:00,0.454,valid
DE_1005,2026-06-07 04:00:00,0.405,valid
DE_1005,2026-06-07 04:15:00,0.391,valid
DE_1005,2026-06-07 04:30:00,0.463,valid
DE_1005,2026-06-07 04:45:00,0.417,valid
DE_1005,2026-06-07 05:00:00,0.412,valid
DE_1005,2026-06-07 05:15:00,0.435,valid
DE_1005,2026-06-07 05:30:00,0.438,valid
DE_1005,2026-06-07 05:45:00,0.391,valid
DE_1005,2026-06-07 06:00:00,0.386,valid
DE_1005,2026-06-07 06:15:00,0.363,valid
DE_1005,2026-06-07 06:30:00,0.404,valid
DE_1005,2026-06-07 06:45:00,0.464,valid
DE_1005,2026-06-07 07:00:00,0.273,valid
DE_1005,2026-06-07 07:15:00,0.287,valid
DE_1005,2026-06-07 07:30:00,0.404,valid
DE_1005,2026-06-07 07:45:00,0.334,valid
DE_1005,2026-06-07 08:00:00,0.279,valid
DE_1005,2026-06-07 08:15:00,0.265,valid
DE_1005,2026-06-07 08:30:00,0.347,valid
DE_1005,2026-06-07 08:45:00,0.328,valid
DE_1005,2026-06-07 09:00:00,0.375,valid
DE_1005,2026-06-07 09:15:00,0.27,valid
DE_1005,2026-06-07 09:30:00,0.32,valid
DE_1005,2026-06-07 09:45:00,0.358,valid
DE_1005,2026-06-07 10:00:00,0.178,valid
DE_1005,2026-06-07 10:15:00,0.197,valid
DE_1005,2026-06-07 10:30:00,0.264,valid
DE_1005,2026-06-07 10:45:00,0.221,valid
DE_1005,2026-06-07 11:00:00,0.204,valid
DE_1005,2026-06-07 11:15:00,0.192,valid
DE_1005,2026-06-07 11:30:00,0.218,valid
DE_1005,2026-06-07 11:45:00,0.18,valid
DE_1005,2026-06-07 12:00:00,0.136,valid
DE_1005,2026-06-07 12:15:00,0.219,valid
DE_1005,2026-06-07 12:30:00,0.206,valid
DE_1005,2026-06-07 12:45:00,0.249,valid
DE_1005,2026-06-07 13:00:00,0.251,valid
DE_1005,2026-06-07 13:15:00,0.246,valid
DE_1005,2026-06-07 13:30:00,0.263,valid
DE_1005,2026-06-07 13:45:00,0.179,valid
DE_1005,2026-06-07 14:00:00,0.225,valid
DE_1005,2026-06-07 14:15:00,0.264,valid
DE_1005,2026-06-07 14:30:00,0.297,valid
DE_1005,2026-06-07 14:45:00,0.282,valid
DE_1005,2026-06-07 15:00:00,0.264,valid
DE_1005,2026-06-07 15:15:00,0.266,valid
DE_1005,2026-06-07 15:30:00,0.287,valid
DE_1005,2026-06-07 15:45:00,0.217,valid
DE_1005,2026-06-07 16:00:00,0.342,valid
DE_1005,2026-06-07 16:15:00,0.339,valid
DE_1005,2026-06-07 16:30:00,0.346,valid
DE_1005,2026-06-07 16:45:00,0.35,valid
DE_1005,2026-06-07 17:00:00,0.375,valid
DE_1005,2026-06-07 17:15:00,0.231,valid
DE_1005,2026-06-07 17:30:00,0.336,valid
DE_1005,2026-06-07 17:45:00,0.254,valid
DE_1005,2026-06-07 18:00:00,0.302,valid
DE_1005,2026-06-07 18:15:00,0.343,valid
DE_1005,2026-06-07 18:30:00,0.409,valid
DE_1005,2026-06-07 18:45:00,0.367,valid
DE_1005,2026-06-07 19:00:00,0.387,valid
DE_1005,2026-06-07 19:15:00,0.464,valid
DE_1005,2026-06-07 19:30:00,0.387,valid
DE_1005,2026-06-07 19:45:00,0.328,valid
DE_1005,2026-06-07 20:00:00,0.33,valid
DE_1005,2026-06-07 20:15:00,0.356,valid
DE_1005,2026-06-07 20:30:00,0.406,valid
DE_1005,2026-06-07 20:45:00,0.323,valid
DE_1005,2026-06-07 21:00:00,0.447,valid
DE_1005,2026-06-07 21:15:00,0.44,valid
DE_1005,2026-06-07 21:30:00,0.389,valid
DE_1005,2026-06-07 21:45:00,0.43,valid
DE_1005,2026-06-07 22:00:00,0.476,valid
DE_1005,2026-06-07 22:15:00,0.418,valid
DE_1005,2026-06-07 22:30:00,0.487,valid
DE_1005,2026-06-07 22:45:00,0.414,valid
DE_1005,2026-06-07 23:00:00,0.504,valid
DE_1005,2026-06-07 23:15:00,0.548,valid
DE_1005,2026-06-07 23:30:00,0.491,valid
DE_1005,2026-06-07 23:45:00,0.411,valid
DE_1006,2026-06-01 00:00:00,0.504,valid
DE_1006,2026-06-01 00:15:00,0.504,valid
DE_1006,2026-06-01 00:30:00,0.457,valid
DE_1006,2026-06-01 00:45:00,0.437,valid
DE_1006,2026-06-01 01:00:00,0.456,valid
DE_1006,2026-06-01 01:30:00,0.516,valid
DE_1006,2026-06-01 01:45:00,0.535,valid
DE_1006,2026-06-01 02:00:00,0.448,valid
DE_1006,2026-06-01 02:15:00,0.548,valid
DE_1006,2026-06-01 02:30:00,0.408,valid
DE_1006,2026-06-01 02:45:00,0.472,valid
DE_1006,2026-06-01 03:00:00,0.413,valid
DE_1006,2026-06-01 03:15:00,0.5,valid
DE_1006,2026-06-01 03:30:00,0.427,valid
DE_1006,2026-06-01 03:45:00,0.373,valid
DE_1006,2026-06-01 04:00:00,0.412,valid
DE_1006,2026-06-01 04:15:00,0.344,valid
DE_1006,2026-06-01 04:30:00,0.356,valid
DE_1006,2026-06-01 04:45:00,0.446,valid
DE_1006,2026-06-01 05:00:00,0.374,valid
DE_1006,2026-06-01 05:15:00,0.418,valid
DE_1006,2026-06-01 05:30:00,0.331,valid
DE_1006,2026-06-01 05:45:00,0.44,valid
DE_1006,2026-06-01 06:00:00,0.341,valid
DE_1006,2026-06-01 06:15:00,0.252,valid
DE_1006,2026-06-01 06:30:00,0.305,valid
DE_1006,2026-06-01 06:45:00,0.28,valid
DE_1006,2026-06-01 07:00:00,0.252,valid
DE_1006,2026-06-01 07:15:00,0.351,valid
DE_1006,2026-06-01 07:30:00,0.343,valid
DE_1006,2026-06-01 07:45:00,0.355,valid
DE_1006,2026-06-01 08:00:00,0.263,valid
DE_1006,2026-06-01 08:15:00,0.327,valid
DE_1006,2026-06-01 08:30:00,0.227,valid
DE_1006,2026-06-01 08:45:00,0.276,valid
DE_1006,2026-06-01 09:00:00,0.267,valid
DE_1006,2026-06-01 09:15:00,0.246,valid
DE_1006,2026-06-01 09:30:00,0.28,valid
DE_1006,2026-06-01 09:45:00,0.274,valid
DE_1006,2026-06-01 10:00:00,0.274,valid
DE_1006,2026-06-01 10:15:00,0.265,valid
DE_1006,2026-06-01 10:30:00,0.298,valid
DE_1006,2026-06-01 10:45:00,0.226,valid
DE_1006,2026-06-01 11:00:00,0.258,valid
DE_1006,2026-06-01 11:15:00,0.239,valid
DE_1006,2026-06-01 11:30:00,0.237,valid
DE_1006,2026-06-01 11:45:00,0.232,valid
DE_1006,2026-06-01 12:00:00,0.092,valid
DE_1006,2026-06-01 12:15:00,0.296,valid
DE_1006,2026-06-01 12:30:00,0.154,valid
DE_1006,2026-06-01 12:45:00,0.16,valid
DE_1006,2026-06-01 13:00:00,0.209,valid
DE_1006,2026-06-01 13:15:00,0.159,valid
DE_1006,2026-06-01 13:30:00,0.312,valid
DE_1006,2026-06-01 13:45:00,0.194,valid
DE_1006,2026-06-01 14:00:00,0.216,valid
DE_1006,2026-06-01 14:15:00,0.209,valid
DE_1006,2026-06-01 14:30:00,0.272,valid
DE_1006,2026-06-01 14:45:00,0.32,valid
DE_1006,2026-06-01 15:00:00,0.289,valid
DE_1006,2026-06-01 15:15:00,0.236,valid
DE_1006,2026-06-01 15:30:00,0.341,valid
DE_1006,2026-06-01 15:45:00,0.289,valid
DE_1006,2026-06-01 16:00:00,0.264,valid
DE_1006,2026-06-01 16:15:00,0.296,valid
DE_1006,2026-06-01 16:30:00,0.307,valid
DE_1006,2026-06-01 16:45:00,0.312,valid
DE_1006,2026-06-01 17:00:00,0.325,valid
DE_1006,2026-06-01 17:15:00,0.326,valid
DE_1006,2026-06-01 17:30:00,0.418,valid
DE_1006,2026-06-01 17:45:00,0.467,valid
DE_1006,2026-06-01 18:00:00,0.359,valid
DE_1006,2026-06-01 18:15:00,0.304,valid
DE_1006,2026-06-01 18:30:00,0.297,valid
DE_1006,2026-06-01 18:45:00,0.391,valid
DE_1006,2026-06-01 19:00:00,0.294,valid
DE_1006,2026-06-01 19:15:00,0.366,valid
DE_1006,2026-06-01 19:30:00,0.395,valid
DE_1006,2026-06-01 19:45:00,0.384,valid
DE_1006,2026-06-01 20:00:00,0.38,valid
DE_1006,2026-06-01 20:15:00,0.492,valid
DE_1006,2026-06-01 20:30:00,0.44,valid
DE_1006,2026-06-01 20:45:00,0.376,valid
DE_1006,2026-06-01 21:00:00,0.464,valid
DE_1006,2026-06-01 21:15:00,0.416,valid
DE_1006,2026-06-01 21:30:00,0.399,valid
DE_1006,2026-06-01 21:45:00,0.405,valid
DE_1006,2026-06-01 22:00:00,0.509,valid
DE_1006,2026-06-01 22:15:00,0.422,valid
DE_1006,2026-06-01 22:30:00,0.446,valid
DE_1006,2026-06-01 22:45:00,0.501,valid
DE_1006,2026-06-01 23:07:00,0.49,valid
DE_1006,2026-06-01 23:15:00,0.487,valid
DE_1006,2026-06-01 23:30:00,0.442,valid
DE_1006,2026-06-01 23:45:00,0.592,valid
DE_1006,2026-06-02 00:00:00,0.541,valid
DE_1006,2026-06-02 00:15:00,0.382,valid
DE_1006,2026-06-02 00:30:00,0.565,valid
DE_1006,2026-06-02 00:45:00,0.436,valid
DE_1006,2026-06-02 01:00:00,0.406,valid
DE_1006,2026-06-02 01:15:00,0.44,valid
DE_1006,2026-06-02 01:30:00,0.538,valid
DE_1006,2026-06-02 01:45:00,0.461,valid
DE_1006,2026-06-02 02:00:00,0.461,valid
DE_1006,2026-06-02 02:15:00,0.366,valid
DE_1006,2026-06-02 02:30:00,0.504,valid
DE_1006,2026-06-02 02:45:00,0.437,valid
DE_1006,2026-06-02 03:00:00,0.361,valid
DE_1006,2026-06-02 03:15:00,0.441,valid
DE_1006,2026-06-02 03:30:00,0.449,valid
DE_1006,2026-06-02 03:45:00,0.429,valid
DE_1006,2026-06-02 04:00:00,0.465,valid
DE_1006,2026-06-02 04:15:00,0.429,valid
DE_1006,2026-06-02 04:30:00,0.475,valid
DE_1006,2026-06-02 04:45:00,0.397,valid
DE_1006,2026-06-02 05:00:00,0.38,valid
DE_1006,2026-06-02 05:15:00,0.418,valid
DE_1006,2026-06-02 05:30:00,0.433,valid
DE_1006,2026-06-02 05:45:00,0.358,valid
DE_1006,2026-06-02 06:00:00,0.444,valid
DE_1006,2026-06-02 06:15:00,0.356,valid
DE_1006,2026-06-02 06:30:00,0.35,valid
DE_1006,2026-06-02 06:45:00,0.372,valid
DE_1006,2026-06-02 07:00:00,0.282,valid
DE_1006,2026-06-02 07:15:00,0.243,valid
DE_1006,2026-06-02 07:30:00,0.428,valid
DE_1006,2026-06-02 07:45:00,0.378,valid
DE_1006,2026-06-02 08:00:00,0.254,valid
DE_1006,2026-06-02 08:15:00,0.307,valid
DE_1006,2026-06-02 08:30:00,0.331,valid
DE_1006,2026-06-02 08:45:00,0.276,valid
DE_1006,2026-06-02 09:00:00,0.347,valid
DE_1006,2026-06-02 09:15:00,0.25,valid
DE_1006,2026-06-02 09:30:00,0.325,valid
DE_1006,2026-06-02 09:45:00,0.243,valid
DE_1006,2026-06-02 10:00:00,0.275,valid
DE_1006,2026-06-02 10:15:00,0.327,valid
DE_1006,2026-06-02 10:45:00,0.226,valid
DE_1006,2026-06-02 11:00:00,0.236,valid
DE_1006,2026-06-02 11:15:00,0.261,valid
DE_1006,2026-06-02 11:30:00,0.204,valid
DE_1006,2026-06-02 11:45:00,0.205,valid
DE_1006,2026-06-02 12:00:00,0.288,valid
DE_1006,2026-06-02 12:15:00,0.27,valid
DE_1006,2026-06-02 12:30:00,0.167,valid
DE_1006,2026-06-02 12:45:00,0.134,valid
DE_1006,2026-06-02 13:00:00,0.161,valid
DE_1006,2026-06-02 13:15:00,0.169,valid
DE_1006,2026-06-02 13:30:00,0.211,valid
DE_1006,2026-06-02 13:45:00,0.221,valid
DE_1006,2026-06-02 14:00:00,0.181,valid
DE_1006,2026-06-02 14:15:00,0.258,valid
DE_1006,2026-06-02 14:30:00,0.105,valid
DE_1006,2026-06-02 14:45:00,0.257,valid
DE_1006,2026-06-02 15:00:00,0.355,valid
DE_1006,2026-06-02 15:15:00,0.214,valid
DE_1006,2026-06-02 15:30:00,0.131,valid
DE_1006,2026-06-02 15:45:00,0.283,valid
DE_1006,2026-06-02 16:00:00,0.335,valid
DE_1006,2026-06-02 16:15:00,0.28,valid
DE_1006,2026-06-02 16:30:00,0.311,valid
DE_1006,2026-06-02 16:45:00,0.365,valid
DE_1006,2026-06-02 17:00:00,0.409,valid
DE_1006,2026-06-02 17:15:00,0.355,valid
DE_1006,2026-06-02 17:30:00,0.263,valid
DE_1006,2026-06-02 17:45:00,0.333,valid
DE_1006,2026-06-02 18:00:00,0.3,valid
DE_1006,2026-06-02 18:15:00,0.349,valid
DE_1006,2026-06-02 18:30:00,0.338,valid
DE_1006,2026-06-02 18:45:00,0.321,valid
DE_1006,2026-06-02 19:00:00,0.452,valid
DE_1006,2026-06-02 19:30:00,0.301,valid
DE_1006,2026-06-02 19:45:00,0.394,valid
DE_1006,2026-06-02 20:00:00,0.434,valid
DE_1006,2026-06-02 20:15:00,0.403,valid
DE_1006,2026-06-02 20:30:00,0.361,valid
DE_1006,2026-06-02 20:45:00,0.378,valid
DE_1006,2026-06-02 21:00:00,0.396,valid
DE_1006,2026-06-02 21:15:00,0.4,valid
DE_1006,2026-06-02 21:30:00,0.39,valid
DE_1006,2026-06-02 21:45:00,0.414,valid
DE_1006,2026-06-02 22:00:00,0.382,valid
DE_1006,2026-06-02 22:15:00,0.462,valid
DE_1006,2026-06-02 22:30:00,0.411,valid
DE_1006,2026-06-02 23:00:00,0.494,valid
DE_1006,2026-06-02 23:15:00,0.55,valid
DE_1006,2026-06-02 23:30:00,0.407,valid
DE_1006,2026-06-02 23:45:00,0.546,valid
DE_1006,2026-06-03 00:00:00,0.494,valid
DE_1006,2026-06-03 00:15:00,0.531,valid
DE_1006,2026-06-03 00:30:00,0.544,valid
DE_1006,2026-06-03 00:45:00,0.548,valid
DE_1006,2026-06-03 01:00:00,0.478,valid
DE_1006,2026-06-03 01:15:00,0.498,valid
DE_1006,2026-06-03 01:30:00,0.47,valid
DE_1006,2026-06-03 01:45:00,0.511,valid
DE_1006,2026-06-03 02:00:00,0.405,valid
DE_1006,2026-06-03 02:15:00,0.47,valid
DE_1006,2026-06-03 02:30:00,0.527,valid
DE_1006,2026-06-03 02:45:00,0.55,valid
DE_1006,2026-06-03 03:00:00,0.478,valid
DE_1006,2026-06-03 03:15:00,0.498,valid
DE_1006,2026-06-03 03:30:00,0.451,valid
DE_1006,2026-06-03 03:45:00,0.478,valid
DE_1006,2026-06-03 04:00:00,0.497,valid
DE_1006,2026-06-03 04:15:00,0.397,valid
DE_1006,2026-06-03 04:30:00,0.321,valid
DE_1006,2026-06-03 04:45:00,0.391,valid
DE_1006,2026-06-03 05:00:00,0.384,valid
DE_1006,2026-06-03 05:30:00,0.315,valid
DE_1006,2026-06-03 05:45:00,0.35,valid
DE_1006,2026-06-03 06:00:00,0.288,valid
DE_1006,2026-06-03 06:15:00,0.396,valid
DE_1006,2026-06-03 06:30:00,0.435,valid
DE_1006,2026-06-03 06:45:00,0.384,valid
DE_1006,2026-06-03 07:15:00,0.335,valid
DE_1006,2026-06-03 07:30:00,0.282,valid
DE_1006,2026-06-03 07:45:00,0.339,valid
DE_1006,2026-06-03 08:00:00,0.259,valid
DE_1006,2026-06-03 08:15:00,0.349,valid
DE_1006,2026-06-03 08:30:00,0.335,valid
DE_1006,2026-06-03 08:45:00,0.284,valid
DE_1006,2026-06-03 09:00:00,0.3,valid
DE_1006,2026-06-03 09:15:00,0.278,valid
DE_1006,2026-06-03 09:30:00,0.361,valid
DE_1006,2026-06-03 09:45:00,0.18,valid
DE_1006,2026-06-03 10:00:00,0.271,valid
DE_1006,2026-06-03 10:15:00,0.312,valid
DE_1006,2026-06-03 10:30:00,0.232,valid
DE_1006,2026-06-03 10:45:00,0.225,valid
DE_1006,2026-06-03 11:00:00,0.234,valid
DE_1006,2026-06-03 11:15:00,0.179,valid
DE_1006,2026-06-03 11:30:00,0.198,valid
DE_1006,2026-06-03 11:45:00,0.174,valid
DE_1006,2026-06-03 12:00:00,0.191,valid
DE_1006,2026-06-03 12:15:00,0.095,valid
DE_1006,2026-06-03 12:30:00,0.17,valid
DE_1006,2026-06-03 12:45:00,0.228,valid
DE_1006,2026-06-03 13:00:00,0.206,valid
DE_1006,2026-06-03 13:15:00,0.204,valid
DE_1006,2026-06-03 13:30:00,0.27,valid
DE_1006,2026-06-03 13:45:00,0.304,valid
DE_1006,2026-06-03 14:00:00,0.213,valid
DE_1006,2026-06-03 14:15:00,0.31,valid
DE_1006,2026-06-03 14:30:00,0.162,valid
DE_1006,2026-06-03 14:45:00,0.208,valid
DE_1006,2026-06-03 15:00:00,0.302,valid
DE_1006,2026-06-03 15:15:00,0.288,valid
DE_1006,2026-06-03 15:30:00,0.281,valid
DE_1006,2026-06-03 15:45:00,0.318,valid
DE_1006,2026-06-03 16:00:00,0.29,valid
DE_1006,2026-06-03 16:15:00,0.338,valid
DE_1006,2026-06-03 16:30:00,0.276,valid
DE_1006,2026-06-03 16:45:00,0.269,valid
DE_1006,2026-06-03 17:00:00,0.231,valid
DE_1006,2026-06-03 17:15:00,0.359,valid
DE_1006,2026-06-03 17:30:00,0.282,valid
DE_1006,2026-06-03 17:45:00,0.375,valid
DE_1006,2026-06-03 18:00:00,0.4,valid
DE_1006,2026-06-03 18:15:00,0.339,valid
DE_1006,2026-06-03 18:30:00,0.354,valid
DE_1006,2026-06-03 18:45:00,0.36,valid
DE_1006,2026-06-03 19:00:00,0.365,valid
DE_1006,2026-06-03 19:15:00,0.302,valid
DE_1006,2026-06-03 19:30:00,0.447,valid
DE_1006,2026-06-03 19:45:00,0.347,valid
DE_1006,2026-06-03 20:00:00,0.426,valid
DE_1006,2026-06-03 20:15:00,0.415,valid
DE_1006,2026-06-03 20:30:00,0.414,valid
DE_1006,2026-06-03 20:45:00,0.411,valid
DE_1006,2026-06-03 21:00:00,0.471,valid
DE_1006,2026-06-03 21:15:00,0.381,valid
DE_1006,2026-06-03 21:30:00,0.475,valid
DE_1006,2026-06-03 21:45:00,0.433,valid
DE_1006,2026-06-03 22:00:00,0.452,valid
DE_1006,2026-06-03 22:15:00,0.429,valid
DE_1006,2026-06-03 22:30:00,0.448,valid
DE_1006,2026-06-03 22:45:00,0.479,valid
DE_1006,2026-06-03 23:00:00,0.416,valid
DE_1006,2026-06-03 23:15:00,0.389,valid
DE_1006,2026-06-03 23:30:00,0.461,valid
DE_1006,2026-06-03 23:45:00,0.51,valid
DE_1006,2026-06-04 00:00:00,0.485,valid
DE_1006,2026-06-04 00:15:00,0.569,valid
DE_1006,2026-06-04 00:30:00,0.565,valid
DE_1006,2026-06-04 00:45:00,0.57,valid
DE_1006,2026-06-04 01:00:00,0.548,valid
DE_1006,2026-06-04 01:15:00,0.488,valid
DE_1006,2026-06-04 01:30:00,0.503,valid
DE_1006,2026-06-04 01:45:00,0.441,valid
DE_1006,2026-06-04 02:00:00,0.316,valid
DE_1006,2026-06-04 02:15:00,0.47,valid
DE_1006,2026-06-04 02:30:00,0.411,valid
DE_1006,2026-06-04 02:45:00,0.44,valid
DE_1006,2026-06-04 03:00:00,0.301,valid
DE_1006,2026-06-04 03:30:00,0.415,valid
DE_1006,2026-06-04 03:45:00,0.395,valid
DE_1006,2026-06-04 04:00:00,0.342,valid
DE_1006,2026-06-04 04:15:00,0.359,valid
DE_1006,2026-06-04 04:30:00,0.358,valid
DE_1006,2026-06-04 04:45:00,0.351,valid
DE_1006,2026-06-04 05:00:00,0.304,valid
DE_1006,2026-06-04 05:15:00,0.365,valid
DE_1006,2026-06-04 05:30:00,0.358,valid
DE_1006,2026-06-04 05:45:00,0.418,valid
DE_1006,2026-06-04 06:00:00,0.262,valid
DE_1006,2026-06-04 06:15:00,0.328,valid
DE_1006,2026-06-04 06:30:00,0.305,valid
DE_1006,2026-06-04 06:45:00,0.367,valid
DE_1006,2026-06-04 07:00:00,0.322,valid
DE_1006,2026-06-04 07:15:00,0.367,valid
DE_1006,2026-06-04 07:30:00,0.417,valid
DE_1006,2026-06-04 07:45:00,0.325,valid
DE_1006,2026-06-04 08:00:00,0.326,valid
DE_1006,2026-06-04 08:15:00,0.263,valid
DE_1006,2026-06-04 08:30:00,0.294,valid
DE_1006,2026-06-04 08:45:00,0.301,valid
DE_1006,2026-06-04 09:00:00,0.382,valid
DE_1006,2026-06-04 09:15:00,0.218,valid
DE_1006,2026-06-04 09:30:00,0.268,valid
DE_1006,2026-06-04 09:45:00,0.276,valid
DE_1006,2026-06-04 10:00:00,0.212,valid
DE_1006,2026-06-04 10:15:00,0.268,valid
DE_1006,2026-06-04 10:30:00,0.251,valid
DE_1006,2026-06-04 10:45:00,0.256,valid
DE_1006,2026-06-04 11:00:00,0.189,valid
DE_1006,2026-06-04 11:15:00,0.262,valid
DE_1006,2026-06-04 11:30:00,0.178,valid
DE_1006,2026-06-04 11:45:00,0.206,valid
DE_1006,2026-06-04 12:00:00,0.242,valid
DE_1006,2026-06-04 12:15:00,0.27,valid
DE_1006,2026-06-04 12:30:00,0.162,valid
DE_1006,2026-06-04 12:45:00,0.231,valid
DE_1006,2026-06-04 13:00:00,0.221,valid
DE_1006,2026-06-04 13:15:00,0.277,valid
DE_1006,2026-06-04 13:30:00,0.231,valid
DE_1006,2026-06-04 13:45:00,0.31,valid
DE_1006,2026-06-04 14:00:00,0.327,valid
DE_1006,2026-06-04 14:15:00,0.201,valid
DE_1006,2026-06-04 14:30:00,0.234,valid
DE_1006,2026-06-04 14:45:00,0.212,valid
DE_1006,2026-06-04 15:00:00,0.271,valid
DE_1006,2026-06-04 15:15:00,0.184,valid
DE_1006,2026-06-04 15:30:00,0.191,valid
DE_1006,2026-06-04 15:45:00,0.326,valid
DE_1006,2026-06-04 16:00:00,0.317,valid
DE_1006,2026-06-04 16:15:00,0.338,valid
DE_1006,2026-06-04 16:30:00,0.255,valid
DE_1006,2026-06-04 16:45:00,0.247,valid
DE_1006,2026-06-04 17:00:00,0.315,valid
DE_1006,2026-06-04 17:15:00,0.394,valid
DE_1006,2026-06-04 17:30:00,0.329,valid
DE_1006,2026-06-04 17:45:00,0.334,valid
DE_1006,2026-06-04 18:00:00,0.409,valid
DE_1006,2026-06-04 18:15:00,0.369,valid
DE_1006,2026-06-04 18:30:00,0.359,valid
DE_1006,2026-06-04 18:45:00,0.371,valid
DE_1006,2026-06-04 19:00:00,0.365,valid
DE_1006,2026-06-04 19:15:00,0.454,valid
DE_1006,2026-06-04 19:30:00,0.37,valid
DE_1006,2026-06-04 19:45:00,0.339,valid
DE_1006,2026-06-04 20:00:00,0.434,valid
DE_1006,2026-06-04 20:15:00,0.447,valid
DE_1006,2026-06-04 20:30:00,0.376,valid
DE_1006,2026-06-04 20:45:00,0.436,valid
DE_1006,2026-06-04 21:00:00,0.479,valid
DE_1006,2026-06-04 21:15:00,0.257,valid
DE_1006,2026-06-04 21:30:00,0.339,valid
DE_1006,2026-06-04 21:45:00,0.445,valid
DE_1006,2026-06-04 22:00:00,0.403,valid
DE_1006,2026-06-04 22:15:00,0.534,valid
DE_1006,2026-06-04 22:30:00,0.466,valid
DE_1006,2026-06-04 22:45:00,0.445,valid
DE_1006,2026-06-04 23:00:00,0.478,valid
DE_1006,2026-06-04 23:15:00,0.456,valid
DE_1006,2026-06-04 23:30:00,0.443,valid
DE_1006,2026-06-04 23:45:00,0.481,valid
DE_1006,2026-06-05 00:00:00,0.55,valid
DE_1006,2026-06-05 00:15:00,0.423,valid
DE_1006,2026-06-05 00:30:00,0.512,valid
DE_1006,2026-06-05 00:45:00,0.478,valid
DE_1006,2026-06-05 01:00:00,0.479,valid
DE_1006,2026-06-05 01:15:00,0.437,valid
DE_1006,2026-06-05 01:30:00,0.482,valid
DE_1006,2026-06-05 01:45:00,0.421,valid
DE_1006,2026-06-05 02:00:00,0.449,valid
DE_1006,2026-06-05 02:15:00,0.437,valid
DE_1006,2026-06-05 02:30:00,0.367,valid
DE_1006,2026-06-05 02:45:00,0.471,valid
DE_1006,2026-06-05 03:00:00,0.284,valid
DE_1006,2026-06-05 03:15:00,0.406,valid
DE_1006,2026-06-05 03:30:00,0.35,valid
DE_1006,2026-06-05 03:45:00,0.438,valid
DE_1006,2026-06-05 04:00:00,0.383,valid
DE_1006,2026-06-05 04:15:00,0.441,valid
DE_1006,2026-06-05 04:30:00,0.39,valid
DE_1006,2026-06-05 04:45:00,0.389,valid
DE_1006,2026-06-05 05:00:00,0.431,valid
DE_1006,2026-06-05 05:15:00,0.352,valid
DE_1006,2026-06-05 05:30:00,0.374,valid
DE_1006,2026-06-05 05:45:00,0.446,valid
DE_1006,2026-06-05 06:00:00,0.383,valid
DE_1006,2026-06-05 06:15:00,0.449,valid
DE_1006,2026-06-05 06:30:00,0.373,valid
DE_1006,2026-06-05 06:45:00,0.324,valid
DE_1006,2026-06-05 07:00:00,0.379,valid
DE_1006,2026-06-05 07:15:00,0.371,valid
DE_1006,2026-06-05 07:30:00,0.311,valid
DE_1006,2026-06-05 07:45:00,0.352,valid
DE_1006,2026-06-05 08:00:00,0.296,valid
DE_1006,2026-06-05 08:15:00,0.325,valid
DE_1006,2026-06-05 08:30:00,0.302,valid
DE_1006,2026-06-05 08:45:00,0.294,valid
DE_1006,2026-06-05 09:00:00,0.359,valid
DE_1006,2026-06-05 09:15:00,0.298,valid
DE_1006,2026-06-05 09:30:00,0.208,valid
DE_1006,2026-06-05 09:45:00,0.285,valid
DE_1006,2026-06-05 10:00:00,0.235,valid
DE_1006,2026-06-05 10:15:00,0.266,valid
DE_1006,2026-06-05 10:30:00,0.262,valid
DE_1006,2026-06-05 10:45:00,0.268,valid
DE_1006,2026-06-05 11:00:00,0.14,valid
DE_1006,2026-06-05 11:15:00,0.147,valid
DE_1006,2026-06-05 11:30:00,0.295,valid
DE_1006,2026-06-05 11:45:00,0.224,valid
DE_1006,2026-06-05 12:00:00,0.267,valid
DE_1006,2026-06-05 12:15:00,0.226,valid
DE_1006,2026-06-05 12:30:00,0.173,valid
DE_1006,2026-06-05 12:45:00,0.116,valid
DE_1006,2026-06-05 13:00:00,0.251,valid
DE_1006,2026-06-05 13:15:00,0.251,valid
DE_1006,2026-06-05 13:30:00,0.313,valid
DE_1006,2026-06-05 13:45:00,0.215,valid
DE_1006,2026-06-05 14:00:00,0.254,valid
DE_1006,2026-06-05 14:15:00,0.16,valid
DE_1006,2026-06-05 14:30:00,0.22,valid
DE_1006,2026-06-05 14:45:00,0.262,valid
DE_1006,2026-06-05 15:00:00,0.257,valid
DE_1006,2026-06-05 15:15:00,0.231,valid
DE_1006,2026-06-05 15:30:00,0.346,valid
DE_1006,2026-06-05 15:45:00,0.355,valid
DE_1006,2026-06-05 16:00:00,0.247,valid
DE_1006,2026-06-05 16:15:00,0.305,valid
DE_1006,2026-06-05 16:30:00,0.279,valid
DE_1006,2026-06-05 16:45:00,0.374,valid
DE_1006,2026-06-05 17:00:00,0.337,valid
DE_1006,2026-06-05 17:15:00,0.355,valid
DE_1006,2026-06-05 17:30:00,0.278,valid
DE_1006,2026-06-05 17:45:00,0.391,valid
DE_1006,2026-06-05 18:15:00,0.443,valid
DE_1006,2026-06-05 18:30:00,0.405,valid
DE_1006,2026-06-05 18:45:00,0.317,valid
DE_1006,2026-06-05 19:00:00,0.401,valid
DE_1006,2026-06-05 19:15:00,0.387,valid
DE_1006,2026-06-05 19:30:00,0.364,valid
DE_1006,2026-06-05 19:45:00,0.412,valid
DE_1006,2026-06-05 20:00:00,0.399,valid
DE_1006,2026-06-05 20:15:00,0.401,valid
DE_1006,2026-06-05 20:30:00,0.368,valid
DE_1006,2026-06-05 20:45:00,0.363,valid
DE_1006,2026-06-05 21:00:00,0.429,valid
DE_1006,2026-06-05 21:15:00,0.434,valid
DE_1006,2026-06-05 21:30:00,0.479,valid
DE_1006,2026-06-05 21:45:00,0.357,valid
DE_1006,2026-06-05 22:00:00,0.456,valid
DE_1006,2026-06-05 22:15:00,0.53,valid
DE_1006,2026-06-05 22:30:00,0.416,valid
DE_1006,2026-06-05 22:45:00,0.398,valid
DE_1006,2026-06-05 23:00:00,0.429,valid
DE_1006,2026-06-05 23:15:00,0.515,valid
DE_1006,2026-06-05 23:30:00,0.412,valid
DE_1006,2026-06-05 23:45:00,0.476,valid
DE_1006,2026-06-06 00:00:00,0.467,valid
DE_1006,2026-06-06 00:15:00,0.471,valid
DE_1006,2026-06-06 00:30:00,0.485,valid
DE_1006,2026-06-06 00:45:00,0.481,valid
DE_1006,2026-06-06 01:00:00,0.457,valid
DE_1006,2026-06-06 01:15:00,0.472,valid
DE_1006,2026-06-06 01:30:00,0.488,valid
DE_1006,2026-06-06 01:45:00,0.452,valid
DE_1006,2026-06-06 02:00:00,0.474,valid
DE_1006,2026-06-06 02:15:00,0.426,valid
DE_1006,2026-06-06 02:30:00,0.427,valid
DE_1006,2026-06-06 02:45:00,0.452,valid
DE_1006,2026-06-06 03:00:00,0.339,valid
DE_1006,2026-06-06 03:15:00,0.384,valid
DE_1006,2026-06-06 03:30:00,0.392,valid
DE_1006,2026-06-06 03:45:00,0.374,valid
DE_1006,2026-06-06 04:00:00,0.388,valid
DE_1006,2026-06-06 04:15:00,0.363,valid
DE_1006,2026-06-06 04:30:00,0.354,valid
DE_1006,2026-06-06 04:45:00,0.451,valid
DE_1006,2026-06-06 05:00:00,0.479,valid
DE_1006,2026-06-06 05:15:00,0.425,valid
DE_1006,2026-06-06 05:30:00,0.39,valid
DE_1006,2026-06-06 05:45:00,0.431,valid
DE_1006,2026-06-06 06:00:00,0.366,valid
DE_1006,2026-06-06 06:15:00,0.337,valid
DE_1006,2026-06-06 06:30:00,0.356,valid
DE_1006,2026-06-06 06:45:00,0.333,valid
DE_1006,2026-06-06 07:00:00,0.215,valid
DE_1006,2026-06-06 07:15:00,0.283,valid
DE_1006,2026-06-06 07:30:00,0.284,valid
DE_1006,2026-06-06 07:45:00,0.349,valid
DE_1006,2026-06-06 08:00:00,0.276,valid
DE_1006,2026-06-06 08:15:00,0.21,valid
DE_1006,2026-06-06 08:30:00,0.299,valid
DE_1006,2026-06-06 08:45:00,0.314,valid
DE_1006,2026-06-06 09:00:00,0.313,valid
DE_1006,2026-06-06 09:15:00,0.293,valid
DE_1006,2026-06-06 09:30:00,0.395,valid
DE_1006,2026-06-06 09:45:00,0.232,valid
DE_1006,2026-06-06 10:00:00,0.316,valid
DE_1006,2026-06-06 10:15:00,0.296,valid
DE_1006,2026-06-06 10:30:00,0.218,valid
DE_1006,2026-06-06 10:45:00,0.244,valid
DE_1006,2026-06-06 11:00:00,0.188,valid
DE_1006,2026-06-06 11:15:00,0.219,valid
DE_1006,2026-06-06 11:30:00,0.203,valid
DE_1006,2026-06-06 11:45:00,0.203,valid
DE_1006,2026-06-06 12:00:00,0.2,valid
DE_1006,2026-06-06 12:15:00,0.148,valid
DE_1006,2026-06-06 12:30:00,0.256,valid
DE_1006,2026-06-06 12:45:00,0.244,valid
DE_1006,2026-06-06 13:00:00,0.19,valid
DE_1006,2026-06-06 13:15:00,0.268,valid
DE_1006,2026-06-06 13:30:00,0.172,valid
DE_1006,2026-06-06 13:45:00,0.136,valid
DE_1006,2026-06-06 14:00:00,0.266,valid
DE_1006,2026-06-06 14:15:00,0.277,valid
DE_1006,2026-06-06 14:30:00,0.213,valid
DE_1006,2026-06-06 14:45:00,0.276,valid
DE_1006,2026-06-06 15:00:00,0.373,valid
DE_1006,2026-06-06 15:15:00,0.426,valid
DE_1006,2026-06-06 15:30:00,0.231,valid
DE_1006,2026-06-06 15:45:00,0.291,valid
DE_1006,2026-06-06 16:00:00,0.239,valid
DE_1006,2026-06-06 16:15:00,0.442,valid
DE_1006,2026-06-06 16:30:00,0.278,valid
DE_1006,2026-06-06 16:45:00,0.343,valid
DE_1006,2026-06-06 17:00:00,0.33,valid
DE_1006,2026-06-06 17:15:00,0.272,valid
DE_1006,2026-06-06 17:30:00,0.315,valid
DE_1006,2026-06-06 17:45:00,0.257,valid
DE_1006,2026-06-06 18:00:00,0.318,valid
DE_1006,2026-06-06 18:15:00,0.337,valid
DE_1006,2026-06-06 18:30:00,0.361,valid
DE_1006,2026-06-06 18:45:00,0.236,valid
DE_1006,2026-06-06 19:00:00,0.372,valid
DE_1006,2026-06-06 19:15:00,0.503,valid
DE_1006,2026-06-06 19:30:00,0.327,valid
DE_1006,2026-06-06 19:45:00,0.391,valid
DE_1006,2026-06-06 20:00:00,0.379,valid
DE_1006,2026-06-06 20:15:00,0.259,valid
DE_1006,2026-06-06 20:30:00,0.35,valid
DE_1006,2026-06-06 20:45:00,0.366,valid
DE_1006,2026-06-06 21:00:00,0.467,valid
DE_1006,2026-06-06 21:15:00,0.423,valid
DE_1006,2026-06-06 21:30:00,0.414,valid
DE_1006,2026-06-06 21:45:00,0.459,valid
DE_1006,2026-06-06 22:00:00,0.456,valid
DE_1006,2026-06-06 22:15:00,0.442,valid
DE_1006,2026-06-06 22:30:00,0.483,valid
DE_1006,2026-06-06 22:45:00,0.381,valid
DE_1006,2026-06-06 23:00:00,0.465,valid
DE_1006,2026-06-06 23:15:00,0.538,valid
DE_1006,2026-06-06 23:30:00,0.368,valid
DE_1006,2026-06-06 23:45:00,0.435,valid
DE_1006,2026-06-07 00:00:00,0.508,valid
DE_1006,2026-06-07 00:15:00,0.511,valid
DE_1006,2026-06-07 00:45:00,0.521,valid
DE_1006,2026-06-07 01:00:00,0.431,valid
DE_1006,2026-06-07 01:15:00,0.524,valid
DE_1006,2026-06-07 01:30:00,0.485,valid
DE_1006,2026-06-07 01:45:00,0.566,valid
DE_1006,2026-06-07 02:00:00,0.492,valid
DE_1006,2026-06-07 02:15:00,0.478,valid
DE_1006,2026-06-07 02:30:00,0.521,valid
DE_1006,2026-06-07 02:45:00,0.41,valid
DE_1006,2026-06-07 03:00:00,0.41,valid
DE_1006,2026-06-07 03:15:00,0.337,valid
DE_1006,2026-06-07 03:30:00,0.469,valid
DE_1006,2026-06-07 03:45:00,0.508,valid
DE_1006,2026-06-07 04:00:00,0.376,valid
DE_1006,2026-06-07 04:15:00,0.339,valid
DE_1006,2026-06-07 04:30:00,0.456,valid
DE_1006,2026-06-07 04:45:00,0.363,valid
DE_1006,2026-06-07 05:00:00,0.35,valid
DE_1006,2026-06-07 05:15:00,0.452,valid
DE_1006,2026-06-07 05:30:00,0.357,valid
DE_1006,2026-06-07 05:45:00,0.366,valid
DE_1006,2026-06-07 06:00:00,0.431,valid
DE_1006,2026-06-07 06:15:00,0.38,valid
DE_1006,2026-06-07 06:30:00,0.297,valid
DE_1006,2026-06-07 06:45:00,0.425,valid
DE_1006,2026-06-07 07:00:00,0.238,valid
DE_1006,2026-06-07 07:15:00,0.375,valid
DE_1006,2026-06-07 07:30:00,0.35,valid
DE_1006,2026-06-07 07:45:00,0.299,valid
DE_1006,2026-06-07 08:00:00,0.261,valid
DE_1006,2026-06-07 08:15:00,0.244,valid
DE_1006,2026-06-07 08:30:00,0.386,valid
DE_1006,2026-06-07 08:45:00,0.306,valid
DE_1006,2026-06-07 09:00:00,0.243,valid
DE_1006,2026-06-07 09:15:00,0.304,valid
DE_1006,2026-06-07 09:30:00,0.335,valid
DE_1006,2026-06-07 09:45:00,0.291,valid
DE_1006,2026-06-07 10:00:00,0.285,valid
DE_1006,2026-06-07 10:15:00,0.298,valid
DE_1006,2026-06-07 10:30:00,0.253,valid
DE_1006,2026-06-07 10:45:00,0.266,valid
DE_1006,2026-06-07 11:00:00,0.219,valid
DE_1006,2026-06-07 11:15:00,0.175,valid
DE_1006,2026-06-07 11:30:00,0.162,valid
DE_1006,2026-06-07 11:45:00,0.248,valid
DE_1006,2026-06-07 12:00:00,0.165,valid
DE_1006,2026-06-07 12:15:00,0.199,valid
DE_1006,2026-06-07 12:30:00,0.188,valid
DE_1006,2026-06-07 12:45:00,0.249,valid
DE_1006,2026-06-07 13:00:00,0.239,valid
DE_1006,2026-06-07 13:15:00,0.24,valid
DE_1006,2026-06-07 13:30:00,0.211,valid
DE_1006,2026-06-07 13:45:00,0.218,valid
DE_1006,2026-06-07 14:00:00,0.233,valid
DE_1006,2026-06-07 14:15:00,0.262,valid
DE_1006,2026-06-07 14:30:00,0.164,valid
DE_1006,2026-06-07 14:45:00,0.249,valid
DE_1006,2026-06-07 15:00:00,0.293,valid
DE_1006,2026-06-07 15:15:00,0.295,valid
DE_1006,2026-06-07 15:30:00,0.221,valid
DE_1006,2026-06-07 15:45:00,0.254,valid
DE_1006,2026-06-07 16:00:00,0.281,valid
DE_1006,2026-06-07 16:15:00,0.273,valid
DE_1006,2026-06-07 16:30:00,0.239,valid
DE_1006,2026-06-07 16:45:00,0.246,valid
DE_1006,2026-06-07 17:00:00,0.325,valid
DE_1006,2026-06-07 17:15:00,0.344,valid
DE_1006,2026-06-07 17:30:00,0.332,valid
DE_1006,2026-06-07 17:45:00,0.281,valid
DE_1006,2026-06-07 18:00:00,0.369,valid
DE_1006,2026-06-07 18:15:00,0.34,valid
DE_1006,2026-06-07 18:30:00,0.325,valid
DE_1006,2026-06-07 18:45:00,0.304,valid
DE_1006,2026-06-07 19:00:00,0.35,valid
DE_1006,2026-06-07 19:15:00,0.411,valid
DE_1006,2026-06-07 19:30:00,0.366,valid
DE_1006,2026-06-07 19:45:00,0.369,valid
DE_1006,2026-06-07 20:15:00,0.54,valid
DE_1006,2026-06-07 20:30:00,0.287,valid
DE_1006,2026-06-07 20:45:00,0.299,valid
DE_1006,2026-06-07 21:00:00,0.399,valid
DE_1006,2026-06-07 21:15:00,0.435,valid
DE_1006,2026-06-07 21:30:00,0.514,valid
DE_1006,2026-06-07 21:45:00,0.451,valid
DE_1006,2026-06-07 22:00:00,0.465,valid
DE_1006,2026-06-07 22:15:00,0.496,valid
DE_1006,2026-06-07 22:30:00,0.455,valid
DE_1006,2026-06-07 22:45:00,0.352,valid
DE_1006,2026-06-07 23:00:00,0.488,valid
DE_1006,2026-06-07 23:15:00,0.486,valid
DE_1006,2026-06-07 23:30:00,0.583,valid
DE_1006,2026-06-07 23:45:00,0.439,valid
DE_1007,2026-06-01 00:00:00,0.563,valid
DE_1007,2026-06-01 00:15:00,0.432,valid
DE_1007,2026-06-01 00:30:00,0.577,valid
DE_1007,2026-06-01 00:45:00,0.507,valid
DE_1007,2026-06-01 01:00:00,0.517,valid
DE_1007,2026-06-01 01:15:00,0.51,valid
DE_1007,2026-06-01 01:30:00,0.509,valid
DE_1007,2026-06-01 01:45:00,0.48,valid
DE_1007,2026-06-01 02:00:00,0.417,valid
DE_1007,2026-06-01 02:15:00,0.442,valid
DE_1007,2026-06-01 02:30:00,0.412,valid
DE_1007,2026-06-01 02:45:00,0.444,valid
DE_1007,2026-06-01 03:00:00,0.345,valid
DE_1007,2026-06-01 03:15:00,0.434,valid
DE_1007,2026-06-01 03:30:00,0.474,valid
DE_1007,2026-06-01 03:45:00,0.485,valid
DE_1007,2026-06-01 04:00:00,0.466,valid
DE_1007,2026-06-01 04:15:00,0.408,valid
DE_1007,2026-06-01 04:30:00,0.392,valid
DE_1007,2026-06-01 04:45:00,0.387,valid
DE_1007,2026-06-01 05:00:00,0.395,valid
DE_1007,2026-06-01 05:15:00,0.411,valid
DE_1007,2026-06-01 05:30:00,0.392,valid
DE_1007,2026-06-01 05:45:00,0.308,valid
DE_1007,2026-06-01 06:00:00,0.419,valid
DE_1007,2026-06-01 06:15:00,0.374,valid
DE_1007,2026-06-01 06:45:00,0.353,valid
DE_1007,2026-06-01 07:00:00,0.312,valid
DE_1007,2026-06-01 07:15:00,0.422,valid
DE_1007,2026-06-01 07:30:00,0.272,valid
DE_1007,2026-06-01 07:45:00,0.241,valid
DE_1007,2026-06-01 08:00:00,0.4,valid
DE_1007,2026-06-01 08:15:00,0.312,valid
DE_1007,2026-06-01 08:30:00,0.279,valid
DE_1007,2026-06-01 08:45:00,0.271,valid
DE_1007,2026-06-01 09:00:00,0.175,valid
DE_1007,2026-06-01 09:15:00,0.368,valid
DE_1007,2026-06-01 09:30:00,0.31,valid
DE_1007,2026-06-01 09:45:00,0.3,valid
DE_1007,2026-06-01 10:00:00,0.291,valid
DE_1007,2026-06-01 10:15:00,0.204,valid
DE_1007,2026-06-01 10:30:00,0.273,valid
DE_1007,2026-06-01 10:45:00,0.304,valid
DE_1007,2026-06-01 11:00:00,0.115,valid
DE_1007,2026-06-01 11:15:00,0.255,valid
DE_1007,2026-06-01 11:30:00,0.262,valid
DE_1007,2026-06-01 11:45:00,0.23,valid
DE_1007,2026-06-01 12:00:00,0.156,valid
DE_1007,2026-06-01 12:15:00,0.192,valid
DE_1007,2026-06-01 12:30:00,0.177,valid
DE_1007,2026-06-01 12:45:00,0.218,valid
DE_1007,2026-06-01 13:00:00,0.198,valid
DE_1007,2026-06-01 13:15:00,0.263,valid
DE_1007,2026-06-01 13:30:00,0.199,valid
DE_1007,2026-06-01 13:45:00,0.199,valid
DE_1007,2026-06-01 14:00:00,0.308,valid
DE_1007,2026-06-01 14:15:00,0.242,valid
DE_1007,2026-06-01 14:30:00,0.277,valid
DE_1007,2026-06-01 14:45:00,0.185,valid
DE_1007,2026-06-01 15:00:00,0.351,valid
DE_1007,2026-06-01 15:15:00,0.202,valid
DE_1007,2026-06-01 15:30:00,0.28,valid
DE_1007,2026-06-01 15:45:00,0.264,valid
DE_1007,2026-06-01 16:00:00,0.262,valid
DE_1007,2026-06-01 16:15:00,0.286,valid
DE_1007,2026-06-01 16:30:00,0.362,valid
DE_1007,2026-06-01 16:45:00,0.387,valid
DE_1007,2026-06-01 17:00:00,0.313,valid
DE_1007,2026-06-01 17:15:00,0.307,valid
DE_1007,2026-06-01 17:30:00,0.231,valid
DE_1007,2026-06-01 17:45:00,0.411,valid
DE_1007,2026-06-01 18:00:00,0.297,valid
DE_1007,2026-06-01 18:15:00,0.305,valid
DE_1007,2026-06-01 18:30:00,0.355,valid
DE_1007,2026-06-01 18:45:00,0.387,valid
DE_1007,2026-06-01 19:00:00,0.451,valid
DE_1007,2026-06-01 19:15:00,0.484,valid
DE_1007,2026-06-01 19:30:00,0.413,valid
DE_1007,2026-06-01 19:45:00,0.351,valid
DE_1007,2026-06-01 20:00:00,0.367,valid
DE_1007,2026-06-01 20:15:00,0.391,valid
DE_1007,2026-06-01 20:30:00,0.44,valid
DE_1007,2026-06-01 20:45:00,0.448,valid
DE_1007,2026-06-01 21:15:00,0.33,valid
DE_1007,2026-06-01 21:30:00,0.397,valid
DE_1007,2026-06-01 21:45:00,0.498,valid
DE_1007,2026-06-01 22:00:00,0.423,valid
DE_1007,2026-06-01 22:15:00,0.446,valid
DE_1007,2026-06-01 22:30:00,0.586,valid
DE_1007,2026-06-01 22:45:00,0.446,valid
DE_1007,2026-06-01 23:00:00,0.546,valid
DE_1007,2026-06-01 23:15:00,0.567,valid
DE_1007,2026-06-01 23:30:00,0.513,valid
DE_1007,2026-06-01 23:45:00,0.453,valid
DE_1007,2026-06-02 00:00:00,0.386,valid
DE_1007,2026-06-02 00:15:00,0.457,valid
DE_1007,2026-06-02 00:30:00,0.532,valid
DE_1007,2026-06-02 00:45:00,0.53,valid
DE_1007,2026-06-02 01:00:00,0.534,valid
DE_1007,2026-06-02 01:15:00,0.42,valid
DE_1007,2026-06-02 01:30:00,0.485,valid
DE_1007,2026-06-02 01:45:00,0.372,valid
DE_1007,2026-06-02 02:00:00,0.406,valid
DE_1007,2026-06-02 02:15:00,0.476,valid
DE_1007,2026-06-02 02:30:00,0.341,valid
DE_1007,2026-06-02 02:45:00,0.491,valid
DE_1007,2026-06-02 03:00:00,0.517,valid
DE_1007,2026-06-02 03:15:00,0.353,valid
DE_1007,2026-06-02 03:30:00,0.412,valid
DE_1007,2026-06-02 03:45:00,0.511,valid
DE_1007,2026-06-02 04:00:00,0.425,valid
DE_1007,2026-06-02 04:15:00,0.42,valid
DE_1007,2026-06-02 04:30:00,0.405,valid
DE_1007,2026-06-02 04:45:00,0.331,valid
DE_1007,2026-06-02 05:00:00,0.368,valid
DE_1007,2026-06-02 05:15:00,0.439,valid
DE_1007,2026-06-02 05:30:00,0.379,valid
DE_1007,2026-06-02 05:45:00,0.411,valid
DE_1007,2026-06-02 06:00:00,0.332,valid
DE_1007,2026-06-02 06:15:00,0.306,valid
DE_1007,2026-06-02 06:30:00,0.328,valid
DE_1007,2026-06-02 06:45:00,0.297,valid
DE_1007,2026-06-02 07:00:00,0.257,valid
DE_1007,2026-06-02 07:15:00,0.324,valid
DE_1007,2026-06-02 07:30:00,0.314,valid
DE_1007,2026-06-02 07:45:00,0.278,valid
DE_1007,2026-06-02 08:00:00,0.335,valid
DE_1007,2026-06-02 08:15:00,0.253,valid
DE_1007,2026-06-02 08:30:00,0.321,valid
DE_1007,2026-06-02 08:45:00,0.325,valid
DE_1007,2026-06-02 09:00:00,0.358,valid
DE_1007,2026-06-02 09:15:00,0.292,valid
DE_1007,2026-06-02 09:30:00,0.314,valid
DE_1007,2026-06-02 09:45:00,0.279,valid
DE_1007,2026-06-02 10:00:00,0.18,valid
DE_1007,2026-06-02 10:15:00,0.293,valid
DE_1007,2026-06-02 10:30:00,0.334,valid
DE_1007,2026-06-02 10:45:00,0.244,valid
DE_1007,2026-06-02 11:00:00,0.33,valid
DE_1007,2026-06-02 11:15:00,0.271,valid
DE_1007,2026-06-02 11:30:00,0.325,valid
DE_1007,2026-06-02 11:45:00,0.216,valid
DE_1007,2026-06-02 12:00:00,0.156,valid
DE_1007,2026-06-02 12:15:00,0.203,valid
DE_1007,2026-06-02 12:30:00,0.164,valid
DE_1007,2026-06-02 12:45:00,0.21,valid
DE_1007,2026-06-02 13:00:00,0.213,valid
DE_1007,2026-06-02 13:15:00,0.233,valid
DE_1007,2026-06-02 13:30:00,0.22,valid
DE_1007,2026-06-02 13:45:00,0.176,valid
DE_1007,2026-06-02 14:00:00,0.224,valid
DE_1007,2026-06-02 14:15:00,0.313,valid
DE_1007,2026-06-02 14:30:00,0.247,valid
DE_1007,2026-06-02 14:45:00,0.183,valid
DE_1007,2026-06-02 15:00:00,0.174,valid
DE_1007,2026-06-02 15:15:00,0.259,valid
DE_1007,2026-06-02 15:30:00,0.289,valid
DE_1007,2026-06-02 15:45:00,0.216,valid
DE_1007,2026-06-02 16:00:00,0.211,valid
DE_1007,2026-06-02 16:15:00,0.328,valid
DE_1007,2026-06-02 16:30:00,0.46,valid
DE_1007,2026-06-02 16:45:00,0.344,valid
DE_1007,2026-06-02 17:00:00,0.275,valid
DE_1007,2026-06-02 17:15:00,0.319,valid
DE_1007,2026-06-02 17:30:00,0.319,valid
DE_1007,2026-06-02 17:45:00,0.261,valid
DE_1007,2026-06-02 18:00:00,0.28,valid
DE_1007,2026-06-02 18:15:00,0.343,valid
DE_1007,2026-06-02 18:30:00,0.39,valid
DE_1007,2026-06-02 18:45:00,0.363,valid
DE_1007,2026-06-02 19:00:00,0.341,valid
DE_1007,2026-06-02 19:15:00,0.4,valid
DE_1007,2026-06-02 19:30:00,0.401,valid
DE_1007,2026-06-02 19:45:00,0.326,valid
DE_1007,2026-06-02 20:00:00,0.339,valid
DE_1007,2026-06-02 20:15:00,0.432,valid
DE_1007,2026-06-02 20:30:00,0.457,valid
DE_1007,2026-06-02 20:45:00,0.42,valid
DE_1007,2026-06-02 21:00:00,0.484,valid
DE_1007,2026-06-02 21:15:00,0.498,valid
DE_1007,2026-06-02 21:30:00,0.349,valid
DE_1007,2026-06-02 21:45:00,0.449,valid
DE_1007,2026-06-02 22:00:00,0.516,valid
DE_1007,2026-06-02 22:15:00,0.507,valid
DE_1007,2026-06-02 22:30:00,0.521,valid
DE_1007,2026-06-02 22:45:00,0.421,valid
DE_1007,2026-06-02 23:00:00,0.509,valid
DE_1007,2026-06-02 23:15:00,0.514,valid
DE_1007,2026-06-02 23:30:00,0.445,valid
DE_1007,2026-06-02 23:45:00,0.485,valid
DE_1007,2026-06-03 00:00:00,0.433,valid
DE_1007,2026-06-03 00:22:00,0.458,valid
DE_1007,2026-06-03 00:30:00,0.516,valid
DE_1007,2026-06-03 00:45:00,0.553,valid
DE_1007,2026-06-03 01:00:00,0.475,valid
DE_1007,2026-06-03 01:15:00,0.552,valid
DE_1007,2026-06-03 01:30:00,0.549,valid
DE_1007,2026-06-03 01:45:00,0.426,valid
DE_1007,2026-06-03 02:00:00,0.445,valid
DE_1007,2026-06-03 02:15:00,0.425,valid
DE_1007,2026-06-03 02:30:00,0.491,valid
DE_1007,2026-06-03 02:45:00,0.486,valid
DE_1007,2026-06-03 03:00:00,0.385,valid
DE_1007,2026-06-03 03:30:00,0.359,valid
DE_1007,2026-06-03 03:45:00,0.484,valid
DE_1007,2026-06-03 04:00:00,0.278,valid
DE_1007,2026-06-03 04:15:00,0.391,valid
DE_1007,2026-06-03 04:30:00,0.365,valid
DE_1007,2026-06-03 04:45:00,0.434,valid
DE_1007,2026-06-03 05:00:00,0.388,valid
DE_1007,2026-06-03 05:15:00,0.265,valid
DE_1007,2026-06-03 05:30:00,0.308,valid
DE_1007,2026-06-03 05:45:00,0.346,valid
DE_1007,2026-06-03 06:00:00,0.409,valid
DE_1007,2026-06-03 06:15:00,0.432,valid
DE_1007,2026-06-03 06:30:00,0.384,valid
DE_1007,2026-06-03 06:45:00,0.421,valid
DE_1007,2026-06-03 07:00:00,0.287,valid
DE_1007,2026-06-03 07:15:00,0.346,valid
DE_1007,2026-06-03 07:30:00,0.331,valid
DE_1007,2026-06-03 07:45:00,0.271,valid
DE_1007,2026-06-03 08:00:00,0.282,valid
DE_1007,2026-06-03 08:15:00,0.282,valid
DE_1007,2026-06-03 08:30:00,0.323,valid
DE_1007,2026-06-03 08:45:00,0.325,valid
DE_1007,2026-06-03 09:00:00,0.248,valid
DE_1007,2026-06-03 09:15:00,0.248,valid
DE_1007,2026-06-03 09:30:00,0.18,valid
DE_1007,2026-06-03 09:45:00,0.3,valid
DE_1007,2026-06-03 10:00:00,0.245,valid
DE_1007,2026-06-03 10:15:00,0.249,valid
DE_1007,2026-06-03 10:30:00,0.277,valid
DE_1007,2026-06-03 10:45:00,0.225,valid
DE_1007,2026-06-03 11:00:00,0.177,valid
DE_1007,2026-06-03 11:15:00,0.195,valid
DE_1007,2026-06-03 11:30:00,0.208,valid
DE_1007,2026-06-03 11:45:00,0.236,valid
DE_1007,2026-06-03 12:00:00,0.17,valid
DE_1007,2026-06-03 12:15:00,0.178,valid
DE_1007,2026-06-03 12:30:00,0.134,valid
DE_1007,2026-06-03 12:45:00,0.18,valid
DE_1007,2026-06-03 13:00:00,0.138,valid
DE_1007,2026-06-03 13:15:00,0.192,valid
DE_1007,2026-06-03 13:30:00,0.252,valid
DE_1007,2026-06-03 13:45:00,0.234,valid
DE_1007,2026-06-03 14:00:00,0.242,valid
DE_1007,2026-06-03 14:15:00,0.239,valid
DE_1007,2026-06-03 14:30:00,0.295,valid
DE_1007,2026-06-03 14:45:00,0.191,valid
DE_1007,2026-06-03 15:00:00,0.297,valid
DE_1007,2026-06-03 15:15:00,0.239,valid
DE_1007,2026-06-03 15:30:00,0.289,valid
DE_1007,2026-06-03 15:45:00,0.267,valid
DE_1007,2026-06-03 16:00:00,0.273,valid
DE_1007,2026-06-03 16:15:00,0.316,valid
DE_1007,2026-06-03 16:30:00,0.268,valid
DE_1007,2026-06-03 16:45:00,0.239,valid
DE_1007,2026-06-03 17:00:00,0.301,valid
DE_1007,2026-06-03 17:15:00,0.262,valid
DE_1007,2026-06-03 17:30:00,0.332,valid
DE_1007,2026-06-03 17:45:00,0.295,valid
DE_1007,2026-06-03 18:00:00,0.287,valid
DE_1007,2026-06-03 18:15:00,0.368,valid
DE_1007,2026-06-03 18:30:00,0.37,valid
DE_1007,2026-06-03 18:45:00,0.341,valid
DE_1007,2026-06-03 19:00:00,0.36,valid
DE_1007,2026-06-03 19:15:00,0.421,valid
DE_1007,2026-06-03 19:30:00,0.361,valid
DE_1007,2026-06-03 19:45:00,0.388,valid
DE_1007,2026-06-03 20:00:00,0.343,valid
DE_1007,2026-06-03 20:15:00,0.428,valid
DE_1007,2026-06-03 20:45:00,0.426,valid
DE_1007,2026-06-03 21:00:00,0.411,valid
DE_1007,2026-06-03 21:15:00,0.387,valid
DE_1007,2026-06-03 21:30:00,0.365,valid
DE_1007,2026-06-03 21:45:00,0.415,valid
DE_1007,2026-06-03 22:00:00,0.427,valid
DE_1007,2026-06-03 22:15:00,0.385,valid
DE_1007,2026-06-03 22:30:00,0.513,valid
DE_1007,2026-06-03 22:45:00,0.501,valid
DE_1007,2026-06-03 23:00:00,0.373,valid
DE_1007,2026-06-03 23:15:00,0.368,valid
DE_1007,2026-06-03 23:30:00,0.399,valid
DE_1007,2026-06-03 23:45:00,0.483,valid
DE_1007,2026-06-04 00:00:00,0.634,valid
DE_1007,2026-06-04 00:15:00,0.441,valid
DE_1007,2026-06-04 00:30:00,0.484,valid
DE_1007,2026-06-04 00:45:00,0.567,valid
DE_1007,2026-06-04 01:00:00,0.45,valid
DE_1007,2026-06-04 01:15:00,0.531,valid
DE_1007,2026-06-04 01:30:00,0.522,valid
DE_1007,2026-06-04 01:45:00,0.474,valid
DE_1007,2026-06-04 02:00:00,0.494,valid
DE_1007,2026-06-04 02:15:00,0.497,valid
DE_1007,2026-06-04 02:30:00,0.38,valid
DE_1007,2026-06-04 02:45:00,0.441,valid
DE_1007,2026-06-04 03:00:00,0.394,valid
DE_1007,2026-06-04 03:15:00,0.426,valid
DE_1007,2026-06-04 03:30:00,0.364,valid
DE_1007,2026-06-04 03:45:00,0.375,valid
DE_1007,2026-06-04 04:00:00,0.403,valid
DE_1007,2026-06-04 04:15:00,0.4,valid
DE_1007,2026-06-04 04:30:00,0.469,valid
DE_1007,2026-06-04 04:45:00,0.411,valid
DE_1007,2026-06-04 05:00:00,0.447,valid
DE_1007,2026-06-04 05:15:00,0.441,valid
DE_1007,2026-06-04 05:30:00,0.432,valid
DE_1007,2026-06-04 05:45:00,0.198,valid
DE_1007,2026-06-04 06:00:00,0.311,valid
DE_1007,2026-06-04 06:15:00,0.373,valid
DE_1007,2026-06-04 06:30:00,0.284,valid
DE_1007,2026-06-04 06:45:00,0.324,valid
DE_1007,2026-06-04 07:00:00,0.358,valid
DE_1007,2026-06-04 07:15:00,0.327,valid
DE_1007,2026-06-04 07:30:00,0.308,valid
DE_1007,2026-06-04 07:45:00,0.412,valid
DE_1007,2026-06-04 08:00:00,0.279,valid
DE_1007,2026-06-04 08:15:00,0.356,valid
DE_1007,2026-06-04 08:30:00,0.298,valid
DE_1007,2026-06-04 08:45:00,0.305,valid
DE_1007,2026-06-04 09:00:00,0.257,valid
DE_1007,2026-06-04 09:15:00,0.233,valid
DE_1007,2026-06-04 09:30:00,0.264,valid
DE_1007,2026-06-04 09:45:00,0.207,valid
DE_1007,2026-06-04 10:00:00,0.281,valid
DE_1007,2026-06-04 10:15:00,0.256,valid
DE_1007,2026-06-04 10:30:00,0.228,valid
DE_1007,2026-06-04 10:45:00,0.29,valid
DE_1007,2026-06-04 11:00:00,0.173,valid
DE_1007,2026-06-04 11:15:00,0.127,valid
DE_1007,2026-06-04 11:30:00,0.246,valid
DE_1007,2026-06-04 11:45:00,0.156,valid
DE_1007,2026-06-04 12:00:00,0.13,valid
DE_1007,2026-06-04 12:15:00,0.208,valid
DE_1007,2026-06-04 12:30:00,0.248,valid
DE_1007,2026-06-04 12:45:00,0.161,valid
DE_1007,2026-06-04 13:00:00,0.18,valid
DE_1007,2026-06-04 13:15:00,0.3,valid
DE_1007,2026-06-04 13:30:00,0.154,valid
DE_1007,2026-06-04 13:45:00,0.267,valid
DE_1007,2026-06-04 14:00:00,0.271,valid
DE_1007,2026-06-04 14:15:00,0.214,valid
DE_1007,2026-06-04 14:30:00,0.243,valid
DE_1007,2026-06-04 14:45:00,0.207,valid
DE_1007,2026-06-04 15:00:00,0.242,valid
DE_1007,2026-06-04 15:15:00,0.267,valid
DE_1007,2026-06-04 15:30:00,0.24,valid
DE_1007,2026-06-04 15:45:00,0.193,valid
DE_1007,2026-06-04 16:00:00,0.336,valid
DE_1007,2026-06-04 16:15:00,0.27,valid
DE_1007,2026-06-04 16:30:00,0.34,valid
DE_1007,2026-06-04 16:45:00,0.292,valid
DE_1007,2026-06-04 17:00:00,0.466,valid
DE_1007,2026-06-04 17:15:00,0.353,valid
DE_1007,2026-06-04 17:30:00,0.258,valid
DE_1007,2026-06-04 17:45:00,0.256,valid
DE_1007,2026-06-04 18:00:00,0.305,valid
DE_1007,2026-06-04 18:15:00,0.329,valid
DE_1007,2026-06-04 18:30:00,0.267,valid
DE_1007,2026-06-04 18:45:00,0.294,valid
DE_1007,2026-06-04 19:00:00,0.376,valid
DE_1007,2026-06-04 19:15:00,0.297,valid
DE_1007,2026-06-04 19:30:00,0.37,valid
DE_1007,2026-06-04 19:45:00,0.387,valid
DE_1007,2026-06-04 20:00:00,0.35,valid
DE_1007,2026-06-04 20:15:00,0.43,valid
DE_1007,2026-06-04 20:30:00,0.404,valid
DE_1007,2026-06-04 20:45:00,0.455,valid
DE_1007,2026-06-04 21:15:00,0.414,valid
DE_1007,2026-06-04 21:30:00,0.417,valid
DE_1007,2026-06-04 21:45:00,0.448,valid
DE_1007,2026-06-04 22:00:00,0.469,valid
DE_1007,2026-06-04 22:15:00,0.365,valid
DE_1007,2026-06-04 22:30:00,0.496,valid
DE_1007,2026-06-04 22:45:00,0.422,valid
DE_1007,2026-06-04 23:00:00,0.532,valid
DE_1007,2026-06-04 23:15:00,0.484,valid
DE_1007,2026-06-04 23:30:00,0.443,valid
DE_1007,2026-06-04 23:45:00,0.475,valid
DE_1007,2026-06-05 00:00:00,0.572,valid
DE_1007,2026-06-05 00:15:00,0.463,valid
DE_1007,2026-06-05 00:30:00,0.415,valid
DE_1007,2026-06-05 00:45:00,0.487,valid
DE_1007,2026-06-05 01:00:00,0.538,valid
DE_1007,2026-06-05 01:15:00,0.554,valid
DE_1007,2026-06-05 01:30:00,0.527,valid
DE_1007,2026-06-05 01:45:00,0.369,valid
DE_1007,2026-06-05 02:00:00,0.438,valid
DE_1007,2026-06-05 02:15:00,0.426,valid
DE_1007,2026-06-05 02:30:00,0.441,valid
DE_1007,2026-06-05 02:45:00,0.395,valid
DE_1007,2026-06-05 03:00:00,0.411,valid
DE_1007,2026-06-05 03:15:00,0.366,valid
DE_1007,2026-06-05 03:30:00,0.541,valid
DE_1007,2026-06-05 03:45:00,0.428,valid
DE_1007,2026-06-05 04:00:00,0.374,valid
DE_1007,2026-06-05 04:15:00,0.338,valid
DE_1007,2026-06-05 04:30:00,0.448,valid
DE_1007,2026-06-05 04:45:00,0.429,valid
DE_1007,2026-06-05 05:00:00,0.433,valid
DE_1007,2026-06-05 05:15:00,0.392,valid
DE_1007,2026-06-05 05:30:00,0.352,valid
DE_1007,2026-06-05 05:45:00,0.339,valid
DE_1007,2026-06-05 06:00:00,0.312,valid
DE_1007,2026-06-05 06:15:00,0.33,valid
DE_1007,2026-06-05 06:30:00,0.384,valid
DE_1007,2026-06-05 06:45:00,0.322,valid
DE_1007,2026-06-05 07:00:00,0.339,valid
DE_1007,2026-06-05 07:15:00,0.363,valid
DE_1007,2026-06-05 07:30:00,0.302,valid
DE_1007,2026-06-05 07:45:00,0.374,valid
DE_1007,2026-06-05 08:00:00,0.321,valid
DE_1007,2026-06-05 08:15:00,0.319,valid
DE_1007,2026-06-05 08:30:00,0.299,valid
DE_1007,2026-06-05 08:45:00,0.309,valid
DE_1007,2026-06-05 09:00:00,0.232,valid
DE_1007,2026-06-05 09:15:00,0.233,valid
DE_1007,2026-06-05 09:30:00,0.288,valid
DE_1007,2026-06-05 09:45:00,0.32,valid
DE_1007,2026-06-05 10:00:00,0.238,valid
DE_1007,2026-06-05 10:15:00,0.275,valid
DE_1007,2026-06-05 10:30:00,0.238,valid
DE_1007,2026-06-05 10:45:00,0.211,valid
DE_1007,2026-06-05 11:00:00,0.226,valid
DE_1007,2026-06-05 11:15:00,22.911,valid
DE_1007,2026-06-05 11:30:00,0.191,valid
DE_1007,2026-06-05 11:45:00,0.195,valid
DE_1007,2026-06-05 12:00:00,0.175,valid
DE_1007,2026-06-05 12:15:00,0.209,valid
DE_1007,2026-06-05 12:30:00,0.126,valid
DE_1007,2026-06-05 12:45:00,0.214,valid
DE_1007,2026-06-05 13:00:00,0.238,valid
DE_1007,2026-06-05 13:15:00,0.235,valid
DE_1007,2026-06-05 13:30:00,0.197,valid
DE_1007,2026-06-05 13:45:00,0.239,valid
DE_1007,2026-06-05 14:00:00,0.195,valid
DE_1007,2026-06-05 14:15:00,0.212,valid
DE_1007,2026-06-05 14:30:00,0.29,valid
DE_1007,2026-06-05 14:45:00,0.184,valid
DE_1007,2026-06-05 15:00:00,0.243,valid
DE_1007,2026-06-05 15:15:00,0.246,valid
DE_1007,2026-06-05 15:30:00,0.307,valid
DE_1007,2026-06-05 15:45:00,0.203,valid
DE_1007,2026-06-05 16:00:00,0.271,valid
DE_1007,2026-06-05 16:15:00,0.246,valid
DE_1007,2026-06-05 16:30:00,0.383,valid
DE_1007,2026-06-05 16:45:00,0.286,valid
DE_1007,2026-06-05 17:00:00,0.299,valid
DE_1007,2026-06-05 17:15:00,0.331,valid
DE_1007,2026-06-05 17:30:00,0.368,valid
DE_1007,2026-06-05 17:45:00,0.221,valid
DE_1007,2026-06-05 18:00:00,0.296,valid
DE_1007,2026-06-05 18:15:00,0.361,valid
DE_1007,2026-06-05 18:30:00,0.319,valid
DE_1007,2026-06-05 18:45:00,0.278,valid
DE_1007,2026-06-05 19:00:00,0.34,valid
DE_1007,2026-06-05 19:15:00,0.383,valid
DE_1007,2026-06-05 19:30:00,0.391,valid
DE_1007,2026-06-05 19:45:00,0.473,valid
DE_1007,2026-06-05 20:00:00,0.318,valid
DE_1007,2026-06-05 20:15:00,0.326,valid
DE_1007,2026-06-05 20:30:00,0.34,valid
DE_1007,2026-06-05 20:45:00,0.449,valid
DE_1007,2026-06-05 21:00:00,0.38,valid
DE_1007,2026-06-05 21:15:00,0.349,valid
DE_1007,2026-06-05 21:30:00,0.466,valid
DE_1007,2026-06-05 21:45:00,0.388,valid
DE_1007,2026-06-05 22:00:00,0.506,valid
DE_1007,2026-06-05 22:15:00,0.461,valid
DE_1007,2026-06-05 22:30:00,0.417,valid
DE_1007,2026-06-05 22:45:00,0.495,valid
DE_1007,2026-06-05 23:00:00,0.516,valid
DE_1007,2026-06-05 23:15:00,0.55,valid
DE_1007,2026-06-05 23:30:00,0.454,valid
DE_1007,2026-06-05 23:45:00,0.459,valid
DE_1007,2026-06-06 00:00:00,0.574,valid
DE_1007,2026-06-06 00:15:00,0.556,valid
DE_1007,2026-06-06 00:30:00,0.513,valid
DE_1007,2026-06-06 00:45:00,0.457,valid
DE_1007,2026-06-06 01:00:00,0.423,valid
DE_1007,2026-06-06 01:15:00,0.403,valid
DE_1007,2026-06-06 01:30:00,0.425,valid
DE_1007,2026-06-06 01:45:00,0.465,valid
DE_1007,2026-06-06 02:00:00,0.39,valid
DE_1007,2026-06-06 02:15:00,0.486,valid
DE_1007,2026-06-06 02:30:00,0.321,valid
DE_1007,2026-06-06 02:45:00,0.41,valid
DE_1007,2026-06-06 03:00:00,0.391,valid
DE_1007,2026-06-06 03:15:00,0.455,valid
DE_1007,2026-06-06 03:30:00,0.451,valid
DE_1007,2026-06-06 03:45:00,0.363,valid
DE_1007,2026-06-06 04:00:00,0.411,valid
DE_1007,2026-06-06 04:15:00,0.348,valid
DE_1007,2026-06-06 04:30:00,0.415,valid
DE_1007,2026-06-06 04:45:00,0.339,valid
DE_1007,2026-06-06 05:00:00,0.381,valid
DE_1007,2026-06-06 05:15:00,0.448,valid
DE_1007,2026-06-06 05:30:00,0.477,valid
DE_1007,2026-06-06 05:45:00,0.429,valid
DE_1007,2026-06-06 06:00:00,0.298,valid
DE_1007,2026-06-06 06:15:00,0.324,valid
DE_1007,2026-06-06 06:30:00,0.303,valid
DE_1007,2026-06-06 06:45:00,0.319,valid
DE_1007,2026-06-06 07:00:00,0.238,valid
DE_1007,2026-06-06 07:15:00,0.293,valid
DE_1007,2026-06-06 07:30:00,0.381,valid
DE_1007,2026-06-06 07:45:00,0.437,valid
DE_1007,2026-06-06 08:00:00,0.322,valid
DE_1007,2026-06-06 08:15:00,0.31,valid
DE_1007,2026-06-06 08:30:00,0.334,valid
DE_1007,2026-06-06 08:45:00,0.221,valid
DE_1007,2026-06-06 09:00:00,0.233,valid
DE_1007,2026-06-06 09:15:00,0.315,valid
DE_1007,2026-06-06 09:30:00,0.263,valid
DE_1007,2026-06-06 09:45:00,0.257,valid
DE_1007,2026-06-06 10:00:00,0.293,valid
DE_1007,2026-06-06 10:15:00,0.155,valid
DE_1007,2026-06-06 10:30:00,0.308,valid
DE_1007,2026-06-06 10:45:00,0.209,valid
DE_1007,2026-06-06 11:00:00,0.253,valid
DE_1007,2026-06-06 11:15:00,0.225,valid
DE_1007,2026-06-06 11:30:00,0.261,valid
DE_1007,2026-06-06 11:45:00,0.275,valid
DE_1007,2026-06-06 12:00:00,0.149,valid
DE_1007,2026-06-06 12:15:00,0.242,valid
DE_1007,2026-06-06 12:30:00,0.225,valid
DE_1007,2026-06-06 12:45:00,0.271,valid
DE_1007,2026-06-06 13:00:00,0.199,valid
DE_1007,2026-06-06 13:15:00,0.284,valid
DE_1007,2026-06-06 13:30:00,0.261,valid
DE_1007,2026-06-06 13:45:00,0.203,valid
DE_1007,2026-06-06 14:00:00,0.3,valid
DE_1007,2026-06-06 14:15:00,0.231,valid
DE_1007,2026-06-06 14:30:00,0.296,valid
DE_1007,2026-06-06 14:45:00,0.245,valid
DE_1007,2026-06-06 15:00:00,0.28,valid
DE_1007,2026-06-06 15:15:00,0.278,valid
DE_1007,2026-06-06 15:30:00,0.326,valid
DE_1007,2026-06-06 15:45:00,0.271,valid
DE_1007,2026-06-06 16:00:00,0.329,valid
DE_1007,2026-06-06 16:15:00,0.33,valid
DE_1007,2026-06-06 16:30:00,0.257,valid
DE_1007,2026-06-06 16:45:00,0.346,valid
DE_1007,2026-06-06 17:00:00,0.399,valid
DE_1007,2026-06-06 17:15:00,0.351,valid
DE_1007,2026-06-06 17:30:00,0.345,valid
DE_1007,2026-06-06 17:45:00,0.282,valid
DE_1007,2026-06-06 18:00:00,0.414,valid
DE_1007,2026-06-06 18:15:00,0.273,valid
DE_1007,2026-06-06 18:30:00,0.357,valid
DE_1007,2026-06-06 18:45:00,0.427,valid
DE_1007,2026-06-06 19:00:00,0.341,valid
DE_1007,2026-06-06 19:15:00,0.402,valid
DE_1007,2026-06-06 19:30:00,0.339,valid
DE_1007,2026-06-06 19:45:00,0.408,valid
DE_1007,2026-06-06 20:00:00,0.329,valid
DE_1007,2026-06-06 20:15:00,0.379,valid
DE_1007,2026-06-06 20:30:00,0.368,valid
DE_1007,2026-06-06 20:45:00,0.405,valid
DE_1007,2026-06-06 21:00:00,0.34,valid
DE_1007,2026-06-06 21:15:00,0.5,valid
DE_1007,2026-06-06 21:30:00,0.441,valid
DE_1007,2026-06-06 21:45:00,0.401,valid
DE_1007,2026-06-06 22:00:00,0.524,valid
DE_1007,2026-06-06 22:15:00,0.449,valid
DE_1007,2026-06-06 22:30:00,0.463,valid
DE_1007,2026-06-06 22:45:00,0.464,valid
DE_1007,2026-06-06 23:00:00,0.555,valid
DE_1007,2026-06-06 23:15:00,0.483,valid
DE_1007,2026-06-06 23:30:00,0.422,valid
DE_1007,2026-06-06 23:45:00,0.479,valid
DE_1007,2026-06-07 00:00:00,0.521,valid
DE_1007,2026-06-07 00:15:00,0.499,valid
DE_1007,2026-06-07 00:30:00,0.468,valid
DE_1007,2026-06-07 00:45:00,0.46,valid
DE_1007,2026-06-07 01:00:00,0.39,valid
DE_1007,2026-06-07 01:15:00,0.499,valid
DE_1007,2026-06-07 01:30:00,0.433,valid
DE_1007,2026-06-07 01:45:00,0.443,valid
DE_1007,2026-06-07 02:00:00,0.475,valid
DE_1007,2026-06-07 02:15:00,0.504,valid
DE_1007,2026-06-07 02:45:00,0.432,valid
DE_1007,2026-06-07 03:00:00,0.405,valid
DE_1007,2026-06-07 03:15:00,0.45,valid
DE_1007,2026-06-07 03:30:00,0.373,valid
DE_1007,2026-06-07 03:45:00,0.385,valid
DE_1007,2026-06-07 04:00:00,0.421,valid
DE_1007,2026-06-07 04:30:00,0.349,valid
DE_1007,2026-06-07 04:45:00,0.399,valid
DE_1007,2026-06-07 05:00:00,0.329,valid
DE_1007,2026-06-07 05:15:00,0.361,valid
DE_1007,2026-06-07 05:30:00,0.439,valid
DE_1007,2026-06-07 05:45:00,0.366,valid
DE_1007,2026-06-07 06:00:00,0.343,valid
DE_1007,2026-06-07 06:15:00,0.326,valid
DE_1007,2026-06-07 06:30:00,0.274,valid
DE_1007,2026-06-07 06:45:00,0.359,valid
DE_1007,2026-06-07 07:00:00,0.376,valid
DE_1007,2026-06-07 07:15:00,0.388,valid
DE_1007,2026-06-07 07:30:00,0.468,valid
DE_1007,2026-06-07 07:45:00,0.31,valid
DE_1007,2026-06-07 08:00:00,0.31,valid
DE_1007,2026-06-07 08:15:00,0.245,valid
DE_1007,2026-06-07 08:30:00,0.393,valid
DE_1007,2026-06-07 08:45:00,0.35,valid
DE_1007,2026-06-07 09:00:00,0.323,valid
DE_1007,2026-06-07 09:15:00,0.305,valid
DE_1007,2026-06-07 09:30:00,0.268,valid
DE_1007,2026-06-07 09:45:00,0.148,valid
DE_1007,2026-06-07 10:00:00,0.313,valid
DE_1007,2026-06-07 10:15:00,0.283,valid
DE_1007,2026-06-07 10:30:00,0.263,valid
DE_1007,2026-06-07 10:45:00,0.209,valid
DE_1007,2026-06-07 11:00:00,0.268,valid
DE_1007,2026-06-07 11:15:00,0.24,valid
DE_1007,2026-06-07 11:30:00,0.235,valid
DE_1007,2026-06-07 11:45:00,0.17,valid
DE_1007,2026-06-07 12:00:00,0.144,valid
DE_1007,2026-06-07 12:15:00,0.196,valid
DE_1007,2026-06-07 12:30:00,0.195,valid
DE_1007,2026-06-07 12:45:00,0.148,valid
DE_1007,2026-06-07 13:00:00,0.312,valid
DE_1007,2026-06-07 13:15:00,0.203,valid
DE_1007,2026-06-07 13:30:00,0.222,valid
DE_1007,2026-06-07 13:45:00,0.238,valid
DE_1007,2026-06-07 14:00:00,0.324,valid
DE_1007,2026-06-07 14:15:00,0.211,valid
DE_1007,2026-06-07 14:30:00,0.241,valid
DE_1007,2026-06-07 14:45:00,0.186,valid
DE_1007,2026-06-07 15:00:00,0.327,valid
DE_1007,2026-06-07 15:15:00,0.296,valid
DE_1007,2026-06-07 15:30:00,0.283,valid
DE_1007,2026-06-07 15:45:00,0.289,valid
DE_1007,2026-06-07 16:00:00,0.391,valid
DE_1007,2026-06-07 16:15:00,0.294,valid
DE_1007,2026-06-07 16:30:00,0.271,valid
DE_1007,2026-06-07 16:45:00,0.271,valid
DE_1007,2026-06-07 17:00:00,0.377,valid
DE_1007,2026-06-07 17:15:00,0.354,valid
DE_1007,2026-06-07 17:30:00,0.349,valid
DE_1007,2026-06-07 17:45:00,0.293,valid
DE_1007,2026-06-07 18:00:00,0.377,valid
DE_1007,2026-06-07 18:15:00,0.38,valid
DE_1007,2026-06-07 18:30:00,0.355,valid
DE_1007,2026-06-07 18:45:00,0.343,valid
DE_1007,2026-06-07 19:00:00,0.399,valid
DE_1007,2026-06-07 19:15:00,0.395,valid
DE_1007,2026-06-07 19:30:00,0.351,valid
DE_1007,2026-06-07 19:45:00,0.359,valid
DE_1007,2026-06-07 20:00:00,0.314,valid
DE_1007,2026-06-07 20:15:00,0.43,valid
DE_1007,2026-06-07 20:30:00,0.395,valid
DE_1007,2026-06-07 20:45:00,0.477,valid
DE_1007,2026-06-07 21:00:00,0.336,valid
DE_1007,2026-06-07 21:15:00,0.433,valid
DE_1007,2026-06-07 21:30:00,0.455,valid
DE_1007,2026-06-07 21:45:00,0.39,valid
DE_1007,2026-06-07 22:00:00,0.474,valid
DE_1007,2026-06-07 22:15:00,0.464,valid
DE_1007,2026-06-07 22:30:00,0.476,valid
DE_1007,2026-06-07 22:45:00,0.438,valid
DE_1007,2026-06-07 23:00:00,0.316,valid
DE_1007,2026-06-07 23:15:00,0.479,valid
DE_1007,2026-06-07 23:30:00,0.48,valid
DE_1007,2026-06-07 23:45:00,0.438,valid
DE_1008,2026-06-01 00:00:00,0.434,valid
DE_1008,2026-06-01 00:15:00,0.526,valid
DE_1008,2026-06-01 00:30:00,0.52,valid
DE_1008,2026-06-01 00:45:00,0.579,valid
DE_1008,2026-06-01 01:00:00,0.435,valid
DE_1008,2026-06-01 01:15:00,0.534,valid
DE_1008,2026-06-01 01:30:00,0.476,valid
DE_1008,2026-06-01 01:45:00,0.45,valid
DE_1008,2026-06-01 02:00:00,0.475,valid
DE_1008,2026-06-01 02:15:00,0.494,valid
DE_1008,2026-06-01 02:30:00,0.424,valid
DE_1008,2026-06-01 02:45:00,0.529,valid
DE_1008,2026-06-01 03:00:00,0.426,valid
DE_1008,2026-06-01 03:15:00,0.363,valid
DE_1008,2026-06-01 03:30:00,0.368,valid
DE_1008,2026-06-01 03:45:00,0.479,valid
DE_1008,2026-06-01 04:00:00,0.372,valid
DE_1008,2026-06-01 04:15:00,0.404,valid
DE_1008,2026-06-01 04:30:00,0.405,valid
DE_1008,2026-06-01 04:45:00,0.394,valid
DE_1008,2026-06-01 05:00:00,0.424,valid
DE_1008,2026-06-01 05:15:00,0.351,valid
DE_1008,2026-06-01 05:30:00,0.32,valid
DE_1008,2026-06-01 05:45:00,0.26,valid
DE_1008,2026-06-01 06:00:00,0.344,valid
DE_1008,2026-06-01 06:15:00,0.337,valid
DE_1008,2026-06-01 06:30:00,0.412,valid
DE_1008,2026-06-01 06:45:00,0.315,valid
DE_1008,2026-06-01 07:00:00,0.376,valid
DE_1008,2026-06-01 07:15:00,0.311,valid
DE_1008,2026-06-01 07:30:00,0.411,valid
DE_1008,2026-06-01 07:45:00,0.276,valid
DE_1008,2026-06-01 08:00:00,0.28,valid
DE_1008,2026-06-01 08:15:00,0.334,valid
DE_1008,2026-06-01 08:30:00,0.359,valid
DE_1008,2026-06-01 08:45:00,0.342,valid
DE_1008,2026-06-01 09:00:00,0.208,valid
DE_1008,2026-06-01 09:15:00,0.329,valid
DE_1008,2026-06-01 09:30:00,0.275,valid
DE_1008,2026-06-01 09:45:00,0.194,valid
DE_1008,2026-06-01 10:00:00,0.222,valid
DE_1008,2026-06-01 10:15:00,0.233,valid
DE_1008,2026-06-01 10:30:00,0.21,valid
DE_1008,2026-06-01 10:45:00,0.315,valid
DE_1008,2026-06-01 11:00:00,0.252,valid
DE_1008,2026-06-01 11:15:00,0.282,valid
DE_1008,2026-06-01 11:30:00,0.181,valid
DE_1008,2026-06-01 11:45:00,0.141,valid
DE_1008,2026-06-01 12:00:00,0.223,valid
DE_1008,2026-06-01 12:15:00,0.202,valid
DE_1008,2026-06-01 12:30:00,0.243,valid
DE_1008,2026-06-01 12:45:00,0.233,valid
DE_1008,2026-06-01 13:00:00,0.233,valid
DE_1008,2026-06-01 13:15:00,0.265,valid
DE_1008,2026-06-01 13:30:00,0.229,valid
DE_1008,2026-06-01 13:45:00,0.235,valid
DE_1008,2026-06-01 14:00:00,0.349,valid
DE_1008,2026-06-01 14:15:00,0.314,valid
DE_1008,2026-06-01 14:30:00,0.197,valid
DE_1008,2026-06-01 14:45:00,0.171,valid
DE_1008,2026-06-01 15:00:00,0.343,valid
DE_1008,2026-06-01 15:15:00,0.253,valid
DE_1008,2026-06-01 15:30:00,0.268,valid
DE_1008,2026-06-01 15:45:00,0.251,valid
DE_1008,2026-06-01 16:00:00,0.316,valid
DE_1008,2026-06-01 16:15:00,0.279,valid
DE_1008,2026-06-01 16:30:00,0.24,valid
DE_1008,2026-06-01 16:45:00,0.211,valid
DE_1008,2026-06-01 17:00:00,0.205,valid
DE_1008,2026-06-01 17:15:00,0.272,valid
DE_1008,2026-06-01 17:30:00,0.386,valid
DE_1008,2026-06-01 17:45:00,0.278,valid
DE_1008,2026-06-01 18:00:00,0.349,valid
DE_1008,2026-06-01 18:15:00,0.406,valid
DE_1008,2026-06-01 18:30:00,0.416,valid
DE_1008,2026-06-01 18:45:00,0.322,valid
DE_1008,2026-06-01 19:00:00,0.411,valid
DE_1008,2026-06-01 19:15:00,0.356,valid
DE_1008,2026-06-01 19:30:00,0.278,valid
DE_1008,2026-06-01 19:45:00,0.423,valid
DE_1008,2026-06-01 20:00:00,0.406,valid
DE_1008,2026-06-01 20:15:00,0.356,valid
DE_1008,2026-06-01 20:30:00,0.41,valid
DE_1008,2026-06-01 20:45:00,0.417,valid
DE_1008,2026-06-01 21:00:00,0.433,valid
DE_1008,2026-06-01 21:15:00,0.377,valid
DE_1008,2026-06-01 21:30:00,0.416,valid
DE_1008,2026-06-01 21:45:00,0.44,valid
DE_1008,2026-06-01 22:00:00,0.488,valid
DE_1008,2026-06-01 22:15:00,0.439,valid
DE_1008,2026-06-01 22:30:00,0.396,valid
DE_1008,2026-06-01 22:45:00,0.471,valid
DE_1008,2026-06-01 23:15:00,0.445,valid
DE_1008,2026-06-01 23:30:00,0.5,valid
DE_1008,2026-06-01 23:45:00,0.527,valid
DE_1008,2026-06-02 00:00:00,0.553,valid
DE_1008,2026-06-02 00:15:00,0.567,valid
DE_1008,2026-06-02 00:30:00,0.514,valid
DE_1008,2026-06-02 00:45:00,0.57,valid
DE_1008,2026-06-02 01:00:00,0.543,valid
DE_1008,2026-06-02 01:15:00,0.434,valid
DE_1008,2026-06-02 01:30:00,0.491,valid
DE_1008,2026-06-02 01:45:00,0.487,valid
DE_1008,2026-06-02 02:00:00,0.416,valid
DE_1008,2026-06-02 02:15:00,0.434,valid
DE_1008,2026-06-02 02:30:00,0.35,valid
DE_1008,2026-06-02 02:45:00,0.486,valid
DE_1008,2026-06-02 03:00:00,0.467,valid
DE_1008,2026-06-02 03:15:00,0.483,valid
DE_1008,2026-06-02 03:30:00,0.492,valid
DE_1008,2026-06-02 03:45:00,0.395,valid
DE_1008,2026-06-02 04:00:00,0.392,valid
DE_1008,2026-06-02 04:15:00,0.477,valid
DE_1008,2026-06-02 04:30:00,0.454,valid
DE_1008,2026-06-02 04:45:00,0.363,valid
DE_1008,2026-06-02 05:00:00,0.257,valid
DE_1008,2026-06-02 05:15:00,0.364,valid
DE_1008,2026-06-02 05:30:00,0.322,valid
DE_1008,2026-06-02 05:45:00,0.378,valid
DE_1008,2026-06-02 06:00:00,0.399,valid
DE_1008,2026-06-02 06:15:00,0.278,valid
DE_1008,2026-06-02 06:30:00,0.364,valid
DE_1008,2026-06-02 06:45:00,0.289,valid
DE_1008,2026-06-02 07:00:00,0.449,valid
DE_1008,2026-06-02 07:15:00,0.328,valid
DE_1008,2026-06-02 07:30:00,0.349,valid
DE_1008,2026-06-02 07:45:00,-0.137,valid
DE_1008,2026-06-02 08:00:00,0.193,valid
DE_1008,2026-06-02 08:15:00,0.252,valid
DE_1008,2026-06-02 08:30:00,0.252,valid
DE_1008,2026-06-02 08:45:00,0.359,valid
DE_1008,2026-06-02 09:00:00,0.218,valid
DE_1008,2026-06-02 09:15:00,0.316,valid
DE_1008,2026-06-02 09:30:00,0.296,valid
DE_1008,2026-06-02 09:45:00,0.269,valid
DE_1008,2026-06-02 10:00:00,0.126,valid
DE_1008,2026-06-02 10:15:00,0.223,valid
DE_1008,2026-06-02 10:30:00,0.299,valid
DE_1008,2026-06-02 10:45:00,0.277,valid
DE_1008,2026-06-02 11:00:00,0.232,valid
DE_1008,2026-06-02 11:15:00,0.153,valid
DE_1008,2026-06-02 11:30:00,0.231,valid
DE_1008,2026-06-02 11:45:00,0.238,valid
DE_1008,2026-06-02 12:00:00,0.176,valid
DE_1008,2026-06-02 12:15:00,0.222,valid
DE_1008,2026-06-02 12:30:00,0.164,valid
DE_1008,2026-06-02 12:45:00,0.1,valid
DE_1008,2026-06-02 13:00:00,0.193,valid
DE_1008,2026-06-02 13:15:00,0.19,valid
DE_1008,2026-06-02 13:30:00,0.286,valid
DE_1008,2026-06-02 13:45:00,0.261,valid
DE_1008,2026-06-02 14:00:00,0.247,valid
DE_1008,2026-06-02 14:15:00,0.223,valid
DE_1008,2026-06-02 14:30:00,0.278,valid
DE_1008,2026-06-02 14:45:00,0.325,valid
DE_1008,2026-06-02 15:00:00,0.227,valid
DE_1008,2026-06-02 15:15:00,0.243,valid
DE_1008,2026-06-02 15:30:00,0.333,valid
DE_1008,2026-06-02 15:45:00,0.299,valid
DE_1008,2026-06-02 16:00:00,0.278,valid
DE_1008,2026-06-02 16:15:00,0.358,valid
DE_1008,2026-06-02 16:30:00,0.328,valid
DE_1008,2026-06-02 16:45:00,0.253,valid
DE_1008,2026-06-02 17:00:00,0.339,valid
DE_1008,2026-06-02 17:15:00,0.325,valid
DE_1008,2026-06-02 17:30:00,0.408,valid
DE_1008,2026-06-02 17:45:00,0.355,valid
DE_1008,2026-06-02 18:00:00,0.374,valid
DE_1008,2026-06-02 18:15:00,0.357,valid
DE_1008,2026-06-02 18:30:00,0.376,valid
DE_1008,2026-06-02 18:45:00,0.281,valid
DE_1008,2026-06-02 19:00:00,0.302,valid
DE_1008,2026-06-02 19:15:00,0.394,valid
DE_1008,2026-06-02 19:30:00,0.395,valid
DE_1008,2026-06-02 19:45:00,0.355,valid
DE_1008,2026-06-02 20:00:00,0.3,valid
DE_1008,2026-06-02 20:15:00,0.346,valid
DE_1008,2026-06-02 20:30:00,0.427,valid
DE_1008,2026-06-02 20:45:00,0.406,valid
DE_1008,2026-06-02 21:00:00,0.393,valid
DE_1008,2026-06-02 21:30:00,0.438,valid
DE_1008,2026-06-02 21:45:00,0.417,valid
DE_1008,2026-06-02 22:00:00,0.442,valid
DE_1008,2026-06-02 22:15:00,0.425,valid
DE_1008,2026-06-02 22:30:00,0.458,valid
DE_1008,2026-06-02 22:45:00,0.464,valid
DE_1008,2026-06-02 23:00:00,0.444,valid
DE_1008,2026-06-02 23:15:00,0.558,valid
DE_1008,2026-06-02 23:30:00,0.446,valid
DE_1008,2026-06-02 23:45:00,0.483,valid
DE_1008,2026-06-03 00:00:00,0.422,valid
DE_1008,2026-06-03 00:15:00,0.45,valid
DE_1008,2026-06-03 00:30:00,0.546,valid
DE_1008,2026-06-03 00:45:00,0.536,valid
DE_1008,2026-06-03 01:00:00,0.486,valid
DE_1008,2026-06-03 01:15:00,0.441,valid
DE_1008,2026-06-03 01:30:00,0.493,valid
DE_1008,2026-06-03 01:45:00,0.425,valid
DE_1008,2026-06-03 02:00:00,0.504,valid
DE_1008,2026-06-03 02:15:00,0.319,valid
DE_1008,2026-06-03 02:30:00,0.431,valid
DE_1008,2026-06-03 02:45:00,0.41,valid
DE_1008,2026-06-03 03:00:00,0.49,valid
DE_1008,2026-06-03 03:15:00,0.415,valid
DE_1008,2026-06-03 03:30:00,0.487,valid
DE_1008,2026-06-03 03:45:00,0.497,valid
DE_1008,2026-06-03 04:00:00,0.423,valid
DE_1008,2026-06-03 04:15:00,0.318,valid
DE_1008,2026-06-03 04:30:00,0.362,valid
DE_1008,2026-06-03 04:45:00,0.375,valid
DE_1008,2026-06-03 05:00:00,0.395,valid
DE_1008,2026-06-03 05:15:00,0.394,valid
DE_1008,2026-06-03 05:30:00,0.309,valid
DE_1008,2026-06-03 05:45:00,0.414,valid
DE_1008,2026-06-03 06:00:00,0.299,valid
DE_1008,2026-06-03 06:15:00,0.332,valid
DE_1008,2026-06-03 06:30:00,0.363,valid
DE_1008,2026-06-03 06:45:00,0.344,valid
DE_1008,2026-06-03 07:00:00,0.403,valid
DE_1008,2026-06-03 07:15:00,0.382,valid
DE_1008,2026-06-03 07:30:00,0.259,valid
DE_1008,2026-06-03 07:45:00,0.269,valid
DE_1008,2026-06-03 08:00:00,0.357,valid
DE_1008,2026-06-03 08:15:00,0.306,valid
DE_1008,2026-06-03 08:30:00,0.331,valid
DE_1008,2026-06-03 08:45:00,0.301,valid
DE_1008,2026-06-03 09:00:00,0.337,valid
DE_1008,2026-06-03 09:15:00,0.314,valid
DE_1008,2026-06-03 09:30:00,0.314,valid
DE_1008,2026-06-03 09:45:00,0.241,valid
DE_1008,2026-06-03 10:00:00,0.28,valid
DE_1008,2026-06-03 10:15:00,0.169,valid
DE_1008,2026-06-03 10:30:00,0.238,valid
DE_1008,2026-06-03 10:45:00,0.218,valid
DE_1008,2026-06-03 11:00:00,0.186,valid
DE_1008,2026-06-03 11:15:00,0.178,valid
DE_1008,2026-06-03 11:30:00,0.125,valid
DE_1008,2026-06-03 11:45:00,0.287,valid
DE_1008,2026-06-03 12:00:00,0.189,valid
DE_1008,2026-06-03 12:15:00,0.191,valid
DE_1008,2026-06-03 12:30:00,0.225,valid
DE_1008,2026-06-03 12:45:00,0.253,valid
DE_1008,2026-06-03 13:00:00,0.292,valid
DE_1008,2026-06-03 13:15:00,0.203,valid
DE_1008,2026-06-03 13:30:00,0.234,valid
DE_1008,2026-06-03 13:45:00,0.18,valid
DE_1008,2026-06-03 14:00:00,0.287,valid
DE_1008,2026-06-03 14:15:00,0.251,valid
DE_1008,2026-06-03 14:30:00,0.295,valid
DE_1008,2026-06-03 14:45:00,0.291,valid
DE_1008,2026-06-03 15:00:00,0.314,valid
DE_1008,2026-06-03 15:15:00,0.302,valid
DE_1008,2026-06-03 15:30:00,0.279,valid
DE_1008,2026-06-03 15:45:00,0.213,valid
DE_1008,2026-06-03 16:00:00,0.316,valid
DE_1008,2026-06-03 16:15:00,0.384,valid
DE_1008,2026-06-03 16:30:00,0.278,valid
DE_1008,2026-06-03 16:45:00,0.266,valid
DE_1008,2026-06-03 17:00:00,0.356,valid
DE_1008,2026-06-03 17:15:00,0.409,valid
DE_1008,2026-06-03 17:30:00,0.273,valid
DE_1008,2026-06-03 17:45:00,0.204,valid
DE_1008,2026-06-03 18:00:00,0.319,valid
DE_1008,2026-06-03 18:15:00,0.355,valid
DE_1008,2026-06-03 18:30:00,0.343,valid
DE_1008,2026-06-03 18:45:00,0.337,valid
DE_1008,2026-06-03 19:00:00,0.35,valid
DE_1008,2026-06-03 19:15:00,0.343,valid
DE_1008,2026-06-03 19:30:00,0.334,valid
DE_1008,2026-06-03 20:00:00,0.429,valid
DE_1008,2026-06-03 20:15:00,0.321,valid
DE_1008,2026-06-03 20:30:00,0.479,valid
DE_1008,2026-06-03 20:45:00,0.422,valid
DE_1008,2026-06-03 21:00:00,0.453,valid
DE_1008,2026-06-03 21:15:00,0.411,valid
DE_1008,2026-06-03 21:30:00,0.438,valid
DE_1008,2026-06-03 21:45:00,0.369,valid
DE_1008,2026-06-03 22:00:00,0.529,valid
DE_1008,2026-06-03 22:15:00,0.521,valid
DE_1008,2026-06-03 22:30:00,0.438,valid
DE_1008,2026-06-03 22:45:00,0.384,valid
DE_1008,2026-06-03 23:00:00,0.46,valid
DE_1008,2026-06-03 23:15:00,0.505,valid
DE_1008,2026-06-03 23:30:00,0.455,valid
DE_1008,2026-06-03 23:45:00,0.435,valid
DE_1008,2026-06-04 00:00:00,0.508,valid
DE_1008,2026-06-04 00:15:00,0.456,valid
DE_1008,2026-06-04 00:30:00,0.567,valid
DE_1008,2026-06-04 00:45:00,0.547,valid
DE_1008,2026-06-04 01:00:00,0.508,valid
DE_1008,2026-06-04 01:15:00,0.44,valid
DE_1008,2026-06-04 01:30:00,0.485,valid
DE_1008,2026-06-04 01:45:00,0.53,valid
DE_1008,2026-06-04 02:00:00,0.345,valid
DE_1008,2026-06-04 02:15:00,0.46,valid
DE_1008,2026-06-04 02:30:00,0.52,valid
DE_1008,2026-06-04 02:45:00,0.541,valid
DE_1008,2026-06-04 03:00:00,0.377,valid
DE_1008,2026-06-04 03:15:00,0.439,valid
DE_1008,2026-06-04 03:30:00,0.477,valid
DE_1008,2026-06-04 03:45:00,0.485,valid
DE_1008,2026-06-04 04:00:00,0.308,valid
DE_1008,2026-06-04 04:15:00,0.3,valid
DE_1008,2026-06-04 04:30:00,0.408,valid
DE_1008,2026-06-04 05:00:00,0.369,valid
DE_1008,2026-06-04 05:15:00,0.359,valid
DE_1008,2026-06-04 05:30:00,0.439,valid
DE_1008,2026-06-04 05:45:00,0.449,valid
DE_1008,2026-06-04 06:00:00,0.32,valid
DE_1008,2026-06-04 06:15:00,0.358,valid
DE_1008,2026-06-04 06:30:00,0.292,valid
DE_1008,2026-06-04 06:45:00,0.437,valid
DE_1008,2026-06-04 07:00:00,0.255,valid
DE_1008,2026-06-04 07:15:00,0.271,valid
DE_1008,2026-06-04 07:30:00,0.281,valid
DE_1008,2026-06-04 07:45:00,0.273,valid
DE_1008,2026-06-04 08:00:00,0.364,valid
DE_1008,2026-06-04 08:15:00,0.416,valid
DE_1008,2026-06-04 08:30:00,0.313,valid
DE_1008,2026-06-04 08:45:00,0.283,valid
DE_1008,2026-06-04 09:00:00,0.311,valid
DE_1008,2026-06-04 09:15:00,0.23,valid
DE_1008,2026-06-04 09:30:00,0.342,valid
DE_1008,2026-06-04 09:45:00,0.273,valid
DE_1008,2026-06-04 10:00:00,0.271,valid
DE_1008,2026-06-04 10:15:00,0.215,valid
DE_1008,2026-06-04 10:30:00,0.24,valid
DE_1008,2026-06-04 10:45:00,0.169,valid
DE_1008,2026-06-04 11:00:00,0.226,valid
DE_1008,2026-06-04 11:15:00,0.27,valid
DE_1008,2026-06-04 11:30:00,0.132,valid
DE_1008,2026-06-04 11:45:00,0.175,valid
DE_1008,2026-06-04 12:00:00,0.176,valid
DE_1008,2026-06-04 12:15:00,0.185,valid
DE_1008,2026-06-04 12:45:00,0.198,valid
DE_1008,2026-06-04 13:00:00,0.239,valid
DE_1008,2026-06-04 13:15:00,0.223,valid
DE_1008,2026-06-04 13:30:00,0.141,valid
DE_1008,2026-06-04 13:45:00,0.241,valid
DE_1008,2026-06-04 14:00:00,0.31,valid
DE_1008,2026-06-04 14:15:00,0.263,valid
DE_1008,2026-06-04 14:30:00,0.161,valid
DE_1008,2026-06-04 14:45:00,0.262,valid
DE_1008,2026-06-04 15:00:00,0.299,valid
DE_1008,2026-06-04 15:15:00,0.226,valid
DE_1008,2026-06-04 15:30:00,0.279,valid
DE_1008,2026-06-04 15:45:00,0.339,valid
DE_1008,2026-06-04 16:00:00,0.381,valid
DE_1008,2026-06-04 16:15:00,0.306,valid
DE_1008,2026-06-04 16:30:00,0.325,valid
DE_1008,2026-06-04 16:45:00,0.292,valid
DE_1008,2026-06-04 17:00:00,0.305,valid
DE_1008,2026-06-04 17:15:00,0.394,valid
DE_1008,2026-06-04 17:30:00,0.373,valid
DE_1008,2026-06-04 17:45:00,0.356,valid
DE_1008,2026-06-04 18:00:00,0.324,valid
DE_1008,2026-06-04 18:15:00,0.423,valid
DE_1008,2026-06-04 18:30:00,0.402,valid
DE_1008,2026-06-04 18:45:00,0.285,valid
DE_1008,2026-06-04 19:00:00,0.429,valid
DE_1008,2026-06-04 19:15:00,0.383,valid
DE_1008,2026-06-04 19:30:00,0.389,valid
DE_1008,2026-06-04 19:45:00,0.274,valid
DE_1008,2026-06-04 20:00:00,0.327,valid
DE_1008,2026-06-04 20:15:00,0.449,valid
DE_1008,2026-06-04 20:30:00,0.362,valid
DE_1008,2026-06-04 20:45:00,0.441,valid
DE_1008,2026-06-04 21:00:00,0.359,valid
DE_1008,2026-06-04 21:15:00,0.351,valid
DE_1008,2026-06-04 21:30:00,0.521,valid
DE_1008,2026-06-04 21:45:00,0.47,valid
DE_1008,2026-06-04 22:00:00,0.444,valid
DE_1008,2026-06-04 22:15:00,0.461,valid
DE_1008,2026-06-04 22:30:00,0.415,valid
DE_1008,2026-06-04 22:45:00,0.468,valid
DE_1008,2026-06-04 23:00:00,0.534,valid
DE_1008,2026-06-04 23:15:00,0.454,valid
DE_1008,2026-06-04 23:30:00,0.499,valid
DE_1008,2026-06-04 23:45:00,0.39,valid
DE_1008,2026-06-05 00:00:00,0.59,valid
DE_1008,2026-06-05 00:15:00,0.55,valid
DE_1008,2026-06-05 00:30:00,0.498,valid
DE_1008,2026-06-05 00:45:00,0.483,valid
DE_1008,2026-06-05 01:00:00,0.546,valid
DE_1008,2026-06-05 01:15:00,0.45,valid
DE_1008,2026-06-05 01:30:00,0.493,valid
DE_1008,2026-06-05 01:45:00,0.459,valid
DE_1008,2026-06-05 02:00:00,0.404,valid
DE_1008,2026-06-05 02:15:00,0.502,valid
DE_1008,2026-06-05 02:30:00,0.429,valid
DE_1008,2026-06-05 02:45:00,0.473,valid
DE_1008,2026-06-05 03:00:00,0.408,valid
DE_1008,2026-06-05 03:15:00,0.418,valid
DE_1008,2026-06-05 03:30:00,0.416,valid
DE_1008,2026-06-05 03:45:00,0.392,valid
DE_1008,2026-06-05 04:00:00,0.437,valid
DE_1008,2026-06-05 04:15:00,0.396,valid
DE_1008,2026-06-05 04:30:00,0.443,valid
DE_1008,2026-06-05 04:45:00,0.437,valid
DE_1008,2026-06-05 05:00:00,0.436,valid
DE_1008,2026-06-05 05:15:00,0.35,valid
DE_1008,2026-06-05 05:30:00,0.408,valid
DE_1008,2026-06-05 05:45:00,0.366,valid
DE_1008,2026-06-05 06:00:00,0.349,valid
DE_1008,2026-06-05 06:15:00,0.314,valid
DE_1008,2026-06-05 06:45:00,0.382,valid
DE_1008,2026-06-05 07:00:00,0.308,valid
DE_1008,2026-06-05 07:15:00,0.289,valid
DE_1008,2026-06-05 07:30:00,0.367,valid
DE_1008,2026-06-05 07:45:00,0.343,valid
DE_1008,2026-06-05 08:00:00,0.239,valid
DE_1008,2026-06-05 08:15:00,0.305,valid
DE_1008,2026-06-05 08:30:00,0.356,valid
DE_1008,2026-06-05 08:45:00,0.355,valid
DE_1008,2026-06-05 09:00:00,0.248,valid
DE_1008,2026-06-05 09:15:00,0.219,valid
DE_1008,2026-06-05 09:30:00,0.257,valid
DE_1008,2026-06-05 09:45:00,0.342,valid
DE_1008,2026-06-05 10:00:00,0.287,valid
DE_1008,2026-06-05 10:15:00,0.135,valid
DE_1008,2026-06-05 10:30:00,0.293,valid
DE_1008,2026-06-05 10:45:00,0.139,valid
DE_1008,2026-06-05 11:00:00,0.322,valid
DE_1008,2026-06-05 11:15:00,0.267,valid
DE_1008,2026-06-05 11:30:00,0.205,valid
DE_1008,2026-06-05 11:45:00,0.23,valid
DE_1008,2026-06-05 12:00:00,0.233,valid
DE_1008,2026-06-05 12:15:00,0.175,valid
DE_1008,2026-06-05 12:30:00,0.223,valid
DE_1008,2026-06-05 12:45:00,0.194,valid
DE_1008,2026-06-05 13:00:00,0.212,valid
DE_1008,2026-06-05 13:15:00,0.301,valid
DE_1008,2026-06-05 13:30:00,0.123,valid
DE_1008,2026-06-05 13:45:00,0.227,valid
DE_1008,2026-06-05 14:00:00,0.18,valid
DE_1008,2026-06-05 14:15:00,0.241,valid
DE_1008,2026-06-05 14:30:00,0.215,valid
DE_1008,2026-06-05 14:45:00,0.377,valid
DE_1008,2026-06-05 15:00:00,0.249,valid
DE_1008,2026-06-05 15:15:00,0.268,valid
DE_1008,2026-06-05 15:30:00,0.244,valid
DE_1008,2026-06-05 15:45:00,0.319,valid
DE_1008,2026-06-05 16:00:00,0.274,valid
DE_1008,2026-06-05 16:15:00,0.267,valid
DE_1008,2026-06-05 16:30:00,0.394,valid
DE_1008,2026-06-05 16:45:00,0.339,valid
DE_1008,2026-06-05 17:00:00,0.338,valid
DE_1008,2026-06-05 17:15:00,0.446,valid
DE_1008,2026-06-05 17:30:00,0.293,valid
DE_1008,2026-06-05 17:45:00,0.284,valid
DE_1008,2026-06-05 18:00:00,0.31,valid
DE_1008,2026-06-05 18:15:00,0.41,valid
DE_1008,2026-06-05 18:30:00,0.319,valid
DE_1008,2026-06-05 18:45:00,0.41,valid
DE_1008,2026-06-05 19:00:00,0.344,valid
DE_1008,2026-06-05 19:15:00,0.284,valid
DE_1008,2026-06-05 19:30:00,0.335,valid
DE_1008,2026-06-05 19:45:00,0.389,valid
DE_1008,2026-06-05 20:00:00,0.46,valid
DE_1008,2026-06-05 20:15:00,0.465,valid
DE_1008,2026-06-05 20:30:00,0.418,valid
DE_1008,2026-06-05 20:45:00,0.434,valid
DE_1008,2026-06-05 21:00:00,0.293,valid
DE_1008,2026-06-05 21:15:00,0.438,valid
DE_1008,2026-06-05 21:30:00,0.427,valid
DE_1008,2026-06-05 21:45:00,0.41,valid
DE_1008,2026-06-05 22:00:00,0.417,valid
DE_1008,2026-06-05 22:15:00,0.494,valid
DE_1008,2026-06-05 22:30:00,0.507,valid
DE_1008,2026-06-05 22:45:00,0.548,valid
DE_1008,2026-06-05 23:00:00,0.465,valid
DE_1008,2026-06-05 23:15:00,0.435,valid
DE_1008,2026-06-05 23:30:00,0.569,valid
DE_1008,2026-06-05 23:45:00,0.459,valid
DE_1008,2026-06-06 00:00:00,0.474,valid
DE_1008,2026-06-06 00:15:00,0.431,valid
DE_1008,2026-06-06 00:30:00,0.521,valid
DE_1008,2026-06-06 00:45:00,0.53,valid
DE_1008,2026-06-06 01:00:00,0.517,valid
DE_1008,2026-06-06 01:30:00,0.502,valid
DE_1008,2026-06-06 01:45:00,0.503,valid
DE_1008,2026-06-06 02:00:00,0.476,valid
DE_1008,2026-06-06 02:15:00,0.509,valid
DE_1008,2026-06-06 02:30:00,0.493,valid
DE_1008,2026-06-06 02:45:00,0.459,valid
DE_1008,2026-06-06 03:00:00,0.398,valid
DE_1008,2026-06-06 03:15:00,0.465,valid
DE_1008,2026-06-06 03:30:00,0.396,valid
DE_1008,2026-06-06 03:45:00,0.418,valid
DE_1008,2026-06-06 04:00:00,0.364,valid
DE_1008,2026-06-06 04:15:00,0.507,valid
DE_1008,2026-06-06 04:30:00,0.351,valid
DE_1008,2026-06-06 04:45:00,0.433,valid
DE_1008,2026-06-06 05:00:00,0.409,valid
DE_1008,2026-06-06 05:15:00,0.419,valid
DE_1008,2026-06-06 05:30:00,0.373,valid
DE_1008,2026-06-06 05:45:00,0.379,valid
DE_1008,2026-06-06 06:00:00,0.34,valid
DE_1008,2026-06-06 06:15:00,0.214,valid
DE_1008,2026-06-06 06:30:00,0.312,valid
DE_1008,2026-06-06 06:45:00,0.418,valid
DE_1008,2026-06-06 07:00:00,0.284,valid
DE_1008,2026-06-06 07:15:00,0.332,valid
DE_1008,2026-06-06 07:30:00,0.457,valid
DE_1008,2026-06-06 07:45:00,0.277,valid
DE_1008,2026-06-06 08:00:00,0.275,valid
DE_1008,2026-06-06 08:15:00,0.287,valid
DE_1008,2026-06-06 08:30:00,0.2,valid
DE_1008,2026-06-06 08:45:00,0.257,valid
DE_1008,2026-06-06 09:00:00,0.204,valid
DE_1008,2026-06-06 09:15:00,0.302,valid
DE_1008,2026-06-06 09:30:00,0.263,valid
DE_1008,2026-06-06 09:45:00,0.168,valid
DE_1008,2026-06-06 10:00:00,0.291,valid
DE_1008,2026-06-06 10:15:00,0.299,valid
DE_1008,2026-06-06 10:30:00,0.232,valid
DE_1008,2026-06-06 10:45:00,0.297,valid
DE_1008,2026-06-06 11:00:00,0.254,valid
DE_1008,2026-06-06 11:15:00,0.179,valid
DE_1008,2026-06-06 11:30:00,0.239,valid
DE_1008,2026-06-06 11:45:00,0.234,valid
DE_1008,2026-06-06 12:00:00,0.158,valid
DE_1008,2026-06-06 12:15:00,0.149,valid
DE_1008,2026-06-06 12:30:00,0.22,valid
DE_1008,2026-06-06 12:45:00,0.315,valid
DE_1008,2026-06-06 13:00:00,0.223,valid
DE_1008,2026-06-06 13:15:00,0.236,valid
DE_1008,2026-06-06 13:30:00,0.172,valid
DE_1008,2026-06-06 13:45:00,0.212,valid
DE_1008,2026-06-06 14:00:00,0.24,valid
DE_1008,2026-06-06 14:15:00,0.231,valid
DE_1008,2026-06-06 14:30:00,0.217,valid
DE_1008,2026-06-06 15:00:00,0.247,valid
DE_1008,2026-06-06 15:15:00,0.337,valid
DE_1008,2026-06-06 15:30:00,0.377,valid
DE_1008,2026-06-06 15:45:00,0.237,valid
DE_1008,2026-06-06 16:00:00,0.282,valid
DE_1008,2026-06-06 16:15:00,0.322,valid
DE_1008,2026-06-06 16:30:00,0.329,valid
DE_1008,2026-06-06 16:45:00,0.262,valid
DE_1008,2026-06-06 17:00:00,0.296,valid
DE_1008,2026-06-06 17:15:00,0.354,valid
DE_1008,2026-06-06 17:30:00,0.243,valid
DE_1008,2026-06-06 17:45:00,0.436,valid
DE_1008,2026-06-06 18:00:00,0.365,valid
DE_1008,2026-06-06 18:15:00,0.335,valid
DE_1008,2026-06-06 18:30:00,0.342,valid
DE_1008,2026-06-06 18:45:00,0.296,valid
DE_1008,2026-06-06 19:00:00,0.465,valid
DE_1008,2026-06-06 19:15:00,0.371,valid
DE_1008,2026-06-06 19:30:00,0.353,valid
DE_1008,2026-06-06 19:45:00,0.463,valid
DE_1008,2026-06-06 20:00:00,0.452,valid
DE_1008,2026-06-06 20:15:00,0.39,valid
DE_1008,2026-06-06 20:30:00,0.422,valid
DE_1008,2026-06-06 20:45:00,0.383,valid
DE_1008,2026-06-06 21:00:00,0.407,valid
DE_1008,2026-06-06 21:15:00,0.414,valid
DE_1008,2026-06-06 21:30:00,0.44,valid
DE_1008,2026-06-06 21:45:00,0.48,valid
DE_1008,2026-06-06 22:00:00,0.549,valid
DE_1008,2026-06-06 22:15:00,0.341,valid
DE_1008,2026-06-06 22:30:00,0.566,valid
DE_1008,2026-06-06 22:45:00,0.501,valid
DE_1008,2026-06-06 23:00:00,0.476,valid
DE_1008,2026-06-06 23:15:00,0.453,valid
DE_1008,2026-06-06 23:30:00,0.382,valid
DE_1008,2026-06-06 23:45:00,0.535,valid
DE_1008,2026-06-07 00:00:00,0.445,valid
DE_1008,2026-06-07 00:15:00,0.533,valid
DE_1008,2026-06-07 00:30:00,0.479,valid
DE_1008,2026-06-07 00:45:00,0.419,valid
DE_1008,2026-06-07 01:00:00,0.496,valid
DE_1008,2026-06-07 01:15:00,0.499,valid
DE_1008,2026-06-07 01:30:00,0.428,valid
DE_1008,2026-06-07 01:45:00,0.518,valid
DE_1008,2026-06-07 02:00:00,0.54,valid
DE_1008,2026-06-07 02:15:00,0.475,valid
DE_1008,2026-06-07 02:30:00,0.472,valid
DE_1008,2026-06-07 02:45:00,0.413,valid
DE_1008,2026-06-07 03:00:00,0.373,valid
DE_1008,2026-06-07 03:15:00,0.405,valid
DE_1008,2026-06-07 03:30:00,0.428,valid
DE_1008,2026-06-07 03:45:00,0.426,valid
DE_1008,2026-06-07 04:00:00,0.39,valid
DE_1008,2026-06-07 04:15:00,0.525,valid
DE_1008,2026-06-07 04:30:00,0.429,valid
DE_1008,2026-06-07 04:45:00,0.351,valid
DE_1008,2026-06-07 05:00:00,0.315,valid
DE_1008,2026-06-07 05:15:00,0.288,valid
DE_1008,2026-06-07 05:30:00,0.325,valid
DE_1008,2026-06-07 05:45:00,0.404,valid
DE_1008,2026-06-07 06:00:00,0.336,valid
DE_1008,2026-06-07 06:15:00,0.315,valid
DE_1008,2026-06-07 06:30:00,0.379,valid
DE_1008,2026-06-07 06:45:00,0.377,valid
DE_1008,2026-06-07 07:00:00,0.344,valid
DE_1008,2026-06-07 07:15:00,0.324,valid
DE_1008,2026-06-07 07:30:00,0.323,valid
DE_1008,2026-06-07 07:45:00,0.259,valid
DE_1008,2026-06-07 08:00:00,0.208,valid
DE_1008,2026-06-07 08:15:00,0.26,valid
DE_1008,2026-06-07 08:30:00,0.261,valid
DE_1008,2026-06-07 08:45:00,0.259,valid
DE_1008,2026-06-07 09:00:00,0.266,valid
DE_1008,2026-06-07 09:15:00,0.251,valid
DE_1008,2026-06-07 09:30:00,0.21,valid
DE_1008,2026-06-07 09:45:00,0.27,valid
DE_1008,2026-06-07 10:00:00,0.267,valid
DE_1008,2026-06-07 10:15:00,0.225,valid
DE_1008,2026-06-07 10:30:00,0.291,valid
DE_1008,2026-06-07 10:45:00,0.266,valid
DE_1008,2026-06-07 11:00:00,0.244,valid
DE_1008,2026-06-07 11:15:00,0.206,valid
DE_1008,2026-06-07 11:30:00,0.246,valid
DE_1008,2026-06-07 11:45:00,0.259,valid
DE_1008,2026-06-07 12:00:00,0.104,valid
DE_1008,2026-06-07 12:15:00,0.253,valid
DE_1008,2026-06-07 12:30:00,0.174,valid
DE_1008,2026-06-07 12:45:00,0.233,valid
DE_1008,2026-06-07 13:00:00,0.11,valid
DE_1008,2026-06-07 13:15:00,0.203,valid
DE_1008,2026-06-07 13:30:00,0.14,valid
DE_1008,2026-06-07 13:45:00,0.218,valid
DE_1008,2026-06-07 14:00:00,0.259,valid
DE_1008,2026-06-07 14:15:00,0.27,valid
DE_1008,2026-06-07 14:30:00,0.251,valid
DE_1008,2026-06-07 14:45:00,0.187,valid
DE_1008,2026-06-07 15:00:00,0.34,valid
DE_1008,2026-06-07 15:15:00,0.208,valid
DE_1008,2026-06-07 15:30:00,0.258,valid
DE_1008,2026-06-07 15:45:00,0.236,valid
DE_1008,2026-06-07 16:00:00,0.27,valid
DE_1008,2026-06-07 16:15:00,0.23,valid
DE_1008,2026-06-07 16:30:00,0.354,valid
DE_1008,2026-06-07 16:45:00,0.337,valid
DE_1008,2026-06-07 17:00:00,0.329,valid
DE_1008,2026-06-07 17:15:00,0.318,valid
DE_1008,2026-06-07 17:30:00,0.277,valid
DE_1008,2026-06-07 17:45:00,0.319,valid
DE_1008,2026-06-07 18:00:00,0.305,valid
DE_1008,2026-06-07 18:15:00,0.354,valid
DE_1008,2026-06-07 18:30:00,0.37,valid
DE_1008,2026-06-07 18:45:00,0.338,valid
DE_1008,2026-06-07 19:00:00,0.395,valid
DE_1008,2026-06-07 19:30:00,0.415,valid
DE_1008,2026-06-07 19:45:00,0.474,valid
DE_1008,2026-06-07 20:00:00,0.329,valid
DE_1008,2026-06-07 20:15:00,0.338,valid
DE_1008,2026-06-07 20:30:00,0.339,valid
DE_1008,2026-06-07 20:45:00,0.39,valid
DE_1008,2026-06-07 21:00:00,0.345,valid
DE_1008,2026-06-07 21:15:00,0.398,valid
DE_1008,2026-06-07 21:30:00,0.467,valid
DE_1008,2026-06-07 21:45:00,0.461,valid
DE_1008,2026-06-07 22:00:00,0.532,valid
DE_1008,2026-06-07 22:15:00,0.493,valid
DE_1008,2026-06-07 22:30:00,0.501,valid
DE_1008,2026-06-07 22:45:00,0.424,valid
DE_1008,2026-06-07 23:00:00,0.457,valid
DE_1008,2026-06-07 23:15:00,0.519,valid
DE_1008,2026-06-07 23:30:00,0.518,valid
DE_1008,2026-06-07 23:45:00,0.379,valid
DE_1009,2026-06-01 00:00:00,0.431,valid
DE_1009,2026-06-01 00:15:00,0.451,valid
DE_1009,2026-06-01 00:30:00,0.457,valid
DE_1009,2026-06-01 00:45:00,0.566,valid
DE_1009,2026-06-01 01:00:00,0.565,valid
DE_1009,2026-06-01 01:15:00,0.491,valid
DE_1009,2026-06-01 01:30:00,0.492,valid
DE_1009,2026-06-01 01:45:00,0.572,valid
DE_1009,2026-06-01 02:00:00,0.472,valid
DE_1009,2026-06-01 02:15:00,0.478,valid
DE_1009,2026-06-01 02:30:00,0.469,valid
DE_1009,2026-06-01 02:45:00,0.469,valid
DE_1009,2026-06-01 03:00:00,0.492,valid
DE_1009,2026-06-01 03:15:00,0.461,valid
DE_1009,2026-06-01 03:30:00,0.429,valid
DE_1009,2026-06-01 03:45:00,0.405,valid
DE_1009,2026-06-01 04:00:00,0.413,valid
DE_1009,2026-06-01 04:15:00,0.317,valid
DE_1009,2026-06-01 04:30:00,0.423,valid
DE_1009,2026-06-01 04:45:00,0.406,valid
DE_1009,2026-06-01 05:00:00,0.391,valid
DE_1009,2026-06-01 05:15:00,0.317,valid
DE_1009,2026-06-01 05:30:00,0.398,valid
DE_1009,2026-06-01 05:45:00,0.384,valid
DE_1009,2026-06-01 06:00:00,0.35,valid
DE_1009,2026-06-01 06:15:00,0.369,valid
DE_1009,2026-06-01 06:30:00,0.309,valid
DE_1009,2026-06-01 06:45:00,0.277,valid
DE_1009,2026-06-01 07:00:00,0.348,valid
DE_1009,2026-06-01 07:15:00,0.215,valid
DE_1009,2026-06-01 07:30:00,0.355,valid
DE_1009,2026-06-01 07:45:00,0.428,valid
DE_1009,2026-06-01 08:00:00,0.319,valid
DE_1009,2026-06-01 08:15:00,0.343,valid
DE_1009,2026-06-01 08:30:00,0.381,valid
DE_1009,2026-06-01 08:45:00,0.352,valid
DE_1009,2026-06-01 09:00:00,0.389,valid
DE_1009,2026-06-01 09:15:00,0.231,valid
DE_1009,2026-06-01 09:30:00,0.258,valid
DE_1009,2026-06-01 09:45:00,0.299,valid
DE_1009,2026-06-01 10:00:00,0.169,valid
DE_1009,2026-06-01 10:15:00,0.25,valid
DE_1009,2026-06-01 10:30:00,0.253,valid
DE_1009,2026-06-01 10:45:00,0.315,valid
DE_1009,2026-06-01 11:00:00,0.278,valid
DE_1009,2026-06-01 11:15:00,0.263,valid
DE_1009,2026-06-01 11:30:00,0.26,valid
DE_1009,2026-06-01 11:45:00,0.228,valid
DE_1009,2026-06-01 12:00:00,0.215,valid
DE_1009,2026-06-01 12:15:00,0.238,valid
DE_1009,2026-06-01 12:30:00,0.251,valid
DE_1009,2026-06-01 12:45:00,0.164,valid
DE_1009,2026-06-01 13:00:00,0.247,valid
DE_1009,2026-06-01 13:15:00,0.221,valid
DE_1009,2026-06-01 13:30:00,0.238,valid
DE_1009,2026-06-01 13:45:00,0.283,valid
DE_1009,2026-06-01 14:00:00,0.237,valid
DE_1009,2026-06-01 14:15:00,0.204,valid
DE_1009,2026-06-01 14:30:00,0.204,valid
DE_1009,2026-06-01 14:45:00,0.221,valid
DE_1009,2026-06-01 15:00:00,0.305,valid
DE_1009,2026-06-01 15:15:00,0.267,valid
DE_1009,2026-06-01 15:30:00,0.245,valid
DE_1009,2026-06-01 15:45:00,0.314,valid
DE_1009,2026-06-01 16:00:00,0.308,valid
DE_1009,2026-06-01 16:15:00,0.335,valid
DE_1009,2026-06-01 16:30:00,0.41,valid
DE_1009,2026-06-01 16:45:00,0.394,valid
DE_1009,2026-06-01 17:00:00,0.342,valid
DE_1009,2026-06-01 17:15:00,0.342,valid
DE_1009,2026-06-01 17:30:00,0.381,valid
DE_1009,2026-06-01 17:45:00,0.389,valid
DE_1009,2026-06-01 18:00:00,0.332,valid
DE_1009,2026-06-01 18:15:00,0.289,valid
DE_1009,2026-06-01 18:30:00,0.393,valid
DE_1009,2026-06-01 18:45:00,0.361,valid
DE_1009,2026-06-01 19:00:00,0.406,valid
DE_1009,2026-06-01 19:15:00,0.402,valid
DE_1009,2026-06-01 19:30:00,0.34,valid
DE_1009,2026-06-01 19:45:00,0.349,valid
DE_1009,2026-06-01 20:00:00,0.454,valid
DE_1009,2026-06-01 20:15:00,0.392,valid
DE_1009,2026-06-01 20:30:00,0.361,valid
DE_1009,2026-06-01 20:45:00,0.386,valid
DE_1009,2026-06-01 21:00:00,0.445,valid
DE_1009,2026-06-01 21:15:00,0.399,valid
DE_1009,2026-06-01 21:30:00,0.512,valid
DE_1009,2026-06-01 21:45:00,0.466,valid
DE_1009,2026-06-01 22:00:00,0.375,valid
DE_1009,2026-06-01 22:15:00,0.461,valid
DE_1009,2026-06-01 22:30:00,0.528,valid
DE_1009,2026-06-01 22:45:00,0.615,valid
DE_1009,2026-06-01 23:00:00,0.451,valid
DE_1009,2026-06-01 23:15:00,0.476,valid
DE_1009,2026-06-01 23:30:00,0.407,valid
DE_1009,2026-06-01 23:45:00,0.503,valid
DE_1009,2026-06-02 00:00:00,0.524,valid
DE_1009,2026-06-02 00:15:00,0.514,valid
DE_1009,2026-06-02 00:30:00,0.446,valid
DE_1009,2026-06-02 00:45:00,0.539,valid
DE_1009,2026-06-02 01:00:00,0.566,valid
DE_1009,2026-06-02 01:15:00,0.543,valid
DE_1009,2026-06-02 01:30:00,0.493,valid
DE_1009,2026-06-02 01:45:00,0.472,valid
DE_1009,2026-06-02 02:00:00,0.495,valid
DE_1009,2026-06-02 02:15:00,0.443,valid
DE_1009,2026-06-02 02:30:00,0.324,valid
DE_1009,2026-06-02 02:45:00,0.364,valid
DE_1009,2026-06-02 03:00:00,0.493,valid
DE_1009,2026-06-02 03:15:00,0.492,valid
DE_1009,2026-06-02 03:30:00,0.419,valid
DE_1009,2026-06-02 03:45:00,0.385,valid
DE_1009,2026-06-02 04:00:00,0.385,valid
DE_1009,2026-06-02 04:15:00,0.336,valid
DE_1009,2026-06-02 04:30:00,0.387,valid
DE_1009,2026-06-02 04:45:00,0.487,valid
DE_1009,2026-06-02 05:00:00,0.344,valid
DE_1009,2026-06-02 05:15:00,0.335,valid
DE_1009,2026-06-02 05:30:00,0.308,valid
DE_1009,2026-06-02 05:45:00,0.385,valid
DE_1009,2026-06-02 06:00:00,0.303,valid
DE_1009,2026-06-02 06:15:00,0.383,valid
DE_1009,2026-06-02 06:30:00,0.335,valid
DE_1009,2026-06-02 06:45:00,0.434,valid
DE_1009,2026-06-02 07:00:00,0.355,valid
DE_1009,2026-06-02 07:15:00,0.349,valid
DE_1009,2026-06-02 07:30:00,0.255,valid
DE_1009,2026-06-02 07:45:00,0.326,valid
DE_1009,2026-06-02 08:00:00,0.315,valid
DE_1009,2026-06-02 08:15:00,0.317,valid
DE_1009,2026-06-02 08:30:00,0.318,valid
DE_1009,2026-06-02 08:45:00,0.306,valid
DE_1009,2026-06-02 09:00:00,0.217,valid
DE_1009,2026-06-02 09:15:00,0.155,valid
DE_1009,2026-06-02 09:30:00,0.219,valid
DE_1009,2026-06-02 09:45:00,0.326,valid
DE_1009,2026-06-02 10:00:00,0.29,valid
DE_1009,2026-06-02 10:15:00,0.307,valid
DE_1009,2026-06-02 10:30:00,0.266,valid
DE_1009,2026-06-02 10:45:00,0.261,valid
DE_1009,2026-06-02 11:00:00,0.226,valid
DE_1009,2026-06-02 11:15:00,0.14,valid
DE_1009,2026-06-02 11:30:00,0.234,valid
DE_1009,2026-06-02 11:45:00,0.193,valid
DE_1009,2026-06-02 12:00:00,0.17,valid
DE_1009,2026-06-02 12:15:00,0.151,valid
DE_1009,2026-06-02 12:30:00,0.197,valid
DE_1009,2026-06-02 12:45:00,0.246,valid
DE_1009,2026-06-02 13:00:00,0.265,valid
DE_1009,2026-06-02 13:15:00,0.176,valid
DE_1009,2026-06-02 13:30:00,0.237,valid
DE_1009,2026-06-02 13:45:00,0.221,valid
DE_1009,2026-06-02 14:00:00,0.149,valid
DE_1009,2026-06-02 14:15:00,0.297,valid
DE_1009,2026-06-02 14:30:00,0.218,valid
DE_1009,2026-06-02 14:45:00,0.279,valid
DE_1009,2026-06-02 15:00:00,0.235,valid
DE_1009,2026-06-02 15:15:00,0.314,valid
DE_1009,2026-06-02 15:30:00,0.337,valid
DE_1009,2026-06-02 15:45:00,0.288,valid
DE_1009,2026-06-02 16:00:00,0.327,valid
DE_1009,2026-06-02 16:15:00,0.267,valid
DE_1009,2026-06-02 16:30:00,0.284,valid
DE_1009,2026-06-02 16:45:00,0.244,valid
DE_1009,2026-06-02 17:00:00,0.378,valid
DE_1009,2026-06-02 17:15:00,0.384,valid
DE_1009,2026-06-02 17:30:00,0.301,valid
DE_1009,2026-06-02 17:45:00,0.327,valid
DE_1009,2026-06-02 18:00:00,0.317,valid
DE_1009,2026-06-02 18:15:00,0.285,valid
DE_1009,2026-06-02 18:30:00,0.324,valid
DE_1009,2026-06-02 18:45:00,0.29,valid
DE_1009,2026-06-02 19:00:00,0.278,valid
DE_1009,2026-06-02 19:15:00,0.39,valid
DE_1009,2026-06-02 19:30:00,0.325,valid
DE_1009,2026-06-02 19:45:00,0.373,valid
DE_1009,2026-06-02 20:00:00,0.267,valid
DE_1009,2026-06-02 20:15:00,0.404,valid
DE_1009,2026-06-02 20:30:00,0.365,valid
DE_1009,2026-06-02 20:45:00,0.369,valid
DE_1009,2026-06-02 21:00:00,0.469,valid
DE_1009,2026-06-02 21:15:00,0.419,valid
DE_1009,2026-06-02 21:30:00,0.44,valid
DE_1009,2026-06-02 21:45:00,0.428,valid
DE_1009,2026-06-02 22:00:00,0.474,valid
DE_1009,2026-06-02 22:15:00,0.41,valid
DE_1009,2026-06-02 22:30:00,0.449,valid
DE_1009,2026-06-02 22:45:00,0.438,valid
DE_1009,2026-06-02 23:00:00,0.51,valid
DE_1009,2026-06-02 23:15:00,0.446,valid
DE_1009,2026-06-02 23:30:00,0.513,valid
DE_1009,2026-06-02 23:45:00,0.501,valid
DE_1009,2026-06-03 00:00:00,0.471,valid
DE_1009,2026-06-03 00:15:00,0.536,valid
DE_1009,2026-06-03 00:30:00,0.48,valid
DE_1009,2026-06-03 00:45:00,0.468,valid
DE_1009,2026-06-03 01:00:00,0.435,valid
DE_1009,2026-06-03 01:15:00,0.421,valid
DE_1009,2026-06-03 01:30:00,0.491,valid
DE_1009,2026-06-03 01:45:00,0.465,valid
DE_1009,2026-06-03 02:00:00,0.435,valid
DE_1009,2026-06-03 02:15:00,0.493,valid
DE_1009,2026-06-03 02:30:00,0.494,valid
DE_1009,2026-06-03 02:45:00,0.455,valid
DE_1009,2026-06-03 03:00:00,0.328,valid
DE_1009,2026-06-03 03:15:00,0.449,valid
DE_1009,2026-06-03 03:30:00,0.327,valid
DE_1009,2026-06-03 03:45:00,0.38,valid
DE_1009,2026-06-03 04:00:00,0.392,valid
DE_1009,2026-06-03 04:15:00,0.477,valid
DE_1009,2026-06-03 04:30:00,0.276,valid
DE_1009,2026-06-03 04:45:00,0.323,valid
DE_1009,2026-06-03 05:00:00,0.339,valid
DE_1009,2026-06-03 05:15:00,0.41,valid
DE_1009,2026-06-03 05:30:00,0.293,valid
DE_1009,2026-06-03 05:45:00,0.335,valid
DE_1009,2026-06-03 06:00:00,0.411,valid
DE_1009,2026-06-03 06:15:00,0.394,valid
DE_1009,2026-06-03 06:30:00,0.32,valid
DE_1009,2026-06-03 06:45:00,0.401,valid
DE_1009,2026-06-03 07:00:00,0.329,valid
DE_1009,2026-06-03 07:15:00,0.28,valid
DE_1009,2026-06-03 07:30:00,0.289,valid
DE_1009,2026-06-03 07:45:00,0.294,valid
DE_1009,2026-06-03 08:00:00,0.246,valid
DE_1009,2026-06-03 08:15:00,0.323,valid
DE_1009,2026-06-03 08:30:00,0.35,valid
DE_1009,2026-06-03 08:45:00,0.228,valid
DE_1009,2026-06-03 09:00:00,0.308,valid
DE_1009,2026-06-03 09:15:00,0.223,valid
DE_1009,2026-06-03 09:30:00,0.271,valid
DE_1009,2026-06-03 09:45:00,0.29,valid
DE_1009,2026-06-03 10:00:00,0.301,valid
DE_1009,2026-06-03 10:15:00,0.249,valid
DE_1009,2026-06-03 10:30:00,0.262,valid
DE_1009,2026-06-03 10:45:00,0.331,valid
DE_1009,2026-06-03 11:00:00,0.306,valid
DE_1009,2026-06-03 11:15:00,0.278,valid
DE_1009,2026-06-03 11:30:00,0.263,valid
DE_1009,2026-06-03 11:45:00,0.25,valid
DE_1009,2026-06-03 12:00:00,0.282,valid
DE_1009,2026-06-03 12:15:00,0.237,valid
DE_1009,2026-06-03 12:30:00,0.166,valid
DE_1009,2026-06-03 12:45:00,0.205,valid
DE_1009,2026-06-03 13:00:00,0.246,valid
DE_1009,2026-06-03 13:15:00,0.155,valid
DE_1009,2026-06-03 13:30:00,0.196,valid
DE_1009,2026-06-03 13:45:00,0.311,valid
DE_1009,2026-06-03 14:00:00,0.193,valid
DE_1009,2026-06-03 14:15:00,0.275,valid
DE_1009,2026-06-03 14:30:00,0.266,valid
DE_1009,2026-06-03 14:45:00,0.298,valid
DE_1009,2026-06-03 15:00:00,0.236,valid
DE_1009,2026-06-03 15:15:00,0.236,valid
DE_1009,2026-06-03 15:30:00,0.278,valid
DE_1009,2026-06-03 15:45:00,0.244,valid
DE_1009,2026-06-03 16:00:00,0.377,valid
DE_1009,2026-06-03 16:15:00,0.309,valid
DE_1009,2026-06-03 16:30:00,0.343,valid
DE_1009,2026-06-03 16:45:00,0.25,valid
DE_1009,2026-06-03 17:00:00,0.355,valid
DE_1009,2026-06-03 17:15:00,0.449,valid
DE_1009,2026-06-03 17:30:00,0.322,valid
DE_1009,2026-06-03 17:45:00,0.269,valid
DE_1009,2026-06-03 18:00:00,0.407,valid
DE_1009,2026-06-03 18:15:00,0.326,valid
DE_1009,2026-06-03 18:30:00,0.286,valid
DE_1009,2026-06-03 18:45:00,0.294,valid
DE_1009,2026-06-03 19:00:00,0.316,valid
DE_1009,2026-06-03 19:15:00,0.401,valid
DE_1009,2026-06-03 19:30:00,0.333,valid
DE_1009,2026-06-03 19:45:00,0.332,valid
DE_1009,2026-06-03 20:00:00,0.381,valid
DE_1009,2026-06-03 20:15:00,0.421,valid
DE_1009,2026-06-03 20:30:00,0.445,valid
DE_1009,2026-06-03 20:45:00,0.462,valid
DE_1009,2026-06-03 21:00:00,0.408,valid
DE_1009,2026-06-03 21:15:00,0.476,valid
DE_1009,2026-06-03 21:30:00,0.386,valid
DE_1009,2026-06-03 21:45:00,0.511,valid
DE_1009,2026-06-03 22:00:00,0.481,valid
DE_1009,2026-06-03 22:15:00,0.463,valid
DE_1009,2026-06-03 22:30:00,0.371,valid
DE_1009,2026-06-03 22:45:00,0.499,valid
DE_1009,2026-06-03 23:00:00,0.452,valid
DE_1009,2026-06-03 23:15:00,0.444,valid
DE_1009,2026-06-03 23:30:00,0.434,valid
DE_1009,2026-06-03 23:45:00,0.445,valid
DE_1009,2026-06-04 00:00:00,0.525,valid
DE_1009,2026-06-04 00:15:00,0.521,valid
DE_1009,2026-06-04 00:30:00,0.503,valid
DE_1009,2026-06-04 00:45:00,0.594,valid
DE_1009,2026-06-04 01:00:00,0.413,valid
DE_1009,2026-06-04 01:15:00,0.489,valid
DE_1009,2026-06-04 01:30:00,0.409,valid
DE_1009,2026-06-04 01:45:00,0.503,valid
DE_1009,2026-06-04 02:00:00,0.479,valid
DE_1009,2026-06-04 02:15:00,0.457,valid
DE_1009,2026-06-04 02:30:00,0.475,valid
DE_1009,2026-06-04 02:45:00,0.479,valid
DE_1009,2026-06-04 02:45:00,0.479,valid
DE_1009,2026-06-04 03:00:00,0.449,valid
DE_1009,2026-06-04 03:15:00,0.356,valid
DE_1009,2026-06-04 03:30:00,0.469,valid
DE_1009,2026-06-04 03:45:00,0.512,valid
DE_1009,2026-06-04 04:00:00,0.456,valid
DE_1009,2026-06-04 04:15:00,0.387,valid
DE_1009,2026-06-04 04:30:00,0.498,valid
DE_1009,2026-06-04 04:45:00,0.412,valid
DE_1009,2026-06-04 05:00:00,0.434,valid
DE_1009,2026-06-04 05:15:00,0.409,valid
DE_1009,2026-06-04 05:30:00,0.447,valid
DE_1009,2026-06-04 05:45:00,0.295,valid
DE_1009,2026-06-04 06:00:00,0.31,valid
DE_1009,2026-06-04 06:15:00,0.376,valid
DE_1009,2026-06-04 06:30:00,0.338,valid
DE_1009,2026-06-04 06:45:00,0.332,valid
DE_1009,2026-06-04 07:00:00,0.4,valid
DE_1009,2026-06-04 07:15:00,0.297,valid
DE_1009,2026-06-04 07:30:00,0.34,valid
DE_1009,2026-06-04 07:45:00,0.344,valid
DE_1009,2026-06-04 08:00:00,0.289,valid
DE_1009,2026-06-04 08:15:00,0.184,valid
DE_1009,2026-06-04 08:30:00,0.207,valid
DE_1009,2026-06-04 08:45:00,0.287,valid
DE_1009,2026-06-04 09:00:00,0.385,valid
DE_1009,2026-06-04 09:30:00,0.274,valid
DE_1009,2026-06-04 09:45:00,0.379,valid
DE_1009,2026-06-04 10:00:00,0.252,valid
DE_1009,2026-06-04 10:15:00,0.275,valid
DE_1009,2026-06-04 10:30:00,0.266,valid
DE_1009,2026-06-04 10:45:00,0.208,valid
DE_1009,2026-06-04 11:00:00,0.182,valid
DE_1009,2026-06-04 11:15:00,0.2,valid
DE_1009,2026-06-04 11:30:00,0.225,valid
DE_1009,2026-06-04 11:45:00,0.188,valid
DE_1009,2026-06-04 12:00:00,0.175,valid
DE_1009,2026-06-04 12:15:00,0.213,valid
DE_1009,2026-06-04 12:30:00,0.26,valid
DE_1009,2026-06-04 12:45:00,0.318,valid
DE_1009,2026-06-04 13:00:00,0.189,valid
DE_1009,2026-06-04 13:15:00,0.239,valid
DE_1009,2026-06-04 13:30:00,0.176,valid
DE_1009,2026-06-04 13:45:00,0.194,valid
DE_1009,2026-06-04 14:00:00,0.164,valid
DE_1009,2026-06-04 14:15:00,0.336,valid
DE_1009,2026-06-04 14:30:00,0.229,valid
DE_1009,2026-06-04 14:45:00,0.298,valid
DE_1009,2026-06-04 15:00:00,0.222,valid
DE_1009,2026-06-04 15:15:00,0.158,valid
DE_1009,2026-06-04 15:30:00,0.36,valid
DE_1009,2026-06-04 15:45:00,0.194,valid
DE_1009,2026-06-04 16:00:00,0.248,valid
DE_1009,2026-06-04 16:15:00,0.36,valid
DE_1009,2026-06-04 16:30:00,0.304,valid
DE_1009,2026-06-04 16:45:00,0.291,valid
DE_1009,2026-06-04 17:00:00,0.392,valid
DE_1009,2026-06-04 17:15:00,0.311,valid
DE_1009,2026-06-04 17:30:00,0.365,valid
DE_1009,2026-06-04 17:45:00,0.263,valid
DE_1009,2026-06-04 18:00:00,0.421,valid
DE_1009,2026-06-04 18:15:00,0.322,valid
DE_1009,2026-06-04 18:30:00,0.359,valid
DE_1009,2026-06-04 18:45:00,0.314,valid
DE_1009,2026-06-04 19:00:00,0.334,valid
DE_1009,2026-06-04 19:15:00,0.361,valid
DE_1009,2026-06-04 19:30:00,0.421,valid
DE_1009,2026-06-04 19:45:00,0.363,valid
DE_1009,2026-06-04 20:00:00,0.41,valid
DE_1009,2026-06-04 20:15:00,0.376,valid
DE_1009,2026-06-04 20:30:00,0.466,valid
DE_1009,2026-06-04 20:45:00,0.327,valid
DE_1009,2026-06-04 21:00:00,0.341,valid
DE_1009,2026-06-04 21:15:00,0.496,valid
DE_1009,2026-06-04 21:30:00,0.317,valid
DE_1009,2026-06-04 21:45:00,0.511,valid
DE_1009,2026-06-04 22:00:00,0.449,valid
DE_1009,2026-06-04 22:15:00,0.472,valid
DE_1009,2026-06-04 22:30:00,0.466,valid
DE_1009,2026-06-04 22:45:00,0.417,valid
DE_1009,2026-06-04 23:00:00,0.501,valid
DE_1009,2026-06-04 23:15:00,0.577,valid
DE_1009,2026-06-04 23:30:00,0.536,valid
DE_1009,2026-06-04 23:45:00,0.439,valid
DE_1009,2026-06-05 00:00:00,0.562,valid
DE_1009,2026-06-05 00:30:00,0.489,valid
DE_1009,2026-06-05 00:45:00,0.507,valid
DE_1009,2026-06-05 01:00:00,0.537,valid
DE_1009,2026-06-05 01:15:00,0.406,valid
DE_1009,2026-06-05 01:30:00,0.528,valid
DE_1009,2026-06-05 01:45:00,0.454,valid
DE_1009,2026-06-05 02:00:00,0.368,valid
DE_1009,2026-06-05 02:15:00,0.5,valid
DE_1009,2026-06-05 02:30:00,0.429,valid
DE_1009,2026-06-05 02:45:00,0.35,valid
DE_1009,2026-06-05 03:00:00,0.465,valid
DE_1009,2026-06-05 03:15:00,0.341,valid
DE_1009,2026-06-05 03:30:00,0.406,valid
DE_1009,2026-06-05 03:45:00,0.369,valid
DE_1009,2026-06-05 04:00:00,0.359,valid
DE_1009,2026-06-05 04:15:00,0.454,valid
DE_1009,2026-06-05 04:30:00,0.432,valid
DE_1009,2026-06-05 04:45:00,0.325,valid
DE_1009,2026-06-05 05:00:00,0.364,valid
DE_1009,2026-06-05 05:15:00,0.378,valid
DE_1009,2026-06-05 05:30:00,0.443,valid
DE_1009,2026-06-05 05:45:00,0.398,valid
DE_1009,2026-06-05 06:00:00,0.289,valid
DE_1009,2026-06-05 06:15:00,0.285,valid
DE_1009,2026-06-05 06:30:00,0.383,valid
DE_1009,2026-06-05 06:45:00,0.388,valid
DE_1009,2026-06-05 07:00:00,0.295,valid
DE_1009,2026-06-05 07:15:00,0.294,valid
DE_1009,2026-06-05 07:45:00,0.339,valid
DE_1009,2026-06-05 08:00:00,0.168,valid
DE_1009,2026-06-05 08:15:00,0.286,valid
DE_1009,2026-06-05 08:30:00,0.341,valid
DE_1009,2026-06-05 08:45:00,0.226,valid
DE_1009,2026-06-05 09:00:00,0.319,valid
DE_1009,2026-06-05 09:15:00,0.213,valid
DE_1009,2026-06-05 09:30:00,0.287,valid
DE_1009,2026-06-05 09:45:00,0.233,valid
DE_1009,2026-06-05 10:00:00,0.169,valid
DE_1009,2026-06-05 10:15:00,0.261,valid
DE_1009,2026-06-05 10:30:00,0.245,valid
DE_1009,2026-06-05 10:45:00,0.326,valid
DE_1009,2026-06-05 11:00:00,0.267,valid
DE_1009,2026-06-05 11:15:00,0.146,valid
DE_1009,2026-06-05 11:30:00,0.241,valid
DE_1009,2026-06-05 11:45:00,0.274,valid
DE_1009,2026-06-05 12:00:00,0.242,valid
DE_1009,2026-06-05 12:15:00,0.293,valid
DE_1009,2026-06-05 12:30:00,0.298,valid
DE_1009,2026-06-05 12:45:00,0.165,valid
DE_1009,2026-06-05 13:00:00,0.244,valid
DE_1009,2026-06-05 13:15:00,0.345,valid
DE_1009,2026-06-05 13:30:00,0.289,valid
DE_1009,2026-06-05 13:45:00,0.191,valid
DE_1009,2026-06-05 14:00:00,0.174,valid
DE_1009,2026-06-05 14:15:00,0.172,valid
DE_1009,2026-06-05 14:30:00,0.283,valid
DE_1009,2026-06-05 14:45:00,0.245,valid
DE_1009,2026-06-05 15:00:00,0.266,valid
DE_1009,2026-06-05 15:15:00,0.246,valid
DE_1009,2026-06-05 15:30:00,0.232,valid
DE_1009,2026-06-05 15:45:00,0.306,valid
DE_1009,2026-06-05 16:00:00,0.299,valid
DE_1009,2026-06-05 16:15:00,0.322,valid
DE_1009,2026-06-05 16:30:00,0.218,valid
DE_1009,2026-06-05 16:45:00,0.389,valid
DE_1009,2026-06-05 17:00:00,0.384,valid
DE_1009,2026-06-05 17:15:00,0.379,valid
DE_1009,2026-06-05 17:30:00,0.222,valid
DE_1009,2026-06-05 17:45:00,0.37,valid
DE_1009,2026-06-05 18:00:00,0.278,valid
DE_1009,2026-06-05 18:15:00,0.371,valid
DE_1009,2026-06-05 18:30:00,0.408,valid
DE_1009,2026-06-05 18:45:00,0.404,valid
DE_1009,2026-06-05 19:00:00,0.411,valid
DE_1009,2026-06-05 19:15:00,0.468,valid
DE_1009,2026-06-05 19:30:00,0.383,valid
DE_1009,2026-06-05 19:45:00,0.335,valid
DE_1009,2026-06-05 20:00:00,0.374,valid
DE_1009,2026-06-05 20:15:00,0.401,valid
DE_1009,2026-06-05 20:30:00,0.442,valid
DE_1009,2026-06-05 20:45:00,0.347,valid
DE_1009,2026-06-05 21:00:00,0.466,valid
DE_1009,2026-06-05 21:15:00,0.424,valid
DE_1009,2026-06-05 21:30:00,0.402,valid
DE_1009,2026-06-05 21:45:00,0.378,valid
DE_1009,2026-06-05 22:00:00,0.426,valid
DE_1009,2026-06-05 22:15:00,0.465,valid
DE_1009,2026-06-05 22:30:00,0.44,valid
DE_1009,2026-06-05 22:45:00,0.488,valid
DE_1009,2026-06-05 23:00:00,0.394,valid
DE_1009,2026-06-05 23:15:00,0.402,valid
DE_1009,2026-06-05 23:30:00,0.423,valid
DE_1009,2026-06-05 23:45:00,0.53,valid
DE_1009,2026-06-06 00:00:00,0.493,valid
DE_1009,2026-06-06 00:15:00,0.502,valid
DE_1009,2026-06-06 00:30:00,0.53,valid
DE_1009,2026-06-06 00:45:00,0.533,valid
DE_1009,2026-06-06 01:00:00,0.448,valid
DE_1009,2026-06-06 01:15:00,0.404,valid
DE_1009,2026-06-06 01:45:00,0.399,valid
DE_1009,2026-06-06 02:00:00,0.447,valid
DE_1009,2026-06-06 02:15:00,0.412,valid
DE_1009,2026-06-06 02:30:00,0.464,valid
DE_1009,2026-06-06 02:45:00,0.46,valid
DE_1009,2026-06-06 03:00:00,0.407,valid
DE_1009,2026-06-06 03:15:00,-0.422,valid
DE_1009,2026-06-06 03:30:00,0.567,valid
DE_1009,2026-06-06 03:45:00,0.333,valid
DE_1009,2026-06-06 04:00:00,0.521,valid
DE_1009,2026-06-06 04:15:00,0.351,valid
DE_1009,2026-06-06 04:30:00,0.332,valid
DE_1009,2026-06-06 04:45:00,0.352,valid
DE_1009,2026-06-06 05:00:00,0.412,valid
DE_1009,2026-06-06 05:15:00,0.386,valid
DE_1009,2026-06-06 05:30:00,0.344,valid
DE_1009,2026-06-06 05:45:00,0.346,valid
DE_1009,2026-06-06 06:00:00,0.312,valid
DE_1009,2026-06-06 06:15:00,0.38,valid
DE_1009,2026-06-06 06:30:00,0.413,valid
DE_1009,2026-06-06 06:45:00,0.337,valid
DE_1009,2026-06-06 07:00:00,0.291,valid
DE_1009,2026-06-06 07:15:00,0.306,valid
DE_1009,2026-06-06 07:30:00,0.21,valid
DE_1009,2026-06-06 07:45:00,0.322,valid
DE_1009,2026-06-06 08:00:00,0.319,valid
DE_1009,2026-06-06 08:15:00,0.282,valid
DE_1009,2026-06-06 08:30:00,0.275,valid
DE_1009,2026-06-06 08:45:00,0.356,valid
DE_1009,2026-06-06 09:00:00,0.291,valid
DE_1009,2026-06-06 09:15:00,0.294,valid
DE_1009,2026-06-06 09:30:00,0.3,valid
DE_1009,2026-06-06 09:45:00,0.282,valid
DE_1009,2026-06-06 10:00:00,0.316,valid
DE_1009,2026-06-06 10:15:00,0.182,valid
DE_1009,2026-06-06 10:30:00,0.248,valid
DE_1009,2026-06-06 10:45:00,0.136,valid
DE_1009,2026-06-06 11:00:00,0.204,valid
DE_1009,2026-06-06 11:15:00,0.325,valid
DE_1009,2026-06-06 11:30:00,0.161,valid
DE_1009,2026-06-06 11:45:00,0.17,valid
DE_1009,2026-06-06 12:00:00,0.196,valid
DE_1009,2026-06-06 12:15:00,0.243,valid
DE_1009,2026-06-06 12:30:00,0.234,valid
DE_1009,2026-06-06 12:45:00,0.173,valid
DE_1009,2026-06-06 13:00:00,0.31,valid
DE_1009,2026-06-06 13:15:00,0.222,valid
DE_1009,2026-06-06 13:30:00,0.282,valid
DE_1009,2026-06-06 13:45:00,0.305,valid
DE_1009,2026-06-06 14:00:00,0.201,valid
DE_1009,2026-06-06 14:15:00,0.175,valid
DE_1009,2026-06-06 14:30:00,0.277,valid
DE_1009,2026-06-06 14:45:00,0.259,valid
DE_1009,2026-06-06 15:00:00,0.277,valid
DE_1009,2026-06-06 15:15:00,0.288,valid
DE_1009,2026-06-06 15:30:00,0.27,valid
DE_1009,2026-06-06 15:45:00,0.353,valid
DE_1009,2026-06-06 16:00:00,0.149,valid
DE_1009,2026-06-06 16:15:00,0.364,valid
DE_1009,2026-06-06 16:30:00,0.313,valid
DE_1009,2026-06-06 16:45:00,0.294,valid
DE_1009,2026-06-06 17:00:00,0.276,valid
DE_1009,2026-06-06 17:15:00,0.387,valid
DE_1009,2026-06-06 17:30:00,0.267,valid
DE_1009,2026-06-06 17:45:00,0.33,valid
DE_1009,2026-06-06 18:00:00,0.407,valid
DE_1009,2026-06-06 18:15:00,0.267,valid
DE_1009,2026-06-06 18:30:00,0.366,valid
DE_1009,2026-06-06 18:45:00,0.366,valid
DE_1009,2026-06-06 19:00:00,0.396,valid
DE_1009,2026-06-06 19:15:00,0.352,valid
DE_1009,2026-06-06 19:30:00,0.404,valid
DE_1009,2026-06-06 19:45:00,0.427,valid
DE_1009,2026-06-06 20:00:00,0.385,valid
DE_1009,2026-06-06 20:15:00,0.504,valid
DE_1009,2026-06-06 20:30:00,0.343,valid
DE_1009,2026-06-06 20:45:00,0.366,valid
DE_1009,2026-06-06 21:00:00,0.485,valid
DE_1009,2026-06-06 21:15:00,0.414,valid
DE_1009,2026-06-06 21:30:00,0.378,valid
DE_1009,2026-06-06 21:45:00,0.403,valid
DE_1009,2026-06-06 22:00:00,0.526,valid
DE_1009,2026-06-06 22:15:00,0.49,valid
DE_1009,2026-06-06 22:30:00,0.404,valid
DE_1009,2026-06-06 22:52:00,0.356,valid
DE_1009,2026-06-06 23:00:00,0.55,valid
DE_1009,2026-06-06 23:15:00,0.487,valid
DE_1009,2026-06-06 23:30:00,0.454,valid
DE_1009,2026-06-06 23:45:00,0.43,valid
DE_1009,2026-06-07 00:00:00,0.396,valid
DE_1009,2026-06-07 00:15:00,0.434,valid
DE_1009,2026-06-07 00:30:00,0.515,valid
DE_1009,2026-06-07 01:00:00,0.557,valid
DE_1009,2026-06-07 01:15:00,0.521,valid
DE_1009,2026-06-07 01:30:00,0.445,valid
DE_1009,2026-06-07 01:45:00,0.429,valid
DE_1009,2026-06-07 02:00:00,0.515,valid
DE_1009,2026-06-07 02:15:00,0.431,valid
DE_1009,2026-06-07 02:30:00,0.582,valid
DE_1009,2026-06-07 02:45:00,0.455,valid
DE_1009,2026-06-07 03:00:00,0.357,valid
DE_1009,2026-06-07 03:15:00,0.323,valid
DE_1009,2026-06-07 03:30:00,0.388,valid
DE_1009,2026-06-07 03:45:00,0.497,valid
DE_1009,2026-06-07 04:00:00,0.388,valid
DE_1009,2026-06-07 04:15:00,0.275,valid
DE_1009,2026-06-07 04:30:00,0.369,valid
DE_1009,2026-06-07 04:45:00,0.385,valid
DE_1009,2026-06-07 05:00:00,0.443,valid
DE_1009,2026-06-07 05:15:00,0.397,valid
DE_1009,2026-06-07 05:30:00,0.368,valid
DE_1009,2026-06-07 05:45:00,0.39,valid
DE_1009,2026-06-07 06:00:00,0.461,valid
DE_1009,2026-06-07 06:15:00,0.403,valid
DE_1009,2026-06-07 06:30:00,0.313,valid
DE_1009,2026-06-07 06:45:00,0.384,valid
DE_1009,2026-06-07 07:00:00,0.382,valid
DE_1009,2026-06-07 07:15:00,0.441,valid
DE_1009,2026-06-07 07:30:00,0.339,valid
DE_1009,2026-06-07 07:45:00,0.309,valid
DE_1009,2026-06-07 08:00:00,0.318,valid
DE_1009,2026-06-07 08:15:00,0.276,valid
DE_1009,2026-06-07 08:30:00,0.308,valid
DE_1009,2026-06-07 08:45:00,0.26,valid
DE_1009,2026-06-07 09:00:00,0.276,valid
DE_1009,2026-06-07 09:15:00,0.202,valid
DE_1009,2026-06-07 09:30:00,0.317,valid
DE_1009,2026-06-07 09:45:00,0.315,valid
DE_1009,2026-06-07 10:00:00,0.167,valid
DE_1009,2026-06-07 10:15:00,0.287,valid
DE_1009,2026-06-07 10:30:00,0.222,valid
DE_1009,2026-06-07 10:45:00,0.321,valid
DE_1009,2026-06-07 11:00:00,0.275,valid
DE_1009,2026-06-07 11:15:00,0.279,valid
DE_1009,2026-06-07 11:30:00,0.255,valid
DE_1009,2026-06-07 11:45:00,0.173,valid
DE_1009,2026-06-07 12:00:00,0.096,valid
DE_1009,2026-06-07 12:15:00,0.207,valid
DE_1009,2026-06-07 12:30:00,0.136,valid
DE_1009,2026-06-07 12:45:00,0.209,valid
DE_1009,2026-06-07 13:00:00,0.151,valid
DE_1009,2026-06-07 13:15:00,0.264,valid
DE_1009,2026-06-07 13:30:00,0.251,valid
DE_1009,2026-06-07 13:45:00,0.161,valid
DE_1009,2026-06-07 14:00:00,0.202,valid
DE_1009,2026-06-07 14:15:00,0.271,valid
DE_1009,2026-06-07 14:30:00,0.294,valid
DE_1009,2026-06-07 14:45:00,0.261,valid
DE_1009,2026-06-07 15:00:00,0.24,valid
DE_1009,2026-06-07 15:15:00,0.283,valid
DE_1009,2026-06-07 15:30:00,0.264,valid
DE_1009,2026-06-07 15:45:00,0.248,valid
DE_1009,2026-06-07 16:00:00,0.23,valid
DE_1009,2026-06-07 16:15:00,0.302,valid
DE_1009,2026-06-07 16:30:00,0.259,valid
DE_1009,2026-06-07 16:45:00,0.294,valid
DE_1009,2026-06-07 17:00:00,0.224,valid
DE_1009,2026-06-07 17:15:00,0.367,valid
DE_1009,2026-06-07 17:30:00,0.297,valid
DE_1009,2026-06-07 17:45:00,0.329,valid
DE_1009,2026-06-07 18:00:00,0.425,valid
DE_1009,2026-06-07 18:15:00,0.428,valid
DE_1009,2026-06-07 18:30:00,0.383,valid
DE_1009,2026-06-07 18:45:00,0.299,valid
DE_1009,2026-06-07 19:00:00,0.371,valid
DE_1009,2026-06-07 19:15:00,0.39,valid
DE_1009,2026-06-07 19:30:00,0.388,valid
DE_1009,2026-06-07 19:45:00,0.382,valid
DE_1009,2026-06-07 20:00:00,0.441,valid
DE_1009,2026-06-07 20:30:00,0.461,valid
DE_1009,2026-06-07 20:45:00,0.441,valid
DE_1009,2026-06-07 21:00:00,0.39,valid
DE_1009,2026-06-07 21:15:00,0.409,valid
DE_1009,2026-06-07 21:30:00,0.424,valid
DE_1009,2026-06-07 21:45:00,0.446,valid
DE_1009,2026-06-07 22:00:00,0.425,valid
DE_1009,2026-06-07 22:15:00,0.449,valid
DE_1009,2026-06-07 22:30:00,0.433,valid
DE_1009,2026-06-07 22:45:00,0.423,valid
DE_1009,2026-06-07 23:00:00,0.496,valid
DE_1009,2026-06-07 23:15:00,0.52,valid
DE_1009,2026-06-07 23:30:00,0.564,valid
DE_1009,2026-06-07 23:45:00,0.526,valid
DE_1010,2026-06-01 00:00:00,0.48,valid
DE_1010,2026-06-01 00:15:00,0.564,valid
DE_1010,2026-06-01 00:30:00,0.428,valid
DE_1010,2026-06-01 00:45:00,0.521,valid
DE_1010,2026-06-01 01:00:00,0.447,valid
DE_1010,2026-06-01 01:15:00,0.447,valid
DE_1010,2026-06-01 01:30:00,0.574,valid
DE_1010,2026-06-01 01:45:00,0.454,valid
DE_1010,2026-06-01 02:00:00,0.462,valid
DE_1010,2026-06-01 02:15:00,0.48,valid
DE_1010,2026-06-01 02:30:00,0.449,valid
DE_1010,2026-06-01 02:45:00,0.382,valid
DE_1010,2026-06-01 03:00:00,0.441,valid
DE_1010,2026-06-01 03:15:00,0.408,valid
DE_1010,2026-06-01 03:30:00,0.42,valid
DE_1010,2026-06-01 03:45:00,0.424,valid
DE_1010,2026-06-01 04:00:00,0.423,valid
DE_1010,2026-06-01 04:15:00,0.421,valid
DE_1010,2026-06-01 04:30:00,0.324,valid
DE_1010,2026-06-01 04:45:00,0.411,valid
DE_1010,2026-06-01 05:00:00,0.463,valid
DE_1010,2026-06-01 05:15:00,0.28,valid
DE_1010,2026-06-01 05:30:00,0.329,valid
DE_1010,2026-06-01 05:45:00,0.341,valid
DE_1010,2026-06-01 06:00:00,0.251,valid
DE_1010,2026-06-01 06:15:00,0.258,valid
DE_1010,2026-06-01 06:30:00,0.302,valid
DE_1010,2026-06-01 06:45:00,0.407,valid
DE_1010,2026-06-01 07:00:00,0.307,valid
DE_1010,2026-06-01 07:15:00,0.278,valid
DE_1010,2026-06-01 07:30:00,0.317,valid
DE_1010,2026-06-01 07:45:00,0.349,valid
DE_1010,2026-06-01 08:00:00,0.324,valid
DE_1010,2026-06-01 08:15:00,0.302,valid
DE_1010,2026-06-01 08:30:00,0.432,valid
DE_1010,2026-06-01 08:45:00,0.313,valid
DE_1010,2026-06-01 09:00:00,0.297,valid
DE_1010,2026-06-01 09:30:00,0.232,valid
DE_1010,2026-06-01 09:45:00,0.217,valid
DE_1010,2026-06-01 10:00:00,0.186,valid
DE_1010,2026-06-01 10:15:00,0.278,valid
DE_1010,2026-06-01 10:30:00,0.258,valid
DE_1010,2026-06-01 10:45:00,0.218,valid
DE_1010,2026-06-01 11:00:00,0.207,valid
DE_1010,2026-06-01 11:15:00,0.278,valid
DE_1010,2026-06-01 11:30:00,0.215,valid
DE_1010,2026-06-01 11:45:00,0.227,valid
DE_1010,2026-06-01 12:00:00,0.214,valid
DE_1010,2026-06-01 12:15:00,0.225,valid
DE_1010,2026-06-01 12:30:00,0.162,valid
DE_1010,2026-06-01 12:45:00,0.077,valid
DE_1010,2026-06-01 13:00:00,0.127,valid
DE_1010,2026-06-01 13:15:00,0.243,valid
DE_1010,2026-06-01 13:30:00,0.196,valid
DE_1010,2026-06-01 13:45:00,0.208,valid
DE_1010,2026-06-01 14:00:00,0.164,valid
DE_1010,2026-06-01 14:15:00,0.21,valid
DE_1010,2026-06-01 14:30:00,0.256,valid
DE_1010,2026-06-01 14:45:00,0.252,valid
DE_1010,2026-06-01 15:00:00,0.221,valid
DE_1010,2026-06-01 15:15:00,0.217,valid
DE_1010,2026-06-01 15:30:00,0.371,valid
DE_1010,2026-06-01 15:45:00,0.263,valid
DE_1010,2026-06-01 16:00:00,0.295,valid
DE_1010,2026-06-01 16:15:00,0.233,valid
DE_1010,2026-06-01 16:30:00,0.261,valid
DE_1010,2026-06-01 16:45:00,0.286,valid
DE_1010,2026-06-01 17:00:00,0.267,valid
DE_1010,2026-06-01 17:15:00,0.33,valid
DE_1010,2026-06-01 17:30:00,0.267,valid
DE_1010,2026-06-01 17:45:00,0.288,valid
DE_1010,2026-06-01 18:00:00,0.31,valid
DE_1010,2026-06-01 18:15:00,0.267,valid
DE_1010,2026-06-01 18:30:00,0.271,valid
DE_1010,2026-06-01 18:45:00,0.356,valid
DE_1010,2026-06-01 19:00:00,0.323,valid
DE_1010,2026-06-01 19:15:00,0.366,valid
DE_1010,2026-06-01 19:30:00,0.368,valid
DE_1010,2026-06-01 19:45:00,0.392,valid
DE_1010,2026-06-01 20:00:00,0.441,valid
DE_1010,2026-06-01 20:15:00,0.368,valid
DE_1010,2026-06-01 20:30:00,0.342,valid
DE_1010,2026-06-01 20:45:00,0.41,valid
DE_1010,2026-06-01 21:00:00,0.468,valid
DE_1010,2026-06-01 21:15:00,0.408,valid
DE_1010,2026-06-01 21:30:00,0.422,valid
DE_1010,2026-06-01 21:45:00,0.415,valid
DE_1010,2026-06-01 22:00:00,0.442,valid
DE_1010,2026-06-01 22:15:00,0.482,valid
DE_1010,2026-06-01 22:30:00,0.43,valid
DE_1010,2026-06-01 22:45:00,0.48,valid
DE_1010,2026-06-01 23:00:00,0.496,valid
DE_1010,2026-06-01 23:15:00,0.583,valid
DE_1010,2026-06-01 23:30:00,0.439,valid
DE_1010,2026-06-01 23:45:00,0.533,valid
DE_1010,2026-06-02 00:00:00,0.54,valid
DE_1010,2026-06-02 00:15:00,0.439,valid
DE_1010,2026-06-02 00:30:00,0.528,valid
DE_1010,2026-06-02 00:45:00,0.531,valid
DE_1010,2026-06-02 01:00:00,0.445,valid
DE_1010,2026-06-02 01:15:00,0.352,valid
DE_1010,2026-06-02 01:30:00,0.512,valid
DE_1010,2026-06-02 01:45:00,0.41,valid
DE_1010,2026-06-02 02:00:00,0.441,valid
DE_1010,2026-06-02 02:15:00,0.361,valid
DE_1010,2026-06-02 02:30:00,0.48,valid
DE_1010,2026-06-02 02:45:00,0.358,valid
DE_1010,2026-06-02 03:00:00,0.396,valid
DE_1010,2026-06-02 03:15:00,0.397,valid
DE_1010,2026-06-02 03:30:00,0.425,valid
DE_1010,2026-06-02 03:45:00,0.351,valid
DE_1010,2026-06-02 04:00:00,0.423,valid
DE_1010,2026-06-02 04:15:00,0.424,valid
DE_1010,2026-06-02 04:30:00,0.382,valid
DE_1010,2026-06-02 04:45:00,0.386,valid
DE_1010,2026-06-02 05:00:00,0.237,valid
DE_1010,2026-06-02 05:15:00,0.455,valid
DE_1010,2026-06-02 05:30:00,0.364,valid
DE_1010,2026-06-02 05:45:00,0.407,valid
DE_1010,2026-06-02 06:00:00,0.359,valid
DE_1010,2026-06-02 06:15:00,0.353,valid
DE_1010,2026-06-02 06:30:00,0.384,valid
DE_1010,2026-06-02 06:45:00,0.318,valid
DE_1010,2026-06-02 07:00:00,0.376,valid
DE_1010,2026-06-02 07:15:00,0.404,valid
DE_1010,2026-06-02 07:30:00,0.335,valid
DE_1010,2026-06-02 07:45:00,0.317,valid
DE_1010,2026-06-02 08:00:00,0.349,valid
DE_1010,2026-06-02 08:15:00,0.321,valid
DE_1010,2026-06-02 08:30:00,0.281,valid
DE_1010,2026-06-02 08:45:00,0.283,valid
DE_1010,2026-06-02 09:00:00,0.281,valid
DE_1010,2026-06-02 09:15:00,0.313,valid
DE_1010,2026-06-02 09:30:00,0.25,valid
DE_1010,2026-06-02 09:45:00,0.315,valid
DE_1010,2026-06-02 10:00:00,0.348,valid
DE_1010,2026-06-02 10:15:00,0.28,valid
DE_1010,2026-06-02 10:30:00,0.247,valid
DE_1010,2026-06-02 10:45:00,0.278,valid
DE_1010,2026-06-02 11:00:00,0.203,valid
DE_1010,2026-06-02 11:15:00,0.169,valid
DE_1010,2026-06-02 11:30:00,0.187,valid
DE_1010,2026-06-02 11:45:00,0.157,valid
DE_1010,2026-06-02 12:00:00,0.248,valid
DE_1010,2026-06-02 12:15:00,0.176,valid
DE_1010,2026-06-02 12:30:00,0.107,valid
DE_1010,2026-06-02 12:45:00,0.226,valid
DE_1010,2026-06-02 13:00:00,0.243,valid
DE_1010,2026-06-02 13:15:00,0.24,valid
DE_1010,2026-06-02 13:30:00,0.158,valid
DE_1010,2026-06-02 13:45:00,0.169,valid
DE_1010,2026-06-02 14:15:00,0.22,valid
DE_1010,2026-06-02 14:30:00,0.273,valid
DE_1010,2026-06-02 14:45:00,0.256,valid
DE_1010,2026-06-02 15:00:00,0.206,valid
DE_1010,2026-06-02 15:15:00,0.201,valid
DE_1010,2026-06-02 15:30:00,0.3,valid
DE_1010,2026-06-02 15:45:00,0.259,valid
DE_1010,2026-06-02 16:00:00,0.286,valid
DE_1010,2026-06-02 16:15:00,0.352,valid
DE_1010,2026-06-02 16:30:00,0.219,valid
DE_1010,2026-06-02 16:45:00,0.297,valid
DE_1010,2026-06-02 17:00:00,0.384,valid
DE_1010,2026-06-02 17:15:00,0.367,valid
DE_1010,2026-06-02 17:30:00,0.311,valid
DE_1010,2026-06-02 17:45:00,0.348,valid
DE_1010,2026-06-02 18:00:00,0.381,valid
DE_1010,2026-06-02 18:15:00,0.306,valid
DE_1010,2026-06-02 18:30:00,0.276,valid
DE_1010,2026-06-02 18:45:00,0.393,valid
DE_1010,2026-06-02 19:00:00,0.378,valid
DE_1010,2026-06-02 19:15:00,0.466,valid
DE_1010,2026-06-02 19:30:00,0.343,valid
DE_1010,2026-06-02 19:45:00,0.425,valid
DE_1010,2026-06-02 20:00:00,0.442,valid
DE_1010,2026-06-02 20:15:00,0.425,valid
DE_1010,2026-06-02 20:30:00,0.401,valid
DE_1010,2026-06-02 20:45:00,0.353,valid
DE_1010,2026-06-02 21:00:00,0.41,valid
DE_1010,2026-06-02 21:15:00,0.4,valid
DE_1010,2026-06-02 21:30:00,0.426,valid
DE_1010,2026-06-02 21:45:00,0.373,valid
DE_1010,2026-06-02 22:00:00,0.462,valid
DE_1010,2026-06-02 22:15:00,0.539,valid
DE_1010,2026-06-02 22:30:00,0.406,valid
DE_1010,2026-06-02 22:45:00,0.477,valid
DE_1010,2026-06-02 23:00:00,0.38,valid
DE_1010,2026-06-02 23:15:00,0.5,valid
DE_1010,2026-06-02 23:30:00,0.488,valid
DE_1010,2026-06-02 23:45:00,0.429,valid
DE_1010,2026-06-03 00:00:00,0.528,valid
DE_1010,2026-06-03 00:15:00,0.505,valid
DE_1010,2026-06-03 00:30:00,0.59,valid
DE_1010,2026-06-03 00:45:00,0.506,valid
DE_1010,2026-06-03 01:00:00,0.495,valid
DE_1010,2026-06-03 01:15:00,0.468,valid
DE_1010,2026-06-03 01:30:00,0.419,valid
DE_1010,2026-06-03 01:45:00,0.605,valid
DE_1010,2026-06-03 02:00:00,0.459,valid
DE_1010,2026-06-03 02:15:00,0.465,valid
DE_1010,2026-06-03 02:30:00,0.454,valid
DE_1010,2026-06-03 02:45:00,0.377,valid
DE_1010,2026-06-03 03:00:00,0.357,valid
DE_1010,2026-06-03 03:15:00,0.341,valid
DE_1010,2026-06-03 03:30:00,0.491,valid
DE_1010,2026-06-03 03:45:00,0.45,valid
DE_1010,2026-06-03 04:00:00,0.383,valid
DE_1010,2026-06-03 04:15:00,0.328,valid
DE_1010,2026-06-03 04:30:00,0.358,valid
DE_1010,2026-06-03 04:45:00,0.395,valid
DE_1010,2026-06-03 05:00:00,0.313,valid
DE_1010,2026-06-03 05:15:00,0.419,valid
DE_1010,2026-06-03 05:30:00,0.335,valid
DE_1010,2026-06-03 05:45:00,0.361,valid
DE_1010,2026-06-03 06:00:00,0.345,valid
DE_1010,2026-06-03 06:15:00,0.241,valid
DE_1010,2026-06-03 06:30:00,0.39,valid
DE_1010,2026-06-03 06:45:00,0.352,valid
DE_1010,2026-06-03 07:00:00,0.214,valid
DE_1010,2026-06-03 07:15:00,0.305,valid
DE_1010,2026-06-03 07:30:00,0.308,valid
DE_1010,2026-06-03 07:45:00,0.273,valid
DE_1010,2026-06-03 08:00:00,0.317,valid
DE_1010,2026-06-03 08:15:00,0.36,valid
DE_1010,2026-06-03 08:30:00,0.317,valid
DE_1010,2026-06-03 08:45:00,0.229,valid
DE_1010,2026-06-03 09:00:00,0.241,valid
DE_1010,2026-06-03 09:15:00,0.176,valid
DE_1010,2026-06-03 09:30:00,-0.273,valid
DE_1010,2026-06-03 09:45:00,0.225,valid
DE_1010,2026-06-03 10:00:00,0.264,valid
DE_1010,2026-06-03 10:15:00,0.29,valid
DE_1010,2026-06-03 10:30:00,0.294,valid
DE_1010,2026-06-03 11:00:00,0.212,valid
DE_1010,2026-06-03 11:15:00,0.144,valid
DE_1010,2026-06-03 11:30:00,0.334,valid
DE_1010,2026-06-03 11:45:00,0.335,valid
DE_1010,2026-06-03 12:00:00,0.195,valid
DE_1010,2026-06-03 12:15:00,0.222,valid
DE_1010,2026-06-03 12:30:00,0.142,valid
DE_1010,2026-06-03 12:45:00,0.181,valid
DE_1010,2026-06-03 13:00:00,0.226,valid
DE_1010,2026-06-03 13:15:00,0.196,valid
DE_1010,2026-06-03 13:30:00,0.313,valid
DE_1010,2026-06-03 13:45:00,0.241,valid
DE_1010,2026-06-03 14:00:00,0.219,valid
DE_1010,2026-06-03 14:15:00,0.23,valid
DE_1010,2026-06-03 14:30:00,0.262,valid
DE_1010,2026-06-03 14:45:00,0.17,valid
DE_1010,2026-06-03 15:00:00,0.299,valid
DE_1010,2026-06-03 15:15:00,0.273,valid
DE_1010,2026-06-03 15:30:00,0.32,valid
DE_1010,2026-06-03 15:45:00,0.293,valid
DE_1010,2026-06-03 16:00:00,0.267,valid
DE_1010,2026-06-03 16:15:00,0.267,valid
DE_1010,2026-06-03 16:30:00,0.369,valid
DE_1010,2026-06-03 16:45:00,0.321,valid
DE_1010,2026-06-03 17:00:00,0.355,valid
DE_1010,2026-06-03 17:15:00,0.355,valid
DE_1010,2026-06-03 17:30:00,0.32,valid
DE_1010,2026-06-03 17:45:00,0.27,valid
DE_1010,2026-06-03 18:00:00,0.44,valid
DE_1010,2026-06-03 18:15:00,0.34,valid
DE_1010,2026-06-03 18:30:00,0.414,valid
DE_1010,2026-06-03 18:45:00,0.346,valid
DE_1010,2026-06-03 19:00:00,0.43,valid
DE_1010,2026-06-03 19:15:00,0.332,valid
DE_1010,2026-06-03 19:30:00,0.309,valid
DE_1010,2026-06-03 19:45:00,0.361,valid
DE_1010,2026-06-03 20:00:00,0.376,valid
DE_1010,2026-06-03 20:15:00,0.433,valid
DE_1010,2026-06-03 20:30:00,0.417,valid
DE_1010,2026-06-03 20:45:00,0.323,valid
DE_1010,2026-06-03 21:00:00,0.388,valid
DE_1010,2026-06-03 21:15:00,0.355,valid
DE_1010,2026-06-03 21:30:00,0.388,valid
DE_1010,2026-06-03 21:45:00,0.42,valid
DE_1010,2026-06-03 22:00:00,0.419,valid
DE_1010,2026-06-03 22:00:00,0.419,valid
DE_1010,2026-06-03 22:15:00,0.508,valid
DE_1010,2026-06-03 22:30:00,0.471,valid
DE_1010,2026-06-03 22:45:00,0.408,valid
DE_1010,2026-06-03 23:00:00,0.539,valid
DE_1010,2026-06-03 23:15:00,0.521,valid
DE_1010,2026-06-03 23:30:00,0.485,valid
DE_1010,2026-06-03 23:45:00,0.457,valid
DE_1010,2026-06-04 00:00:00,0.597,valid
DE_1010,2026-06-04 00:15:00,0.54,valid
DE_1010,2026-06-04 00:30:00,0.446,valid
DE_1010,2026-06-04 00:45:00,0.508,valid
DE_1010,2026-06-04 01:00:00,0.433,valid
DE_1010,2026-06-04 01:15:00,0.52,valid
DE_1010,2026-06-04 01:30:00,0.424,valid
DE_1010,2026-06-04 01:45:00,0.443,valid
DE_1010,2026-06-04 02:00:00,0.419,valid
DE_1010,2026-06-04 02:15:00,0.474,valid
DE_1010,2026-06-04 02:30:00,0.398,valid
DE_1010,2026-06-04 02:45:00,0.45,valid
DE_1010,2026-06-04 03:00:00,0.317,valid
DE_1010,2026-06-04 03:15:00,0.468,valid
DE_1010,2026-06-04 03:30:00,0.291,valid
DE_1010,2026-06-04 03:45:00,0.434,valid
DE_1010,2026-06-04 04:00:00,0.412,valid
DE_1010,2026-06-04 04:15:00,0.375,valid
DE_1010,2026-06-04 04:30:00,0.455,valid
DE_1010,2026-06-04 04:45:00,0.456,valid
DE_1010,2026-06-04 05:00:00,0.429,valid
DE_1010,2026-06-04 05:15:00,0.432,valid
DE_1010,2026-06-04 05:30:00,0.391,valid
DE_1010,2026-06-04 05:45:00,0.356,valid
DE_1010,2026-06-04 06:00:00,0.363,valid
DE_1010,2026-06-04 06:15:00,0.405,valid
DE_1010,2026-06-04 06:30:00,0.347,valid
DE_1010,2026-06-04 06:45:00,0.23,valid
DE_1010,2026-06-04 07:00:00,0.241,valid
DE_1010,2026-06-04 07:15:00,0.415,valid
DE_1010,2026-06-04 07:30:00,0.284,valid
DE_1010,2026-06-04 07:45:00,0.294,valid
DE_1010,2026-06-04 08:00:00,0.347,valid
DE_1010,2026-06-04 08:15:00,0.345,valid
DE_1010,2026-06-04 08:30:00,0.328,valid
DE_1010,2026-06-04 08:45:00,0.307,valid
DE_1010,2026-06-04 09:00:00,0.169,valid
DE_1010,2026-06-04 09:15:00,0.386,valid
DE_1010,2026-06-04 09:30:00,0.256,valid
DE_1010,2026-06-04 09:45:00,0.329,valid
DE_1010,2026-06-04 10:00:00,0.257,valid
DE_1010,2026-06-04 10:15:00,0.223,valid
DE_1010,2026-06-04 10:30:00,0.237,valid
DE_1010,2026-06-04 10:45:00,0.242,valid
DE_1010,2026-06-04 11:00:00,0.308,valid
DE_1010,2026-06-04 11:15:00,0.16,valid
DE_1010,2026-06-04 11:30:00,0.245,valid
DE_1010,2026-06-04 11:45:00,0.315,valid
DE_1010,2026-06-04 12:00:00,0.175,valid
DE_1010,2026-06-04 12:15:00,0.202,valid
DE_1010,2026-06-04 12:30:00,0.141,valid
DE_1010,2026-06-04 12:45:00,0.282,valid
DE_1010,2026-06-04 13:00:00,0.168,valid
DE_1010,2026-06-04 13:15:00,0.257,valid
DE_1010,2026-06-04 13:30:00,0.127,valid
DE_1010,2026-06-04 13:45:00,0.182,valid
DE_1010,2026-06-04 14:00:00,0.261,valid
DE_1010,2026-06-04 14:15:00,0.194,valid
DE_1010,2026-06-04 14:30:00,0.237,valid
DE_1010,2026-06-04 14:45:00,0.183,valid
DE_1010,2026-06-04 15:00:00,0.279,valid
DE_1010,2026-06-04 15:15:00,0.216,valid
DE_1010,2026-06-04 15:30:00,0.222,valid
DE_1010,2026-06-04 15:45:00,0.288,valid
DE_1010,2026-06-04 16:00:00,0.205,valid
DE_1010,2026-06-04 16:15:00,0.332,valid
DE_1010,2026-06-04 16:30:00,0.259,valid
DE_1010,2026-06-04 16:45:00,0.38,valid
DE_1010,2026-06-04 17:00:00,0.299,valid
DE_1010,2026-06-04 17:30:00,0.33,valid
DE_1010,2026-06-04 17:45:00,0.375,valid
DE_1010,2026-06-04 18:00:00,0.228,valid
DE_1010,2026-06-04 18:15:00,0.318,valid
DE_1010,2026-06-04 18:30:00,0.413,valid
DE_1010,2026-06-04 18:45:00,0.298,valid
DE_1010,2026-06-04 19:00:00,0.314,valid
DE_1010,2026-06-04 19:15:00,0.295,valid
DE_1010,2026-06-04 19:30:00,0.358,valid
DE_1010,2026-06-04 19:45:00,0.312,valid
DE_1010,2026-06-04 20:00:00,0.422,valid
DE_1010,2026-06-04 20:15:00,0.325,valid
DE_1010,2026-06-04 20:30:00,0.376,valid
DE_1010,2026-06-04 20:45:00,0.39,valid
DE_1010,2026-06-04 21:00:00,0.395,valid
DE_1010,2026-06-04 21:15:00,0.413,valid
DE_1010,2026-06-04 21:30:00,0.377,valid
DE_1010,2026-06-04 21:45:00,0.381,valid
DE_1010,2026-06-04 22:00:00,0.511,valid
DE_1010,2026-06-04 22:15:00,0.471,valid
DE_1010,2026-06-04 22:30:00,0.471,valid
DE_1010,2026-06-04 22:45:00,0.503,valid
DE_1010,2026-06-04 23:15:00,0.46,valid
DE_1010,2026-06-04 23:30:00,0.504,valid
DE_1010,2026-06-04 23:45:00,0.463,valid
DE_1010,2026-06-05 00:00:00,0.587,valid
DE_1010,2026-06-05 00:15:00,0.51,valid
DE_1010,2026-06-05 00:30:00,0.502,valid
DE_1010,2026-06-05 00:45:00,0.578,valid
DE_1010,2026-06-05 01:00:00,0.516,valid
DE_1010,2026-06-05 01:15:00,0.44,valid
DE_1010,2026-06-05 01:30:00,0.499,valid
DE_1010,2026-06-05 01:45:00,0.411,valid
DE_1010,2026-06-05 02:00:00,0.438,valid
DE_1010,2026-06-05 02:15:00,0.459,valid
DE_1010,2026-06-05 02:30:00,0.457,valid
DE_1010,2026-06-05 02:45:00,0.442,valid
DE_1010,2026-06-05 03:00:00,0.377,valid
DE_1010,2026-06-05 03:15:00,0.445,valid
DE_1010,2026-06-05 03:30:00,0.453,valid
DE_1010,2026-06-05 03:45:00,0.391,valid
DE_1010,2026-06-05 04:00:00,0.399,valid
DE_1010,2026-06-05 04:15:00,0.425,valid
DE_1010,2026-06-05 04:30:00,0.425,valid
DE_1010,2026-06-05 04:45:00,0.418,valid
DE_1010,2026-06-05 05:00:00,0.399,valid
DE_1010,2026-06-05 05:15:00,0.405,valid
DE_1010,2026-06-05 05:30:00,0.411,valid
DE_1010,2026-06-05 05:45:00,0.398,valid
DE_1010,2026-06-05 06:00:00,0.325,valid
DE_1010,2026-06-05 06:15:00,0.367,valid
DE_1010,2026-06-05 06:30:00,0.317,valid
DE_1010,2026-06-05 06:45:00,0.321,valid
DE_1010,2026-06-05 07:00:00,0.342,valid
DE_1010,2026-06-05 07:15:00,0.328,valid
DE_1010,2026-06-05 07:30:00,0.291,valid
DE_1010,2026-06-05 07:45:00,0.353,valid
DE_1010,2026-06-05 08:00:00,0.262,valid
DE_1010,2026-06-05 08:15:00,0.323,valid
DE_1010,2026-06-05 08:30:00,0.233,valid
DE_1010,2026-06-05 08:45:00,0.366,valid
DE_1010,2026-06-05 09:00:00,0.299,valid
DE_1010,2026-06-05 09:15:00,0.298,valid
DE_1010,2026-06-05 09:30:00,0.276,valid
DE_1010,2026-06-05 09:45:00,0.209,valid
DE_1010,2026-06-05 10:00:00,0.167,valid
DE_1010,2026-06-05 10:15:00,0.254,valid
DE_1010,2026-06-05 10:30:00,0.231,valid
DE_1010,2026-06-05 10:45:00,0.266,valid
DE_1010,2026-06-05 11:00:00,0.277,valid
DE_1010,2026-06-05 11:15:00,0.246,valid
DE_1010,2026-06-05 11:30:00,0.177,valid
DE_1010,2026-06-05 11:45:00,0.257,valid
DE_1010,2026-06-05 12:00:00,0.17,valid
DE_1010,2026-06-05 12:15:00,0.22,valid
DE_1010,2026-06-05 12:30:00,0.23,valid
DE_1010,2026-06-05 12:45:00,0.174,valid
DE_1010,2026-06-05 13:00:00,0.298,valid
DE_1010,2026-06-05 13:15:00,0.208,valid
DE_1010,2026-06-05 13:30:00,0.226,valid
DE_1010,2026-06-05 13:45:00,0.289,valid
DE_1010,2026-06-05 14:00:00,0.259,valid
DE_1010,2026-06-05 14:15:00,0.208,valid
DE_1010,2026-06-05 14:30:00,0.233,valid
DE_1010,2026-06-05 14:45:00,0.262,valid
DE_1010,2026-06-05 15:00:00,0.253,valid
DE_1010,2026-06-05 15:15:00,0.25,valid
DE_1010,2026-06-05 15:30:00,0.322,valid
DE_1010,2026-06-05 15:45:00,0.265,valid
DE_1010,2026-06-05 16:00:00,0.387,valid
DE_1010,2026-06-05 16:15:00,0.292,valid
DE_1010,2026-06-05 16:30:00,0.249,valid
DE_1010,2026-06-05 16:45:00,0.288,valid
DE_1010,2026-06-05 17:00:00,0.372,valid
DE_1010,2026-06-05 17:15:00,0.296,valid
DE_1010,2026-06-05 17:30:00,0.381,valid
DE_1010,2026-06-05 17:45:00,0.325,valid
DE_1010,2026-06-05 18:00:00,0.37,valid
DE_1010,2026-06-05 18:15:00,0.314,valid
DE_1010,2026-06-05 18:30:00,0.352,valid
DE_1010,2026-06-05 18:45:00,0.35,valid
DE_1010,2026-06-05 19:00:00,0.427,valid
DE_1010,2026-06-05 19:15:00,0.352,valid
DE_1010,2026-06-05 19:30:00,0.297,valid
DE_1010,2026-06-05 19:45:00,0.32,valid
DE_1010,2026-06-05 20:00:00,0.366,valid
DE_1010,2026-06-05 20:15:00,0.432,valid
DE_1010,2026-06-05 20:30:00,0.355,valid
DE_1010,2026-06-05 20:45:00,0.351,valid
DE_1010,2026-06-05 21:00:00,0.41,valid
DE_1010,2026-06-05 21:15:00,0.424,valid
DE_1010,2026-06-05 21:30:00,0.421,valid
DE_1010,2026-06-05 21:45:00,0.361,valid
DE_1010,2026-06-05 22:00:00,0.434,valid
DE_1010,2026-06-05 22:15:00,0.498,valid
DE_1010,2026-06-05 22:30:00,0.47,valid
DE_1010,2026-06-05 22:45:00,0.469,valid
DE_1010,2026-06-05 23:00:00,0.437,valid
DE_1010,2026-06-05 23:15:00,0.461,valid
DE_1010,2026-06-05 23:30:00,0.413,valid
DE_1010,2026-06-05 23:45:00,0.503,valid
DE_1010,2026-06-06 00:00:00,0.542,valid
DE_1010,2026-06-06 00:15:00,0.488,valid
DE_1010,2026-06-06 00:30:00,0.481,valid
DE_1010,2026-06-06 00:45:00,0.458,valid
DE_1010,2026-06-06 01:00:00,0.469,valid
DE_1010,2026-06-06 01:15:00,0.558,valid
DE_1010,2026-06-06 01:30:00,0.439,valid
DE_1010,2026-06-06 01:45:00,0.486,valid
DE_1010,2026-06-06 02:00:00,0.495,valid
DE_1010,2026-06-06 02:15:00,0.445,valid
DE_1010,2026-06-06 02:30:00,0.385,valid
DE_1010,2026-06-06 02:45:00,0.467,valid
DE_1010,2026-06-06 03:00:00,0.501,valid
DE_1010,2026-06-06 03:15:00,0.433,valid
DE_1010,2026-06-06 03:30:00,0.423,valid
DE_1010,2026-06-06 03:45:00,0.422,valid
DE_1010,2026-06-06 04:00:00,0.294,valid
DE_1010,2026-06-06 04:15:00,0.416,valid
DE_1010,2026-06-06 04:30:00,0.376,valid
DE_1010,2026-06-06 04:45:00,0.354,valid
DE_1010,2026-06-06 05:00:00,0.437,valid
DE_1010,2026-06-06 05:15:00,0.327,valid
DE_1010,2026-06-06 05:30:00,0.38,valid
DE_1010,2026-06-06 05:45:00,0.313,valid
DE_1010,2026-06-06 06:00:00,0.367,valid
DE_1010,2026-06-06 06:15:00,0.28,valid
DE_1010,2026-06-06 06:30:00,0.361,valid
DE_1010,2026-06-06 06:45:00,0.356,valid
DE_1010,2026-06-06 07:00:00,0.362,valid
DE_1010,2026-06-06 07:15:00,0.26,valid
DE_1010,2026-06-06 07:30:00,0.303,valid
DE_1010,2026-06-06 07:45:00,0.284,valid
DE_1010,2026-06-06 08:00:00,0.336,valid
DE_1010,2026-06-06 08:15:00,0.213,valid
DE_1010,2026-06-06 08:30:00,0.28,valid
DE_1010,2026-06-06 08:45:00,0.324,valid
DE_1010,2026-06-06 09:00:00,0.284,valid
DE_1010,2026-06-06 09:15:00,0.198,valid
DE_1010,2026-06-06 09:30:00,0.331,valid
DE_1010,2026-06-06 09:45:00,0.278,valid
DE_1010,2026-06-06 10:00:00,0.3,valid
DE_1010,2026-06-06 10:15:00,0.229,valid
DE_1010,2026-06-06 10:30:00,0.252,valid
DE_1010,2026-06-06 10:45:00,0.26,valid
DE_1010,2026-06-06 11:00:00,0.203,valid
DE_1010,2026-06-06 11:15:00,0.336,valid
DE_1010,2026-06-06 11:30:00,0.211,valid
DE_1010,2026-06-06 11:45:00,0.242,valid
DE_1010,2026-06-06 12:00:00,0.168,valid
DE_1010,2026-06-06 12:15:00,0.172,valid
DE_1010,2026-06-06 12:30:00,0.193,valid
DE_1010,2026-06-06 12:45:00,0.164,valid
DE_1010,2026-06-06 13:00:00,0.178,valid
DE_1010,2026-06-06 13:15:00,0.227,valid
DE_1010,2026-06-06 13:30:00,0.204,valid
DE_1010,2026-06-06 13:45:00,0.331,valid
DE_1010,2026-06-06 14:00:00,0.241,valid
DE_1010,2026-06-06 14:15:00,0.217,valid
DE_1010,2026-06-06 14:30:00,0.281,valid
DE_1010,2026-06-06 14:45:00,0.337,valid
DE_1010,2026-06-06 15:00:00,0.195,valid
DE_1010,2026-06-06 15:15:00,0.336,valid
DE_1010,2026-06-06 15:30:00,0.222,valid
DE_1010,2026-06-06 15:45:00,0.25,valid
DE_1010,2026-06-06 16:00:00,0.23,valid
DE_1010,2026-06-06 16:00:00,0.23,valid
DE_1010,2026-06-06 16:15:00,0.277,valid
DE_1010,2026-06-06 16:30:00,0.231,valid
DE_1010,2026-06-06 16:45:00,0.27,valid
DE_1010,2026-06-06 17:00:00,0.308,valid
DE_1010,2026-06-06 17:15:00,0.318,valid
DE_1010,2026-06-06 17:30:00,0.338,valid
DE_1010,2026-06-06 17:45:00,0.338,valid
DE_1010,2026-06-06 18:00:00,0.346,valid
DE_1010,2026-06-06 18:15:00,0.415,valid
DE_1010,2026-06-06 18:30:00,0.358,valid
DE_1010,2026-06-06 18:45:00,0.41,valid
DE_1010,2026-06-06 19:00:00,0.382,valid
DE_1010,2026-06-06 19:15:00,0.343,valid
DE_1010,2026-06-06 19:30:00,0.307,valid
DE_1010,2026-06-06 19:45:00,0.235,valid
DE_1010,2026-06-06 20:00:00,0.378,valid
DE_1010,2026-06-06 20:15:00,0.342,valid
DE_1010,2026-06-06 20:30:00,0.399,valid
DE_1010,2026-06-06 20:45:00,0.464,valid
DE_1010,2026-06-06 21:00:00,0.312,valid
DE_1010,2026-06-06 21:15:00,0.459,valid
DE_1010,2026-06-06 21:30:00,0.349,valid
DE_1010,2026-06-06 21:45:00,0.332,valid
DE_1010,2026-06-06 22:00:00,0.562,valid
DE_1010,2026-06-06 22:15:00,0.488,valid
DE_1010,2026-06-06 22:30:00,0.301,valid
DE_1010,2026-06-06 22:45:00,0.517,valid
DE_1010,2026-06-06 23:00:00,0.464,valid
DE_1010,2026-06-06 23:15:00,0.55,valid
DE_1010,2026-06-06 23:30:00,0.429,valid
DE_1010,2026-06-06 23:45:00,0.485,valid
DE_1010,2026-06-07 00:00:00,0.506,valid
DE_1010,2026-06-07 00:15:00,0.396,valid
DE_1010,2026-06-07 00:30:00,0.506,valid
DE_1010,2026-06-07 00:45:00,0.54,valid
DE_1010,2026-06-07 01:00:00,0.427,valid
DE_1010,2026-06-07 01:15:00,0.501,valid
DE_1010,2026-06-07 01:30:00,0.508,valid
DE_1010,2026-06-07 01:45:00,0.476,valid
DE_1010,2026-06-07 02:00:00,0.507,valid
DE_1010,2026-06-07 02:15:00,0.482,valid
DE_1010,2026-06-07 02:30:00,0.531,valid
DE_1010,2026-06-07 02:45:00,0.463,valid
DE_1010,2026-06-07 03:00:00,0.477,valid
DE_1010,2026-06-07 03:15:00,0.418,valid
DE_1010,2026-06-07 03:30:00,0.459,valid
DE_1010,2026-06-07 03:45:00,0.442,valid
DE_1010,2026-06-07 04:00:00,0.422,valid
DE_1010,2026-06-07 04:15:00,0.437,valid
DE_1010,2026-06-07 04:30:00,0.384,valid
DE_1010,2026-06-07 04:45:00,0.384,valid
DE_1010,2026-06-07 05:00:00,0.285,valid
DE_1010,2026-06-07 05:15:00,0.386,valid
DE_1010,2026-06-07 05:30:00,0.316,valid
DE_1010,2026-06-07 05:45:00,0.336,valid
DE_1010,2026-06-07 06:00:00,0.331,valid
DE_1010,2026-06-07 06:15:00,0.383,valid
DE_1010,2026-06-07 06:30:00,0.379,valid
DE_1010,2026-06-07 06:45:00,0.373,valid
DE_1010,2026-06-07 07:00:00,0.316,valid
DE_1010,2026-06-07 07:15:00,0.339,valid
DE_1010,2026-06-07 07:30:00,0.28,valid
DE_1010,2026-06-07 07:45:00,0.402,valid
DE_1010,2026-06-07 08:00:00,0.381,valid
DE_1010,2026-06-07 08:15:00,0.27,valid
DE_1010,2026-06-07 08:30:00,0.238,valid
DE_1010,2026-06-07 08:45:00,0.242,valid
DE_1010,2026-06-07 09:00:00,0.229,valid
DE_1010,2026-06-07 09:15:00,0.228,valid
DE_1010,2026-06-07 09:30:00,0.29,valid
DE_1010,2026-06-07 09:45:00,0.284,valid
DE_1010,2026-06-07 10:00:00,0.292,valid
DE_1010,2026-06-07 10:15:00,0.259,valid
DE_1010,2026-06-07 10:30:00,0.261,valid
DE_1010,2026-06-07 10:45:00,0.235,valid
DE_1010,2026-06-07 11:00:00,0.303,valid
DE_1010,2026-06-07 11:15:00,0.306,valid
DE_1010,2026-06-07 11:30:00,0.185,valid
DE_1010,2026-06-07 11:45:00,0.24,valid
DE_1010,2026-06-07 12:00:00,0.187,valid
DE_1010,2026-06-07 12:15:00,0.187,valid
DE_1010,2026-06-07 12:30:00,0.172,valid
DE_1010,2026-06-07 12:45:00,0.143,valid
DE_1010,2026-06-07 13:00:00,0.211,valid
DE_1010,2026-06-07 13:15:00,0.272,valid
DE_1010,2026-06-07 13:30:00,0.294,valid
DE_1010,2026-06-07 13:45:00,0.272,valid
DE_1010,2026-06-07 14:00:00,0.257,valid
DE_1010,2026-06-07 14:30:00,0.246,valid
DE_1010,2026-06-07 14:45:00,0.244,valid
DE_1010,2026-06-07 15:00:00,0.209,valid
DE_1010,2026-06-07 15:15:00,0.334,valid
DE_1010,2026-06-07 15:30:00,0.326,valid
DE_1010,2026-06-07 15:45:00,0.227,valid
DE_1010,2026-06-07 16:00:00,0.237,valid
DE_1010,2026-06-07 16:15:00,0.4,valid
DE_1010,2026-06-07 16:30:00,0.311,valid
DE_1010,2026-06-07 16:45:00,0.246,valid
DE_1010,2026-06-07 17:00:00,0.31,valid
DE_1010,2026-06-07 17:15:00,0.354,valid
DE_1010,2026-06-07 17:30:00,0.379,valid
DE_1010,2026-06-07 17:45:00,0.365,valid
DE_1010,2026-06-07 18:00:00,0.43,valid
DE_1010,2026-06-07 18:15:00,0.386,valid
DE_1010,2026-06-07 18:30:00,0.373,valid
DE_1010,2026-06-07 18:45:00,0.411,valid
DE_1010,2026-06-07 19:00:00,0.35,valid
DE_1010,2026-06-07 19:15:00,0.346,valid
DE_1010,2026-06-07 19:30:00,0.304,valid
DE_1010,2026-06-07 19:45:00,0.413,valid
DE_1010,2026-06-07 20:00:00,0.365,valid
DE_1010,2026-06-07 20:15:00,0.413,valid
DE_1010,2026-06-07 20:30:00,0.405,valid
DE_1010,2026-06-07 20:45:00,0.383,valid
DE_1010,2026-06-07 21:00:00,0.405,valid
DE_1010,2026-06-07 21:15:00,0.475,valid
DE_1010,2026-06-07 21:30:00,0.506,valid
DE_1010,2026-06-07 21:45:00,0.404,valid
DE_1010,2026-06-07 22:00:00,0.411,valid
DE_1010,2026-06-07 22:15:00,0.546,valid
DE_1010,2026-06-07 22:30:00,0.455,valid
DE_1010,2026-06-07 22:45:00,0.422,valid
DE_1010,2026-06-07 23:00:00,0.458,valid
DE_1010,2026-06-07 23:15:00,0.518,valid
DE_1010,2026-06-07 23:30:00,0.471,valid
DE_1010,2026-06-07 23:45:00,0.48,valid
DE_1011,2026-06-01 00:00:00,0.436,valid
DE_1011,2026-06-01 00:15:00,0.461,valid
DE_1011,2026-06-01 00:30:00,0.556,valid
DE_1011,2026-06-01 00:45:00,0.521,valid
DE_1011,2026-06-01 01:00:00,0.525,valid
DE_1011,2026-06-01 01:15:00,0.39,valid
DE_1011,2026-06-01 01:30:00,0.446,valid
DE_1011,2026-06-01 01:45:00,0.491,valid
DE_1011,2026-06-01 02:00:00,0.484,valid
DE_1011,2026-06-01 02:15:00,0.554,valid
DE_1011,2026-06-01 02:30:00,0.46,valid
DE_1011,2026-06-01 02:45:00,0.405,valid
DE_1011,2026-06-01 03:00:00,0.387,valid
DE_1011,2026-06-01 03:15:00,0.358,valid
DE_1011,2026-06-01 03:30:00,0.492,valid
DE_1011,2026-06-01 03:45:00,0.417,valid
DE_1011,2026-06-01 04:00:00,0.368,valid
DE_1011,2026-06-01 04:15:00,0.457,valid
DE_1011,2026-06-01 04:30:00,0.467,valid
DE_1011,2026-06-01 04:45:00,0.384,valid
DE_1011,2026-06-01 05:00:00,0.349,valid
DE_1011,2026-06-01 05:15:00,0.39,valid
DE_1011,2026-06-01 05:45:00,0.4,valid
DE_1011,2026-06-01 06:00:00,0.384,valid
DE_1011,2026-06-01 06:15:00,0.359,valid
DE_1011,2026-06-01 06:30:00,0.386,valid
DE_1011,2026-06-01 06:45:00,0.351,valid
DE_1011,2026-06-01 07:00:00,0.334,valid
DE_1011,2026-06-01 07:15:00,0.394,valid
DE_1011,2026-06-01 07:30:00,0.331,valid
DE_1011,2026-06-01 07:45:00,0.406,valid
DE_1011,2026-06-01 08:00:00,0.343,valid
DE_1011,2026-06-01 08:15:00,0.287,valid
DE_1011,2026-06-01 08:30:00,0.298,valid
DE_1011,2026-06-01 08:45:00,0.266,valid
DE_1011,2026-06-01 09:00:00,0.336,valid
DE_1011,2026-06-01 09:15:00,0.414,valid
DE_1011,2026-06-01 09:30:00,0.262,valid
DE_1011,2026-06-01 09:45:00,0.29,valid
DE_1011,2026-06-01 10:00:00,0.274,valid
DE_1011,2026-06-01 10:15:00,0.255,valid
DE_1011,2026-06-01 10:30:00,0.242,valid
DE_1011,2026-06-01 10:45:00,0.282,valid
DE_1011,2026-06-01 11:00:00,0.152,valid
DE_1011,2026-06-01 11:15:00,0.181,valid
DE_1011,2026-06-01 11:30:00,0.237,valid
DE_1011,2026-06-01 11:45:00,0.228,valid
DE_1011,2026-06-01 12:00:00,0.21,valid
DE_1011,2026-06-01 12:15:00,0.229,valid
DE_1011,2026-06-01 12:30:00,0.26,valid
DE_1011,2026-06-01 12:45:00,0.147,valid
DE_1011,2026-06-01 13:00:00,0.191,valid
DE_1011,2026-06-01 13:15:00,0.279,valid
DE_1011,2026-06-01 13:30:00,0.23,valid
DE_1011,2026-06-01 13:45:00,0.234,valid
DE_1011,2026-06-01 14:00:00,0.311,valid
DE_1011,2026-06-01 14:15:00,0.158,valid
DE_1011,2026-06-01 14:30:00,0.325,valid
DE_1011,2026-06-01 14:45:00,0.26,valid
DE_1011,2026-06-01 15:00:00,0.211,valid
DE_1011,2026-06-01 15:15:00,0.336,valid
DE_1011,2026-06-01 15:30:00,0.365,valid
DE_1011,2026-06-01 15:45:00,0.35,valid
DE_1011,2026-06-01 16:00:00,0.287,valid
DE_1011,2026-06-01 16:15:00,0.335,valid
DE_1011,2026-06-01 16:30:00,0.327,valid
DE_1011,2026-06-01 16:45:00,0.232,valid
DE_1011,2026-06-01 17:00:00,0.453,valid
DE_1011,2026-06-01 17:15:00,0.275,valid
DE_1011,2026-06-01 17:30:00,0.428,valid
DE_1011,2026-06-01 17:45:00,0.324,valid
DE_1011,2026-06-01 18:00:00,0.363,valid
DE_1011,2026-06-01 18:15:00,0.337,valid
DE_1011,2026-06-01 18:30:00,0.42,valid
DE_1011,2026-06-01 18:45:00,0.439,valid
DE_1011,2026-06-01 19:00:00,0.384,valid
DE_1011,2026-06-01 19:15:00,0.344,valid
DE_1011,2026-06-01 19:30:00,0.34,valid
DE_1011,2026-06-01 19:45:00,0.409,valid
DE_1011,2026-06-01 20:00:00,0.289,valid
DE_1011,2026-06-01 20:15:00,0.32,valid
DE_1011,2026-06-01 20:30:00,0.401,valid
DE_1011,2026-06-01 20:45:00,0.415,valid
DE_1011,2026-06-01 21:00:00,0.401,valid
DE_1011,2026-06-01 21:15:00,0.403,valid
DE_1011,2026-06-01 21:30:00,0.339,valid
DE_1011,2026-06-01 21:45:00,0.405,valid
DE_1011,2026-06-01 22:00:00,0.442,valid
DE_1011,2026-06-01 22:15:00,0.465,valid
DE_1011,2026-06-01 22:30:00,0.479,valid
DE_1011,2026-06-01 22:45:00,0.353,valid
DE_1011,2026-06-01 23:00:00,0.553,valid
DE_1011,2026-06-01 23:15:00,0.369,valid
DE_1011,2026-06-01 23:30:00,0.501,valid
DE_1011,2026-06-01 23:45:00,0.452,valid
DE_1011,2026-06-02 00:00:00,0.549,valid
DE_1011,2026-06-02 00:15:00,0.528,valid
DE_1011,2026-06-02 00:30:00,0.491,valid
DE_1011,2026-06-02 00:45:00,0.484,valid
DE_1011,2026-06-02 01:00:00,0.392,valid
DE_1011,2026-06-02 01:15:00,0.47,valid
DE_1011,2026-06-02 01:30:00,0.438,valid
DE_1011,2026-06-02 01:45:00,0.428,valid
DE_1011,2026-06-02 02:00:00,0.394,valid
DE_1011,2026-06-02 02:15:00,0.45,valid
DE_1011,2026-06-02 02:30:00,0.429,valid
DE_1011,2026-06-02 02:45:00,0.494,valid
DE_1011,2026-06-02 03:00:00,0.398,valid
DE_1011,2026-06-02 03:15:00,0.35,valid
DE_1011,2026-06-02 03:30:00,0.385,valid
DE_1011,2026-06-02 03:45:00,0.426,valid
DE_1011,2026-06-02 04:00:00,0.308,valid
DE_1011,2026-06-02 04:15:00,0.466,valid
DE_1011,2026-06-02 04:30:00,0.388,valid
DE_1011,2026-06-02 04:45:00,0.393,valid
DE_1011,2026-06-02 05:00:00,0.381,valid
DE_1011,2026-06-02 05:15:00,0.408,valid
DE_1011,2026-06-02 05:30:00,0.408,valid
DE_1011,2026-06-02 05:45:00,0.337,valid
DE_1011,2026-06-02 06:00:00,0.314,valid
DE_1011,2026-06-02 06:15:00,0.448,valid
DE_1011,2026-06-02 06:30:00,0.245,valid
DE_1011,2026-06-02 06:45:00,0.299,valid
DE_1011,2026-06-02 07:00:00,0.281,valid
DE_1011,2026-06-02 07:15:00,0.37,valid
DE_1011,2026-06-02 07:30:00,0.339,valid
DE_1011,2026-06-02 07:45:00,0.341,valid
DE_1011,2026-06-02 08:00:00,0.256,valid
DE_1011,2026-06-02 08:15:00,0.316,valid
DE_1011,2026-06-02 08:30:00,0.252,valid
DE_1011,2026-06-02 08:45:00,0.272,valid
DE_1011,2026-06-02 09:00:00,0.237,valid
DE_1011,2026-06-02 09:15:00,0.239,valid
DE_1011,2026-06-02 09:30:00,0.225,valid
DE_1011,2026-06-02 09:45:00,0.285,valid
DE_1011,2026-06-02 10:00:00,0.265,valid
DE_1011,2026-06-02 10:15:00,0.209,valid
DE_1011,2026-06-02 10:30:00,0.227,valid
DE_1011,2026-06-02 10:45:00,0.271,valid
DE_1011,2026-06-02 11:00:00,0.232,valid
DE_1011,2026-06-02 11:15:00,0.297,valid
DE_1011,2026-06-02 11:30:00,0.212,valid
DE_1011,2026-06-02 11:45:00,0.241,valid
DE_1011,2026-06-02 12:00:00,0.233,valid
DE_1011,2026-06-02 12:15:00,0.15,valid
DE_1011,2026-06-02 12:30:00,0.146,valid
DE_1011,2026-06-02 12:45:00,0.131,valid
DE_1011,2026-06-02 13:00:00,0.245,valid
DE_1011,2026-06-02 13:15:00,0.215,valid
DE_1011,2026-06-02 13:30:00,0.238,valid
DE_1011,2026-06-02 13:45:00,0.231,valid
DE_1011,2026-06-02 14:00:00,0.26,valid
DE_1011,2026-06-02 14:15:00,0.281,valid
DE_1011,2026-06-02 14:30:00,0.23,valid
DE_1011,2026-06-02 14:45:00,0.287,valid
DE_1011,2026-06-02 15:00:00,0.305,valid
DE_1011,2026-06-02 15:00:00,0.305,valid
DE_1011,2026-06-02 15:15:00,0.205,valid
DE_1011,2026-06-02 15:30:00,0.263,valid
DE_1011,2026-06-02 15:45:00,0.352,valid
DE_1011,2026-06-02 16:00:00,0.479,valid
DE_1011,2026-06-02 16:15:00,0.298,valid
DE_1011,2026-06-02 16:30:00,0.301,valid
DE_1011,2026-06-02 16:45:00,0.218,valid
DE_1011,2026-06-02 17:00:00,0.331,valid
DE_1011,2026-06-02 17:15:00,0.322,valid
DE_1011,2026-06-02 17:30:00,0.297,valid
DE_1011,2026-06-02 17:45:00,0.413,valid
DE_1011,2026-06-02 18:00:00,0.361,valid
DE_1011,2026-06-02 18:15:00,0.3,valid
DE_1011,2026-06-02 18:30:00,0.295,valid
DE_1011,2026-06-02 18:45:00,0.387,valid
DE_1011,2026-06-02 19:00:00,0.343,valid
DE_1011,2026-06-02 19:15:00,0.328,valid
DE_1011,2026-06-02 19:30:00,0.291,valid
DE_1011,2026-06-02 19:45:00,0.368,valid
DE_1011,2026-06-02 20:00:00,0.43,valid
DE_1011,2026-06-02 20:15:00,0.441,valid
DE_1011,2026-06-02 20:30:00,0.412,valid
DE_1011,2026-06-02 20:45:00,0.482,valid
DE_1011,2026-06-02 21:00:00,0.366,valid
DE_1011,2026-06-02 21:15:00,0.435,valid
DE_1011,2026-06-02 21:30:00,0.444,valid
DE_1011,2026-06-02 21:45:00,0.343,valid
DE_1011,2026-06-02 22:00:00,0.44,valid
DE_1011,2026-06-02 22:15:00,0.395,valid
DE_1011,2026-06-02 22:30:00,0.461,valid
DE_1011,2026-06-02 22:45:00,0.408,valid
DE_1011,2026-06-02 23:00:00,0.508,valid
DE_1011,2026-06-02 23:15:00,0.554,valid
DE_1011,2026-06-02 23:30:00,0.464,valid
DE_1011,2026-06-02 23:45:00,0.443,valid
DE_1011,2026-06-03 00:00:00,0.439,valid
DE_1011,2026-06-03 00:15:00,0.52,valid
DE_1011,2026-06-03 00:30:00,0.454,valid
DE_1011,2026-06-03 00:45:00,0.546,valid
DE_1011,2026-06-03 01:00:00,0.558,valid
DE_1011,2026-06-03 01:15:00,0.561,valid
DE_1011,2026-06-03 01:30:00,0.566,valid
DE_1011,2026-06-03 01:45:00,0.481,valid
DE_1011,2026-06-03 02:00:00,0.473,valid
DE_1011,2026-06-03 02:15:00,0.411,valid
DE_1011,2026-06-03 02:30:00,0.384,valid
DE_1011,2026-06-03 02:45:00,0.487,valid
DE_1011,2026-06-03 03:00:00,0.354,valid
DE_1011,2026-06-03 03:15:00,0.475,valid
DE_1011,2026-06-03 03:30:00,0.382,valid
DE_1011,2026-06-03 03:45:00,0.415,valid
DE_1011,2026-06-03 04:00:00,0.487,valid
DE_1011,2026-06-03 04:15:00,0.413,valid
DE_1011,2026-06-03 04:30:00,0.425,valid
DE_1011,2026-06-03 04:45:00,0.386,valid
DE_1011,2026-06-03 05:00:00,0.418,valid
DE_1011,2026-06-03 05:15:00,0.362,valid
DE_1011,2026-06-03 05:30:00,0.328,valid
DE_1011,2026-06-03 05:45:00,0.326,valid
DE_1011,2026-06-03 06:00:00,0.272,valid
DE_1011,2026-06-03 06:15:00,0.287,valid
DE_1011,2026-06-03 06:30:00,0.384,valid
DE_1011,2026-06-03 06:45:00,0.346,valid
DE_1011,2026-06-03 07:00:00,0.277,valid
DE_1011,2026-06-03 07:15:00,0.364,valid
DE_1011,2026-06-03 07:30:00,0.334,valid
DE_1011,2026-06-03 07:45:00,0.347,valid
DE_1011,2026-06-03 08:00:00,0.25,valid
DE_1011,2026-06-03 08:15:00,0.277,valid
DE_1011,2026-06-03 08:30:00,0.317,valid
DE_1011,2026-06-03 08:45:00,0.286,valid
DE_1011,2026-06-03 09:00:00,0.325,valid
DE_1011,2026-06-03 09:15:00,0.314,valid
DE_1011,2026-06-03 09:30:00,0.35,valid
DE_1011,2026-06-03 09:45:00,0.29,valid
DE_1011,2026-06-03 10:00:00,0.218,valid
DE_1011,2026-06-03 10:15:00,0.252,valid
DE_1011,2026-06-03 10:30:00,0.366,valid
DE_1011,2026-06-03 10:45:00,0.304,valid
DE_1011,2026-06-03 11:00:00,0.217,valid
DE_1011,2026-06-03 11:15:00,0.261,valid
DE_1011,2026-06-03 11:30:00,0.215,valid
DE_1011,2026-06-03 11:45:00,0.209,valid
DE_1011,2026-06-03 12:00:00,0.257,valid
DE_1011,2026-06-03 12:15:00,0.221,valid
DE_1011,2026-06-03 12:30:00,0.247,valid
DE_1011,2026-06-03 12:45:00,0.287,valid
DE_1011,2026-06-03 13:00:00,0.2,valid
DE_1011,2026-06-03 13:15:00,0.241,valid
DE_1011,2026-06-03 13:30:00,0.273,valid
DE_1011,2026-06-03 13:45:00,0.265,valid
DE_1011,2026-06-03 14:00:00,0.231,valid
DE_1011,2026-06-03 14:15:00,0.253,valid
DE_1011,2026-06-03 14:30:00,0.346,valid
DE_1011,2026-06-03 14:45:00,0.222,valid
DE_1011,2026-06-03 15:00:00,0.298,valid
DE_1011,2026-06-03 15:15:00,0.3,valid
DE_1011,2026-06-03 15:30:00,0.203,valid
DE_1011,2026-06-03 15:45:00,0.307,valid
DE_1011,2026-06-03 16:00:00,0.233,valid
DE_1011,2026-06-03 16:15:00,0.311,valid
DE_1011,2026-06-03 16:30:00,0.362,valid
DE_1011,2026-06-03 16:45:00,0.275,valid
DE_1011,2026-06-03 17:00:00,0.249,valid
DE_1011,2026-06-03 17:15:00,0.324,valid
DE_1011,2026-06-03 17:30:00,0.324,valid
DE_1011,2026-06-03 17:45:00,0.331,valid
DE_1011,2026-06-03 18:00:00,0.361,valid
DE_1011,2026-06-03 18:15:00,0.364,valid
DE_1011,2026-06-03 18:30:00,0.277,valid
DE_1011,2026-06-03 18:45:00,0.404,valid
DE_1011,2026-06-03 19:00:00,0.267,valid
DE_1011,2026-06-03 19:15:00,0.357,valid
DE_1011,2026-06-03 19:30:00,0.415,valid
DE_1011,2026-06-03 19:45:00,0.337,valid
DE_1011,2026-06-03 20:00:00,0.327,valid
DE_1011,2026-06-03 20:15:00,0.362,valid
DE_1011,2026-06-03 20:30:00,0.376,valid
DE_1011,2026-06-03 20:45:00,0.5,valid
DE_1011,2026-06-03 21:00:00,0.35,valid
DE_1011,2026-06-03 21:15:00,0.446,valid
DE_1011,2026-06-03 21:30:00,0.415,valid
DE_1011,2026-06-03 21:45:00,0.384,valid
DE_1011,2026-06-03 22:00:00,0.381,valid
DE_1011,2026-06-03 22:15:00,0.391,valid
DE_1011,2026-06-03 22:30:00,0.467,valid
DE_1011,2026-06-03 22:45:00,0.484,valid
DE_1011,2026-06-03 23:00:00,0.541,valid
DE_1011,2026-06-03 23:15:00,0.427,valid
DE_1011,2026-06-03 23:30:00,0.369,valid
DE_1011,2026-06-03 23:45:00,0.504,valid
DE_1011,2026-06-04 00:00:00,0.526,valid
DE_1011,2026-06-04 00:15:00,0.559,valid
DE_1011,2026-06-04 00:30:00,0.405,valid
DE_1011,2026-06-04 00:45:00,0.575,valid
DE_1011,2026-06-04 01:00:00,0.482,valid
DE_1011,2026-06-04 01:15:00,0.576,valid
DE_1011,2026-06-04 01:30:00,0.465,valid
DE_1011,2026-06-04 01:45:00,0.545,valid
DE_1011,2026-06-04 02:00:00,0.421,valid
DE_1011,2026-06-04 02:15:00,0.558,valid
DE_1011,2026-06-04 02:30:00,0.424,valid
DE_1011,2026-06-04 02:45:00,0.374,valid
DE_1011,2026-06-04 03:00:00,0.437,valid
DE_1011,2026-06-04 03:15:00,0.482,valid
DE_1011,2026-06-04 03:30:00,0.488,valid
DE_1011,2026-06-04 03:45:00,0.422,valid
DE_1011,2026-06-04 04:00:00,0.42,valid
DE_1011,2026-06-04 04:15:00,0.399,valid
DE_1011,2026-06-04 04:45:00,0.452,valid
DE_1011,2026-06-04 05:00:00,0.35,valid
DE_1011,2026-06-04 05:15:00,0.424,valid
DE_1011,2026-06-04 05:30:00,0.374,valid
DE_1011,2026-06-04 05:45:00,0.434,valid
DE_1011,2026-06-04 06:00:00,0.331,valid
DE_1011,2026-06-04 06:15:00,0.355,valid
DE_1011,2026-06-04 06:30:00,0.322,valid
DE_1011,2026-06-04 06:45:00,0.272,valid
DE_1011,2026-06-04 07:00:00,0.264,valid
DE_1011,2026-06-04 07:15:00,0.381,valid
DE_1011,2026-06-04 07:30:00,0.356,valid
DE_1011,2026-06-04 07:45:00,0.285,valid
DE_1011,2026-06-04 08:00:00,0.325,valid
DE_1011,2026-06-04 08:15:00,0.302,valid
DE_1011,2026-06-04 08:30:00,0.339,valid
DE_1011,2026-06-04 08:45:00,0.278,valid
DE_1011,2026-06-04 09:00:00,0.275,valid
DE_1011,2026-06-04 09:15:00,0.217,valid
DE_1011,2026-06-04 09:30:00,0.332,valid
DE_1011,2026-06-04 09:45:00,0.301,valid
DE_1011,2026-06-04 10:00:00,0.256,valid
DE_1011,2026-06-04 10:15:00,0.372,valid
DE_1011,2026-06-04 10:30:00,0.309,valid
DE_1011,2026-06-04 10:45:00,0.321,valid
DE_1011,2026-06-04 11:00:00,0.242,valid
DE_1011,2026-06-04 11:15:00,0.199,valid
DE_1011,2026-06-04 11:30:00,0.248,valid
DE_1011,2026-06-04 11:45:00,0.228,valid
DE_1011,2026-06-04 12:00:00,0.183,valid
DE_1011,2026-06-04 12:15:00,0.259,valid
DE_1011,2026-06-04 12:30:00,0.184,valid
DE_1011,2026-06-04 12:45:00,0.213,valid
DE_1011,2026-06-04 13:00:00,0.231,valid
DE_1011,2026-06-04 13:15:00,0.15,valid
DE_1011,2026-06-04 13:30:00,0.252,valid
DE_1011,2026-06-04 13:45:00,0.264,valid
DE_1011,2026-06-04 14:00:00,0.253,valid
DE_1011,2026-06-04 14:15:00,0.263,valid
DE_1011,2026-06-04 14:30:00,0.234,valid
DE_1011,2026-06-04 15:00:00,0.244,valid
DE_1011,2026-06-04 15:15:00,0.185,valid
DE_1011,2026-06-04 15:30:00,0.302,valid
DE_1011,2026-06-04 15:45:00,0.209,valid
DE_1011,2026-06-04 16:00:00,0.278,valid
DE_1011,2026-06-04 16:15:00,0.196,valid
DE_1011,2026-06-04 16:30:00,0.267,valid
DE_1011,2026-06-04 16:45:00,0.327,valid
DE_1011,2026-06-04 17:00:00,0.33,valid
DE_1011,2026-06-04 17:15:00,0.327,valid
DE_1011,2026-06-04 17:30:00,0.337,valid
DE_1011,2026-06-04 17:45:00,0.24,valid
DE_1011,2026-06-04 18:00:00,0.394,valid
DE_1011,2026-06-04 18:15:00,0.329,valid
DE_1011,2026-06-04 18:30:00,0.352,valid
DE_1011,2026-06-04 18:45:00,0.372,valid
DE_1011,2026-06-04 19:00:00,0.242,valid
DE_1011,2026-06-04 19:15:00,0.446,valid
DE_1011,2026-06-04 19:30:00,0.358,valid
DE_1011,2026-06-04 19:45:00,0.403,valid
DE_1011,2026-06-04 20:00:00,0.383,valid
DE_1011,2026-06-04 20:15:00,0.369,valid
DE_1011,2026-06-04 20:30:00,0.466,valid
DE_1011,2026-06-04 20:45:00,0.34,valid
DE_1011,2026-06-04 21:00:00,0.44,valid
DE_1011,2026-06-04 21:15:00,0.398,valid
DE_1011,2026-06-04 21:30:00,0.451,valid
DE_1011,2026-06-04 21:45:00,0.47,valid
DE_1011,2026-06-04 22:00:00,0.485,valid
DE_1011,2026-06-04 22:15:00,0.478,valid
DE_1011,2026-06-04 22:30:00,0.42,valid
DE_1011,2026-06-04 22:45:00,0.438,valid
DE_1011,2026-06-04 23:00:00,0.492,valid
DE_1011,2026-06-04 23:15:00,0.535,valid
DE_1011,2026-06-04 23:30:00,0.499,valid
DE_1011,2026-06-04 23:45:00,0.466,valid
DE_1011,2026-06-05 00:00:00,0.511,valid
DE_1011,2026-06-05 00:15:00,0.546,valid
DE_1011,2026-06-05 00:30:00,0.523,valid
DE_1011,2026-06-05 00:45:00,0.545,valid
DE_1011,2026-06-05 01:00:00,0.455,valid
DE_1011,2026-06-05 01:15:00,0.52,valid
DE_1011,2026-06-05 01:30:00,0.457,valid
DE_1011,2026-06-05 01:45:00,0.48,valid
DE_1011,2026-06-05 02:00:00,0.479,valid
DE_1011,2026-06-05 02:15:00,0.384,valid
DE_1011,2026-06-05 02:30:00,0.437,valid
DE_1011,2026-06-05 02:45:00,0.464,valid
DE_1011,2026-06-05 03:00:00,0.433,valid
DE_1011,2026-06-05 03:15:00,0.467,valid
DE_1011,2026-06-05 03:30:00,0.309,valid
DE_1011,2026-06-05 03:45:00,0.342,valid
DE_1011,2026-06-05 04:00:00,0.45,valid
DE_1011,2026-06-05 04:15:00,0.437,valid
DE_1011,2026-06-05 04:30:00,0.497,valid
DE_1011,2026-06-05 04:45:00,0.394,valid
DE_1011,2026-06-05 05:00:00,0.435,valid
DE_1011,2026-06-05 05:15:00,0.486,valid
DE_1011,2026-06-05 05:30:00,0.261,valid
DE_1011,2026-06-05 05:45:00,0.292,valid
DE_1011,2026-06-05 06:00:00,0.325,valid
DE_1011,2026-06-05 06:15:00,0.279,valid
DE_1011,2026-06-05 06:30:00,0.426,valid
DE_1011,2026-06-05 06:45:00,0.337,valid
DE_1011,2026-06-05 07:00:00,0.29,valid
DE_1011,2026-06-05 07:15:00,0.387,valid
DE_1011,2026-06-05 07:30:00,0.358,valid
DE_1011,2026-06-05 07:45:00,0.296,valid
DE_1011,2026-06-05 08:00:00,0.334,valid
DE_1011,2026-06-05 08:15:00,0.254,valid
DE_1011,2026-06-05 08:45:00,0.359,valid
DE_1011,2026-06-05 09:00:00,0.233,valid
DE_1011,2026-06-05 09:15:00,0.25,valid
DE_1011,2026-06-05 09:30:00,0.252,valid
DE_1011,2026-06-05 09:45:00,0.247,valid
DE_1011,2026-06-05 10:00:00,0.123,valid
DE_1011,2026-06-05 10:15:00,0.172,valid
DE_1011,2026-06-05 10:30:00,0.258,valid
DE_1011,2026-06-05 10:45:00,0.319,valid
DE_1011,2026-06-05 11:00:00,0.259,valid
DE_1011,2026-06-05 11:15:00,0.199,valid
DE_1011,2026-06-05 11:30:00,0.219,valid
DE_1011,2026-06-05 11:45:00,0.141,valid
DE_1011,2026-06-05 12:00:00,0.187,valid
DE_1011,2026-06-05 12:15:00,0.188,valid
DE_1011,2026-06-05 12:30:00,0.17,valid
DE_1011,2026-06-05 12:45:00,0.23,valid
DE_1011,2026-06-05 13:00:00,0.245,valid
DE_1011,2026-06-05 13:15:00,0.253,valid
DE_1011,2026-06-05 13:30:00,0.335,valid
DE_1011,2026-06-05 13:45:00,0.252,valid
DE_1011,2026-06-05 14:00:00,0.151,valid
DE_1011,2026-06-05 14:15:00,0.18,valid
DE_1011,2026-06-05 14:30:00,0.247,valid
DE_1011,2026-06-05 14:45:00,0.205,valid
DE_1011,2026-06-05 15:00:00,0.262,valid
DE_1011,2026-06-05 15:15:00,0.346,valid
DE_1011,2026-06-05 15:30:00,0.279,valid
DE_1011,2026-06-05 15:45:00,0.214,valid
DE_1011,2026-06-05 16:00:00,0.372,valid
DE_1011,2026-06-05 16:15:00,0.29,valid
DE_1011,2026-06-05 16:30:00,0.297,valid
DE_1011,2026-06-05 16:45:00,0.311,valid
DE_1011,2026-06-05 17:00:00,0.351,valid
DE_1011,2026-06-05 17:15:00,0.288,valid
DE_1011,2026-06-05 17:30:00,0.328,valid
DE_1011,2026-06-05 17:45:00,0.387,valid
DE_1011,2026-06-05 18:00:00,0.412,valid
DE_1011,2026-06-05 18:15:00,0.309,valid
DE_1011,2026-06-05 18:30:00,0.351,valid
DE_1011,2026-06-05 18:45:00,0.426,valid
DE_1011,2026-06-05 19:00:00,0.362,valid
DE_1011,2026-06-05 19:15:00,0.308,valid
DE_1011,2026-06-05 19:30:00,0.343,valid
DE_1011,2026-06-05 19:45:00,0.405,valid
DE_1011,2026-06-05 20:00:00,0.395,valid
DE_1011,2026-06-05 20:15:00,0.402,valid
DE_1011,2026-06-05 20:30:00,0.413,valid
DE_1011,2026-06-05 20:45:00,0.386,valid
DE_1011,2026-06-05 21:00:00,0.45,valid
DE_1011,2026-06-05 21:15:00,0.491,valid
DE_1011,2026-06-05 21:30:00,0.446,valid
DE_1011,2026-06-05 21:45:00,0.451,valid
DE_1011,2026-06-05 22:00:00,0.506,valid
DE_1011,2026-06-05 22:15:00,0.487,valid
DE_1011,2026-06-05 22:30:00,0.507,valid
DE_1011,2026-06-05 22:45:00,0.349,valid
DE_1011,2026-06-05 23:00:00,0.477,valid
DE_1011,2026-06-05 23:15:00,0.495,valid
DE_1011,2026-06-05 23:30:00,0.468,valid
DE_1011,2026-06-05 23:45:00,0.432,valid
DE_1011,2026-06-06 00:00:00,0.493,valid
DE_1011,2026-06-06 00:30:00,0.517,valid
DE_1011,2026-06-06 00:45:00,0.534,valid
DE_1011,2026-06-06 01:00:00,0.463,valid
DE_1011,2026-06-06 01:15:00,0.528,valid
DE_1011,2026-06-06 01:30:00,0.449,valid
DE_1011,2026-06-06 01:45:00,0.445,valid
DE_1011,2026-06-06 02:00:00,0.454,valid
DE_1011,2026-06-06 02:15:00,0.43,valid
DE_1011,2026-06-06 02:30:00,0.5,valid
DE_1011,2026-06-06 02:45:00,0.441,valid
DE_1011,2026-06-06 03:00:00,0.452,valid
DE_1011,2026-06-06 03:15:00,0.472,valid
DE_1011,2026-06-06 03:30:00,0.344,valid
DE_1011,2026-06-06 03:45:00,0.422,valid
DE_1011,2026-06-06 04:00:00,0.406,valid
DE_1011,2026-06-06 04:15:00,0.308,valid
DE_1011,2026-06-06 04:30:00,0.403,valid
DE_1011,2026-06-06 04:45:00,0.39,valid
DE_1011,2026-06-06 05:00:00,0.303,valid
DE_1011,2026-06-06 05:15:00,0.442,valid
DE_1011,2026-06-06 05:30:00,0.381,valid
DE_1011,2026-06-06 05:45:00,0.262,valid
DE_1011,2026-06-06 06:00:00,0.326,valid
DE_1011,2026-06-06 06:15:00,0.334,valid
DE_1011,2026-06-06 06:30:00,0.344,valid
DE_1011,2026-06-06 06:45:00,0.312,valid
DE_1011,2026-06-06 07:00:00,0.271,valid
DE_1011,2026-06-06 07:15:00,0.337,valid
DE_1011,2026-06-06 07:30:00,0.277,valid
DE_1011,2026-06-06 07:45:00,0.373,valid
DE_1011,2026-06-06 08:00:00,0.324,valid
DE_1011,2026-06-06 08:15:00,0.312,valid
DE_1011,2026-06-06 08:30:00,0.272,valid
DE_1011,2026-06-06 08:45:00,0.306,valid
DE_1011,2026-06-06 09:00:00,0.278,valid
DE_1011,2026-06-06 09:15:00,0.282,valid
DE_1011,2026-06-06 09:30:00,0.195,valid
DE_1011,2026-06-06 09:45:00,0.275,valid
DE_1011,2026-06-06 10:00:00,0.136,valid
DE_1011,2026-06-06 10:15:00,0.256,valid
DE_1011,2026-06-06 10:30:00,0.373,valid
DE_1011,2026-06-06 10:45:00,0.201,valid
DE_1011,2026-06-06 11:00:00,0.184,valid
DE_1011,2026-06-06 11:15:00,0.266,valid
DE_1011,2026-06-06 11:30:00,0.183,valid
DE_1011,2026-06-06 11:45:00,0.173,valid
DE_1011,2026-06-06 12:00:00,0.188,valid
DE_1011,2026-06-06 12:15:00,0.208,valid
DE_1011,2026-06-06 12:30:00,0.243,valid
DE_1011,2026-06-06 12:45:00,0.177,valid
DE_1011,2026-06-06 13:00:00,0.195,valid
DE_1011,2026-06-06 13:15:00,0.212,valid
DE_1011,2026-06-06 13:30:00,0.19,valid
DE_1011,2026-06-06 13:45:00,0.24,valid
DE_1011,2026-06-06 14:00:00,0.318,valid
DE_1011,2026-06-06 14:15:00,0.208,valid
DE_1011,2026-06-06 14:30:00,0.192,valid
DE_1011,2026-06-06 14:45:00,0.247,valid
DE_1011,2026-06-06 15:00:00,0.246,valid
DE_1011,2026-06-06 15:15:00,0.203,valid
DE_1011,2026-06-06 15:30:00,0.208,valid
DE_1011,2026-06-06 15:45:00,0.182,valid
DE_1011,2026-06-06 16:00:00,0.297,valid
DE_1011,2026-06-06 16:15:00,0.263,valid
DE_1011,2026-06-06 16:30:00,0.389,valid
DE_1011,2026-06-06 16:45:00,0.32,valid
DE_1011,2026-06-06 17:00:00,0.274,valid
DE_1011,2026-06-06 17:15:00,0.27,valid
DE_1011,2026-06-06 17:30:00,0.302,valid
DE_1011,2026-06-06 17:45:00,0.257,valid
DE_1011,2026-06-06 18:00:00,0.346,valid
DE_1011,2026-06-06 18:15:00,0.405,valid
DE_1011,2026-06-06 18:30:00,0.334,valid
DE_1011,2026-06-06 18:45:00,0.315,valid
DE_1011,2026-06-06 19:00:00,0.276,valid
DE_1011,2026-06-06 19:15:00,0.301,valid
DE_1011,2026-06-06 19:30:00,0.379,valid
DE_1011,2026-06-06 19:45:00,0.368,valid
DE_1011,2026-06-06 20:00:00,0.409,valid
DE_1011,2026-06-06 20:15:00,0.329,valid
DE_1011,2026-06-06 20:30:00,0.444,valid
DE_1011,2026-06-06 20:45:00,0.375,valid
DE_1011,2026-06-06 21:00:00,0.333,valid
DE_1011,2026-06-06 21:15:00,0.37,valid
DE_1011,2026-06-06 21:30:00,0.393,valid
DE_1011,2026-06-06 21:45:00,0.421,valid
DE_1011,2026-06-06 22:00:00,0.367,valid
DE_1011,2026-06-06 22:15:00,0.494,valid
DE_1011,2026-06-06 22:30:00,0.449,valid
DE_1011,2026-06-06 22:45:00,0.492,valid
DE_1011,2026-06-06 23:00:00,0.547,valid
DE_1011,2026-06-06 23:15:00,0.46,valid
DE_1011,2026-06-06 23:30:00,0.443,valid
DE_1011,2026-06-06 23:45:00,-0.251,valid
DE_1011,2026-06-07 00:00:00,0.413,valid
DE_1011,2026-06-07 00:15:00,0.554,valid
DE_1011,2026-06-07 00:30:00,0.497,valid
DE_1011,2026-06-07 00:45:00,0.479,valid
DE_1011,2026-06-07 01:00:00,0.418,valid
DE_1011,2026-06-07 01:15:00,0.41,valid
DE_1011,2026-06-07 01:30:00,0.459,valid
DE_1011,2026-06-07 01:45:00,0.498,valid
DE_1011,2026-06-07 02:00:00,0.449,valid
DE_1011,2026-06-07 02:15:00,0.335,valid
DE_1011,2026-06-07 02:30:00,0.416,valid
DE_1011,2026-06-07 02:45:00,0.476,valid
DE_1011,2026-06-07 03:00:00,0.517,valid
DE_1011,2026-06-07 03:15:00,0.418,valid
DE_1011,2026-06-07 03:30:00,0.444,valid
DE_1011,2026-06-07 03:45:00,0.425,valid
DE_1011,2026-06-07 04:00:00,0.38,valid
DE_1011,2026-06-07 04:15:00,0.342,valid
DE_1011,2026-06-07 04:30:00,0.354,valid
DE_1011,2026-06-07 04:45:00,0.333,valid
DE_1011,2026-06-07 05:00:00,0.398,valid
DE_1011,2026-06-07 05:15:00,0.418,valid
DE_1011,2026-06-07 05:30:00,0.366,valid
DE_1011,2026-06-07 05:45:00,0.343,valid
DE_1011,2026-06-07 06:00:00,0.4,valid
DE_1011,2026-06-07 06:15:00,0.461,valid
DE_1011,2026-06-07 06:30:00,0.263,valid
DE_1011,2026-06-07 06:45:00,0.378,valid
DE_1011,2026-06-07 07:00:00,0.332,valid
DE_1011,2026-06-07 07:15:00,0.341,valid
DE_1011,2026-06-07 07:30:00,0.36,valid
DE_1011,2026-06-07 07:45:00,0.402,valid
DE_1011,2026-06-07 08:00:00,0.294,valid
DE_1011,2026-06-07 08:15:00,0.408,valid
DE_1011,2026-06-07 08:30:00,0.241,valid
DE_1011,2026-06-07 08:45:00,0.338,valid
DE_1011,2026-06-07 09:00:00,0.204,valid
DE_1011,2026-06-07 09:15:00,0.204,valid
DE_1011,2026-06-07 09:30:00,0.296,valid
DE_1011,2026-06-07 09:45:00,0.311,valid
DE_1011,2026-06-07 10:00:00,0.221,valid
DE_1011,2026-06-07 10:15:00,0.278,valid
DE_1011,2026-06-07 10:30:00,0.214,valid
DE_1011,2026-06-07 10:45:00,0.306,valid
DE_1011,2026-06-07 11:00:00,0.151,valid
DE_1011,2026-06-07 11:15:00,0.235,valid
DE_1011,2026-06-07 11:30:00,0.239,valid
DE_1011,2026-06-07 11:45:00,0.236,valid
DE_1011,2026-06-07 12:00:00,0.2,valid
DE_1011,2026-06-07 12:15:00,0.194,valid
DE_1011,2026-06-07 12:30:00,0.071,valid
DE_1011,2026-06-07 12:45:00,0.127,valid
DE_1011,2026-06-07 13:00:00,0.275,valid
DE_1011,2026-06-07 13:15:00,0.26,valid
DE_1011,2026-06-07 13:30:00,0.293,valid
DE_1011,2026-06-07 13:45:00,0.228,valid
DE_1011,2026-06-07 14:00:00,0.334,valid
DE_1011,2026-06-07 14:15:00,0.243,valid
DE_1011,2026-06-07 14:30:00,0.302,valid
DE_1011,2026-06-07 14:45:00,0.227,valid
DE_1011,2026-06-07 15:00:00,0.247,valid
DE_1011,2026-06-07 15:15:00,0.32,valid
DE_1011,2026-06-07 15:30:00,0.203,valid
DE_1011,2026-06-07 15:45:00,0.351,valid
DE_1011,2026-06-07 16:00:00,0.392,valid
DE_1011,2026-06-07 16:15:00,0.3,valid
DE_1011,2026-06-07 16:30:00,0.369,valid
DE_1011,2026-06-07 16:45:00,0.273,valid
DE_1011,2026-06-07 17:00:00,0.313,valid
DE_1011,2026-06-07 17:15:00,0.337,valid
DE_1011,2026-06-07 17:30:00,0.297,valid
DE_1011,2026-06-07 17:45:00,0.36,valid
DE_1011,2026-06-07 18:00:00,0.395,valid
DE_1011,2026-06-07 18:15:00,0.383,valid
DE_1011,2026-06-07 18:30:00,0.324,valid
DE_1011,2026-06-07 18:45:00,0.274,valid
DE_1011,2026-06-07 19:00:00,0.396,valid
DE_1011,2026-06-07 19:15:00,0.357,valid
DE_1011,2026-06-07 19:30:00,0.294,valid
DE_1011,2026-06-07 19:45:00,0.315,valid
DE_1011,2026-06-07 20:00:00,0.386,valid
DE_1011,2026-06-07 20:15:00,0.476,valid
DE_1011,2026-06-07 20:30:00,0.419,valid
DE_1011,2026-06-07 20:45:00,0.356,valid
DE_1011,2026-06-07 21:00:00,0.371,valid
DE_1011,2026-06-07 21:15:00,0.375,valid
DE_1011,2026-06-07 21:30:00,0.374,valid
DE_1011,2026-06-07 21:45:00,0.433,valid
DE_1011,2026-06-07 22:00:00,0.506,valid
DE_1011,2026-06-07 22:15:00,0.585,valid
DE_1011,2026-06-07 22:30:00,0.538,valid
DE_1011,2026-06-07 22:45:00,0.426,valid
DE_1011,2026-06-07 23:00:00,0.522,valid
DE_1011,2026-06-07 23:15:00,0.48,valid
DE_1011,2026-06-07 23:30:00,0.562,valid
DE_1011,2026-06-07 23:45:00,0.501,valid
DE_1012,2026-06-01 00:00:00,0.475,valid
DE_1012,2026-06-01 00:15:00,0.548,valid
DE_1012,2026-06-01 00:30:00,0.46,valid
DE_1012,2026-06-01 00:45:00,0.469,valid
DE_1012,2026-06-01 01:00:00,0.459,valid
DE_1012,2026-06-01 01:15:00,0.462,valid
DE_1012,2026-06-01 01:30:00,0.371,valid
DE_1012,2026-06-01 01:45:00,0.526,valid
DE_1012,2026-06-01 02:00:00,0.584,valid
DE_1012,2026-06-01 02:15:00,0.388,valid
DE_1012,2026-06-01 02:30:00,0.518,valid
DE_1012,2026-06-01 02:45:00,0.365,valid
DE_1012,2026-06-01 03:00:00,0.421,valid
DE_1012,2026-06-01 03:15:00,0.383,valid
DE_1012,2026-06-01 03:30:00,0.434,valid
DE_1012,2026-06-01 03:45:00,0.451,valid
DE_1012,2026-06-01 04:00:00,0.335,valid
DE_1012,2026-06-01 04:15:00,0.392,valid
DE_1012,2026-06-01 04:30:00,0.437,valid
DE_1012,2026-06-01 04:45:00,0.354,valid
DE_1012,2026-06-01 05:00:00,0.437,valid
DE_1012,2026-06-01 05:15:00,22.918,valid
DE_1012,2026-06-01 05:30:00,0.351,valid
DE_1012,2026-06-01 05:45:00,0.446,valid
DE_1012,2026-06-01 06:00:00,0.253,valid
DE_1012,2026-06-01 06:15:00,0.319,valid
DE_1012,2026-06-01 06:30:00,0.377,valid
DE_1012,2026-06-01 07:00:00,0.38,valid
DE_1012,2026-06-01 07:15:00,0.374,valid
DE_1012,2026-06-01 07:30:00,0.327,valid
DE_1012,2026-06-01 07:45:00,0.359,valid
DE_1012,2026-06-01 08:00:00,0.302,valid
DE_1012,2026-06-01 08:30:00,0.345,valid
DE_1012,2026-06-01 09:00:00,0.269,valid
DE_1012,2026-06-01 09:15:00,0.246,valid
DE_1012,2026-06-01 09:30:00,0.372,valid
DE_1012,2026-06-01 10:00:00,0.254,valid
DE_1012,2026-06-01 10:15:00,0.215,valid
DE_1012,2026-06-01 10:30:00,0.247,valid
DE_1012,2026-06-01 10:45:00,0.307,valid
DE_1012,2026-06-01 11:00:00,0.245,valid
DE_1012,2026-06-01 11:15:00,0.21,valid
DE_1012,2026-06-01 11:30:00,0.266,valid
DE_1012,2026-06-01 11:45:00,0.272,valid
DE_1012,2026-06-01 12:00:00,0.197,valid
DE_1012,2026-06-01 12:15:00,0.178,valid
DE_1012,2026-06-01 12:30:00,0.164,valid
DE_1012,2026-06-01 12:45:00,0.105,valid
DE_1012,2026-06-01 13:00:00,0.303,valid
DE_1012,2026-06-01 13:15:00,0.19,valid
DE_1012,2026-06-01 13:30:00,0.167,valid
DE_1012,2026-06-01 13:45:00,0.183,valid
DE_1012,2026-06-01 14:00:00,0.193,valid
DE_1012,2026-06-01 14:15:00,0.305,valid
DE_1012,2026-06-01 14:30:00,0.246,valid
DE_1012,2026-06-01 14:45:00,0.201,valid
DE_1012,2026-06-01 15:00:00,0.235,valid
DE_1012,2026-06-01 15:15:00,0.225,valid
DE_1012,2026-06-01 15:30:00,0.331,valid
DE_1012,2026-06-01 15:45:00,0.204,valid
DE_1012,2026-06-01 16:00:00,0.304,valid
DE_1012,2026-06-01 16:15:00,0.324,valid
DE_1012,2026-06-01 16:30:00,0.318,valid
DE_1012,2026-06-01 16:45:00,0.311,valid
DE_1012,2026-06-01 17:00:00,0.318,valid
DE_1012,2026-06-01 17:15:00,0.208,valid
DE_1012,2026-06-01 17:30:00,0.324,valid
DE_1012,2026-06-01 17:45:00,0.3,valid
DE_1012,2026-06-01 18:00:00,0.284,valid
DE_1012,2026-06-01 18:15:00,0.422,valid
DE_1012,2026-06-01 18:30:00,0.413,valid
DE_1012,2026-06-01 18:45:00,0.331,valid
DE_1012,2026-06-01 19:00:00,0.393,valid
DE_1012,2026-06-01 19:15:00,0.375,valid
DE_1012,2026-06-01 19:30:00,0.281,valid
DE_1012,2026-06-01 19:45:00,0.354,valid
DE_1012,2026-06-01 20:00:00,0.444,valid
DE_1012,2026-06-01 20:15:00,0.394,valid
DE_1012,2026-06-01 20:30:00,0.35,valid
DE_1012,2026-06-01 20:45:00,0.457,valid
DE_1012,2026-06-01 21:00:00,0.442,valid
DE_1012,2026-06-01 21:15:00,0.367,valid
DE_1012,2026-06-01 21:37:00,0.397,valid
DE_1012,2026-06-01 21:45:00,0.404,valid
DE_1012,2026-06-01 22:00:00,0.401,valid
DE_1012,2026-06-01 22:15:00,0.488,valid
DE_1012,2026-06-01 22:30:00,0.423,valid
DE_1012,2026-06-01 22:45:00,0.457,valid
DE_1012,2026-06-01 23:00:00,0.564,valid
DE_1012,2026-06-01 23:15:00,0.442,valid
DE_1012,2026-06-01 23:30:00,0.42,valid
DE_1012,2026-06-01 23:45:00,0.475,valid
DE_1012,2026-06-02 00:00:00,0.477,valid
DE_1012,2026-06-02 00:15:00,0.483,valid
DE_1012,2026-06-02 00:30:00,0.454,valid
DE_1012,2026-06-02 00:45:00,0.423,valid
DE_1012,2026-06-02 01:00:00,0.455,valid
DE_1012,2026-06-02 01:15:00,0.41,valid
DE_1012,2026-06-02 01:30:00,0.42,valid
DE_1012,2026-06-02 01:45:00,0.617,valid
DE_1012,2026-06-02 02:00:00,0.571,valid
DE_1012,2026-06-02 02:15:00,0.569,valid
DE_1012,2026-06-02 02:30:00,0.435,valid
DE_1012,2026-06-02 02:45:00,0.395,valid
DE_1012,2026-06-02 03:00:00,0.453,valid
DE_1012,2026-06-02 03:15:00,0.374,valid
DE_1012,2026-06-02 03:30:00,0.411,valid
DE_1012,2026-06-02 03:45:00,0.378,valid
DE_1012,2026-06-02 04:00:00,0.445,valid
DE_1012,2026-06-02 04:15:00,0.395,valid
DE_1012,2026-06-02 04:30:00,0.416,valid
DE_1012,2026-06-02 04:45:00,0.37,valid
DE_1012,2026-06-02 05:00:00,0.365,valid
DE_1012,2026-06-02 05:15:00,0.284,valid
DE_1012,2026-06-02 05:30:00,0.37,valid
DE_1012,2026-06-02 05:45:00,0.359,valid
DE_1012,2026-06-02 06:00:00,0.371,valid
DE_1012,2026-06-02 06:15:00,0.326,valid
DE_1012,2026-06-02 06:30:00,0.3,valid
DE_1012,2026-06-02 06:45:00,0.354,valid
DE_1012,2026-06-02 07:15:00,0.318,valid
DE_1012,2026-06-02 07:30:00,0.414,valid
DE_1012,2026-06-02 07:45:00,0.2,valid
DE_1012,2026-06-02 08:00:00,0.257,valid
DE_1012,2026-06-02 08:15:00,0.287,valid
DE_1012,2026-06-02 08:30:00,0.233,valid
DE_1012,2026-06-02 08:45:00,0.163,valid
DE_1012,2026-06-02 09:00:00,0.277,valid
DE_1012,2026-06-02 09:15:00,0.225,valid
DE_1012,2026-06-02 09:30:00,0.235,valid
DE_1012,2026-06-02 09:45:00,0.268,valid
DE_1012,2026-06-02 10:00:00,0.239,valid
DE_1012,2026-06-02 10:15:00,0.219,valid
DE_1012,2026-06-02 10:30:00,0.281,valid
DE_1012,2026-06-02 10:45:00,0.211,valid
DE_1012,2026-06-02 11:00:00,0.282,valid
DE_1012,2026-06-02 11:15:00,0.286,valid
DE_1012,2026-06-02 11:30:00,0.146,valid
DE_1012,2026-06-02 11:45:00,0.181,valid
DE_1012,2026-06-02 12:00:00,0.246,valid
DE_1012,2026-06-02 12:15:00,0.136,valid
DE_1012,2026-06-02 12:30:00,0.171,valid
DE_1012,2026-06-02 12:45:00,0.208,valid
DE_1012,2026-06-02 13:00:00,0.275,valid
DE_1012,2026-06-02 13:15:00,0.284,valid
DE_1012,2026-06-02 13:30:00,0.218,valid
DE_1012,2026-06-02 13:45:00,0.252,valid
DE_1012,2026-06-02 14:00:00,0.267,valid
DE_1012,2026-06-02 14:15:00,0.331,valid
DE_1012,2026-06-02 14:30:00,0.249,valid
DE_1012,2026-06-02 14:45:00,0.243,valid
DE_1012,2026-06-02 15:00:00,0.265,valid
DE_1012,2026-06-02 15:15:00,0.21,valid
DE_1012,2026-06-02 15:30:00,0.21,valid
DE_1012,2026-06-02 15:45:00,0.14,valid
DE_1012,2026-06-02 16:00:00,0.374,valid
DE_1012,2026-06-02 16:15:00,0.398,valid
DE_1012,2026-06-02 16:30:00,0.214,valid
DE_1012,2026-06-02 16:45:00,0.342,valid
DE_1012,2026-06-02 17:00:00,0.345,valid
DE_1012,2026-06-02 17:15:00,0.315,valid
DE_1012,2026-06-02 17:30:00,0.356,valid
DE_1012,2026-06-02 17:45:00,0.32,valid
DE_1012,2026-06-02 18:00:00,0.483,valid
DE_1012,2026-06-02 18:15:00,0.395,valid
DE_1012,2026-06-02 18:30:00,0.311,valid
DE_1012,2026-06-02 18:45:00,0.296,valid
DE_1012,2026-06-02 19:00:00,0.444,valid
DE_1012,2026-06-02 19:15:00,0.362,valid
DE_1012,2026-06-02 19:30:00,0.364,valid
DE_1012,2026-06-02 19:45:00,0.382,valid
DE_1012,2026-06-02 20:00:00,0.403,valid
DE_1012,2026-06-02 20:15:00,0.458,valid
DE_1012,2026-06-02 20:30:00,0.353,valid
DE_1012,2026-06-02 20:45:00,0.285,valid
DE_1012,2026-06-02 21:00:00,0.397,valid
DE_1012,2026-06-02 21:15:00,0.385,valid
DE_1012,2026-06-02 21:30:00,0.393,valid
DE_1012,2026-06-02 21:45:00,0.342,valid
DE_1012,2026-06-02 22:00:00,0.403,valid
DE_1012,2026-06-02 22:15:00,0.377,valid
DE_1012,2026-06-02 22:30:00,0.498,valid
DE_1012,2026-06-02 22:45:00,0.396,valid
DE_1012,2026-06-02 23:00:00,0.464,valid
DE_1012,2026-06-02 23:15:00,0.547,valid
DE_1012,2026-06-02 23:30:00,0.458,valid
DE_1012,2026-06-02 23:45:00,0.494,valid
DE_1012,2026-06-03 00:00:00,0.55,valid
DE_1012,2026-06-03 00:15:00,0.529,valid
DE_1012,2026-06-03 00:30:00,0.471,valid
DE_1012,2026-06-03 00:45:00,0.448,valid
DE_1012,2026-06-03 01:15:00,0.484,valid
DE_1012,2026-06-03 01:30:00,0.439,valid
DE_1012,2026-06-03 01:45:00,0.457,valid
DE_1012,2026-06-03 02:00:00,0.447,valid
DE_1012,2026-06-03 02:15:00,0.361,valid
DE_1012,2026-06-03 02:30:00,0.474,valid
DE_1012,2026-06-03 02:45:00,0.502,valid
DE_1012,2026-06-03 03:00:00,0.392,valid
DE_1012,2026-06-03 03:15:00,0.383,valid
DE_1012,2026-06-03 03:30:00,0.404,valid
DE_1012,2026-06-03 03:45:00,0.415,valid
DE_1012,2026-06-03 04:00:00,0.501,valid
DE_1012,2026-06-03 04:15:00,0.443,valid
DE_1012,2026-06-03 04:30:00,0.409,valid
DE_1012,2026-06-03 04:45:00,0.369,valid
DE_1012,2026-06-03 05:00:00,0.379,valid
DE_1012,2026-06-03 05:15:00,0.366,valid
DE_1012,2026-06-03 05:30:00,0.317,valid
DE_1012,2026-06-03 05:45:00,0.354,valid
DE_1012,2026-06-03 06:00:00,0.372,valid
DE_1012,2026-06-03 06:15:00,0.296,valid
DE_1012,2026-06-03 06:30:00,0.284,valid
DE_1012,2026-06-03 06:45:00,0.342,valid
DE_1012,2026-06-03 07:15:00,0.239,valid
DE_1012,2026-06-03 07:30:00,0.384,valid
DE_1012,2026-06-03 07:45:00,0.384,valid
DE_1012,2026-06-03 08:00:00,0.404,valid
DE_1012,2026-06-03 08:15:00,0.277,valid
DE_1012,2026-06-03 08:30:00,0.329,valid
DE_1012,2026-06-03 08:45:00,0.361,valid
DE_1012,2026-06-03 09:00:00,0.302,valid
DE_1012,2026-06-03 09:15:00,0.333,valid
DE_1012,2026-06-03 09:30:00,0.283,valid
DE_1012,2026-06-03 09:45:00,0.251,valid
DE_1012,2026-06-03 10:00:00,0.273,valid
DE_1012,2026-06-03 10:15:00,0.275,valid
DE_1012,2026-06-03 10:30:00,0.284,valid
DE_1012,2026-06-03 10:45:00,0.305,valid
DE_1012,2026-06-03 11:15:00,0.214,valid
DE_1012,2026-06-03 11:30:00,0.284,valid
DE_1012,2026-06-03 11:45:00,0.218,valid
DE_1012,2026-06-03 12:00:00,0.159,valid
DE_1012,2026-06-03 12:15:00,0.247,valid
DE_1012,2026-06-03 12:30:00,0.093,valid
DE_1012,2026-06-03 12:45:00,0.256,valid
DE_1012,2026-06-03 13:00:00,0.267,valid
DE_1012,2026-06-03 13:15:00,0.225,valid
DE_1012,2026-06-03 13:30:00,0.282,valid
DE_1012,2026-06-03 13:45:00,0.205,valid
DE_1012,2026-06-03 14:00:00,0.265,valid
DE_1012,2026-06-03 14:15:00,0.178,valid
DE_1012,2026-06-03 14:30:00,0.188,valid
DE_1012,2026-06-03 14:45:00,0.272,valid
DE_1012,2026-06-03 15:00:00,0.254,valid
DE_1012,2026-06-03 15:15:00,0.218,valid
DE_1012,2026-06-03 15:30:00,0.321,valid
DE_1012,2026-06-03 15:45:00,0.271,valid
DE_1012,2026-06-03 16:00:00,0.267,valid
DE_1012,2026-06-03 16:15:00,0.292,valid
DE_1012,2026-06-03 16:30:00,0.375,valid
DE_1012,2026-06-03 16:45:00,0.354,valid
DE_1012,2026-06-03 17:00:00,0.328,valid
DE_1012,2026-06-03 17:15:00,0.357,valid
DE_1012,2026-06-03 17:30:00,0.296,valid
DE_1012,2026-06-03 17:45:00,0.415,valid
DE_1012,2026-06-03 18:00:00,0.415,valid
DE_1012,2026-06-03 18:15:00,0.332,valid
DE_1012,2026-06-03 18:30:00,0.36,valid
DE_1012,2026-06-03 18:45:00,0.396,valid
DE_1012,2026-06-03 19:00:00,0.423,valid
DE_1012,2026-06-03 19:15:00,0.425,valid
DE_1012,2026-06-03 19:30:00,0.409,valid
DE_1012,2026-06-03 19:45:00,0.392,valid
DE_1012,2026-06-03 20:00:00,0.32,valid
DE_1012,2026-06-03 20:15:00,0.473,valid
DE_1012,2026-06-03 20:30:00,0.383,valid
DE_1012,2026-06-03 20:45:00,0.412,valid
DE_1012,2026-06-03 21:00:00,0.424,valid
DE_1012,2026-06-03 21:15:00,0.478,valid
DE_1012,2026-06-03 21:30:00,0.404,valid
DE_1012,2026-06-03 21:45:00,0.367,valid
DE_1012,2026-06-03 22:00:00,0.523,valid
DE_1012,2026-06-03 22:15:00,0.485,valid
DE_1012,2026-06-03 22:30:00,0.527,valid
DE_1012,2026-06-03 22:45:00,0.448,valid
DE_1012,2026-06-03 23:00:00,0.492,valid
DE_1012,2026-06-03 23:15:00,0.52,valid
DE_1012,2026-06-03 23:30:00,0.424,valid
DE_1012,2026-06-03 23:45:00,0.398,valid
DE_1012,2026-06-04 00:00:00,0.459,valid
DE_1012,2026-06-04 00:15:00,0.468,valid
DE_1012,2026-06-04 00:30:00,0.589,valid
DE_1012,2026-06-04 00:45:00,0.628,valid
DE_1012,2026-06-04 01:00:00,0.465,valid
DE_1012,2026-06-04 01:15:00,0.48,valid
DE_1012,2026-06-04 01:30:00,0.459,valid
DE_1012,2026-06-04 01:45:00,0.463,valid
DE_1012,2026-06-04 02:00:00,0.467,valid
DE_1012,2026-06-04 02:15:00,0.467,valid
DE_1012,2026-06-04 02:30:00,0.432,valid
DE_1012,2026-06-04 02:45:00,0.444,valid
DE_1012,2026-06-04 03:00:00,0.395,valid
DE_1012,2026-06-04 03:15:00,0.388,valid
DE_1012,2026-06-04 03:30:00,0.405,valid
DE_1012,2026-06-04 03:45:00,0.46,valid
DE_1012,2026-06-04 04:00:00,0.424,valid
DE_1012,2026-06-04 04:15:00,0.374,valid
DE_1012,2026-06-04 04:30:00,0.449,valid
DE_1012,2026-06-04 04:45:00,0.403,valid
DE_1012,2026-06-04 05:00:00,0.423,valid
DE_1012,2026-06-04 05:15:00,0.365,valid
DE_1012,2026-06-04 05:30:00,0.465,valid
DE_1012,2026-06-04 05:45:00,0.445,valid
DE_1012,2026-06-04 06:00:00,0.386,valid
DE_1012,2026-06-04 06:15:00,0.422,valid
DE_1012,2026-06-04 06:30:00,0.318,valid
DE_1012,2026-06-04 06:45:00,0.437,valid
DE_1012,2026-06-04 07:00:00,0.264,valid
DE_1012,2026-06-04 07:15:00,0.329,valid
DE_1012,2026-06-04 07:30:00,0.294,valid
DE_1012,2026-06-04 07:45:00,0.23,valid
DE_1012,2026-06-04 08:00:00,0.235,valid
DE_1012,2026-06-04 08:15:00,0.278,valid
DE_1012,2026-06-04 08:30:00,0.324,valid
DE_1012,2026-06-04 08:45:00,0.281,valid
DE_1012,2026-06-04 09:00:00,0.322,valid
DE_1012,2026-06-04 09:15:00,0.259,valid
DE_1012,2026-06-04 09:30:00,0.229,valid
DE_1012,2026-06-04 09:45:00,0.343,valid
DE_1012,2026-06-04 10:00:00,0.31,valid
DE_1012,2026-06-04 10:15:00,0.238,valid
DE_1012,2026-06-04 10:30:00,0.169,valid
DE_1012,2026-06-04 10:45:00,0.195,valid
DE_1012,2026-06-04 11:00:00,0.199,valid
DE_1012,2026-06-04 11:15:00,0.229,valid
DE_1012,2026-06-04 11:30:00,0.285,valid
DE_1012,2026-06-04 11:45:00,0.229,valid
DE_1012,2026-06-04 12:00:00,0.215,valid
DE_1012,2026-06-04 12:15:00,0.222,valid
DE_1012,2026-06-04 12:30:00,0.141,valid
DE_1012,2026-06-04 12:45:00,0.256,valid
DE_1012,2026-06-04 13:00:00,0.301,valid
DE_1012,2026-06-04 13:15:00,0.251,valid
DE_1012,2026-06-04 13:30:00,0.302,valid
DE_1012,2026-06-04 13:45:00,0.212,valid
DE_1012,2026-06-04 14:00:00,0.25,valid
DE_1012,2026-06-04 14:15:00,0.318,valid
DE_1012,2026-06-04 14:30:00,0.241,valid
DE_1012,2026-06-04 14:45:00,0.219,valid
DE_1012,2026-06-04 15:00:00,0.364,valid
DE_1012,2026-06-04 15:15:00,0.267,valid
DE_1012,2026-06-04 15:30:00,0.235,valid
DE_1012,2026-06-04 15:45:00,0.274,valid
DE_1012,2026-06-04 16:00:00,0.193,valid
DE_1012,2026-06-04 16:15:00,0.352,valid
DE_1012,2026-06-04 16:30:00,0.367,valid
DE_1012,2026-06-04 16:45:00,0.238,valid
DE_1012,2026-06-04 17:00:00,0.291,valid
DE_1012,2026-06-04 17:15:00,0.418,valid
DE_1012,2026-06-04 17:30:00,0.373,valid
DE_1012,2026-06-04 17:45:00,0.308,valid
DE_1012,2026-06-04 18:00:00,0.342,valid
DE_1012,2026-06-04 18:15:00,0.37,valid
DE_1012,2026-06-04 18:30:00,0.421,valid
DE_1012,2026-06-04 18:45:00,0.389,valid
DE_1012,2026-06-04 19:00:00,0.403,valid
DE_1012,2026-06-04 19:15:00,0.365,valid
DE_1012,2026-06-04 19:30:00,0.452,valid
DE_1012,2026-06-04 19:45:00,0.404,valid
DE_1012,2026-06-04 20:00:00,0.345,valid
DE_1012,2026-06-04 20:15:00,0.381,valid
DE_1012,2026-06-04 20:30:00,0.49,valid
DE_1012,2026-06-04 20:45:00,0.309,valid
DE_1012,2026-06-04 21:00:00,0.372,valid
DE_1012,2026-06-04 21:15:00,0.452,valid
DE_1012,2026-06-04 21:30:00,0.418,valid
DE_1012,2026-06-04 21:45:00,0.368,valid
DE_1012,2026-06-04 22:00:00,0.275,valid
DE_1012,2026-06-04 22:15:00,0.433,valid
DE_1012,2026-06-04 22:30:00,0.509,valid
DE_1012,2026-06-04 22:45:00,0.4,valid
DE_1012,2026-06-04 23:00:00,0.418,valid
DE_1012,2026-06-04 23:15:00,0.514,valid
DE_1012,2026-06-04 23:30:00,0.545,valid
DE_1012,2026-06-04 23:45:00,0.431,valid
DE_1012,2026-06-05 00:00:00,0.483,valid
DE_1012,2026-06-05 00:15:00,0.424,valid
DE_1012,2026-06-05 00:30:00,0.5,valid
DE_1012,2026-06-05 00:45:00,0.463,valid
DE_1012,2026-06-05 01:00:00,0.467,valid
DE_1012,2026-06-05 01:15:00,0.353,valid
DE_1012,2026-06-05 01:30:00,0.521,valid
DE_1012,2026-06-05 01:45:00,0.383,valid
DE_1012,2026-06-05 02:00:00,0.383,valid
DE_1012,2026-06-05 02:15:00,0.438,valid
DE_1012,2026-06-05 02:30:00,0.349,valid
DE_1012,2026-06-05 02:45:00,0.369,valid
DE_1012,2026-06-05 03:00:00,0.378,valid
DE_1012,2026-06-05 03:15:00,0.333,valid
DE_1012,2026-06-05 03:30:00,0.39,valid
DE_1012,2026-06-05 03:45:00,0.42,valid
DE_1012,2026-06-05 04:00:00,0.485,valid
DE_1012,2026-06-05 04:15:00,0.443,valid
DE_1012,2026-06-05 04:30:00,0.277,valid
DE_1012,2026-06-05 04:45:00,0.389,valid
DE_1012,2026-06-05 05:00:00,0.332,valid
DE_1012,2026-06-05 05:15:00,0.398,valid
DE_1012,2026-06-05 05:30:00,0.358,valid
DE_1012,2026-06-05 05:45:00,0.393,valid
DE_1012,2026-06-05 06:00:00,0.383,valid
DE_1012,2026-06-05 06:15:00,0.331,valid
DE_1012,2026-06-05 06:30:00,0.267,valid
DE_1012,2026-06-05 06:45:00,0.329,valid
DE_1012,2026-06-05 07:00:00,0.356,valid
DE_1012,2026-06-05 07:15:00,0.353,valid
DE_1012,2026-06-05 07:30:00,0.316,valid
DE_1012,2026-06-05 07:45:00,0.358,valid
DE_1012,2026-06-05 08:00:00,0.295,valid
DE_1012,2026-06-05 08:15:00,0.235,valid
DE_1012,2026-06-05 08:30:00,0.309,valid
DE_1012,2026-06-05 08:45:00,0.342,valid
DE_1012,2026-06-05 09:00:00,0.341,valid
DE_1012,2026-06-05 09:15:00,0.246,valid
DE_1012,2026-06-05 09:30:00,0.281,valid
DE_1012,2026-06-05 09:45:00,0.263,valid
DE_1012,2026-06-05 10:00:00,0.183,valid
DE_1012,2026-06-05 10:15:00,0.266,valid
DE_1012,2026-06-05 10:30:00,0.203,valid
DE_1012,2026-06-05 10:45:00,0.253,valid
DE_1012,2026-06-05 11:00:00,0.192,valid
DE_1012,2026-06-05 11:15:00,0.195,valid
DE_1012,2026-06-05 11:30:00,0.222,valid
DE_1012,2026-06-05 11:45:00,0.229,valid
DE_1012,2026-06-05 12:00:00,0.225,valid
DE_1012,2026-06-05 12:15:00,0.18,valid
DE_1012,2026-06-05 12:30:00,0.186,valid
DE_1012,2026-06-05 12:45:00,0.218,valid
DE_1012,2026-06-05 13:00:00,0.204,valid
DE_1012,2026-06-05 13:15:00,0.226,valid
DE_1012,2026-06-05 13:30:00,0.196,valid
DE_1012,2026-06-05 13:45:00,0.222,valid
DE_1012,2026-06-05 14:00:00,0.291,valid
DE_1012,2026-06-05 14:15:00,0.291,valid
DE_1012,2026-06-05 14:30:00,0.291,valid
DE_1012,2026-06-05 14:45:00,0.311,valid
DE_1012,2026-06-05 15:00:00,0.283,valid
DE_1012,2026-06-05 15:15:00,0.325,valid
DE_1012,2026-06-05 15:30:00,0.259,valid
DE_1012,2026-06-05 15:45:00,0.325,valid
DE_1012,2026-06-05 16:00:00,0.338,valid
DE_1012,2026-06-05 16:15:00,0.383,valid
DE_1012,2026-06-05 16:30:00,0.342,valid
DE_1012,2026-06-05 16:45:00,0.334,valid
DE_1012,2026-06-05 17:00:00,0.341,valid
DE_1012,2026-06-05 17:15:00,0.3,valid
DE_1012,2026-06-05 17:30:00,0.293,valid
DE_1012,2026-06-05 17:45:00,0.367,valid
DE_1012,2026-06-05 18:00:00,0.286,valid
DE_1012,2026-06-05 18:15:00,0.428,valid
DE_1012,2026-06-05 18:30:00,0.36,valid
DE_1012,2026-06-05 18:45:00,0.381,valid
DE_1012,2026-06-05 19:00:00,0.423,valid
DE_1012,2026-06-05 19:15:00,0.388,valid
DE_1012,2026-06-05 19:30:00,0.371,valid
DE_1012,2026-06-05 19:45:00,0.268,valid
DE_1012,2026-06-05 20:00:00,0.418,valid
DE_1012,2026-06-05 20:15:00,0.428,valid
DE_1012,2026-06-05 20:30:00,0.327,valid
DE_1012,2026-06-05 20:45:00,0.41,valid
DE_1012,2026-06-05 21:00:00,0.42,valid
DE_1012,2026-06-05 21:15:00,0.477,valid
DE_1012,2026-06-05 21:30:00,0.34,valid
DE_1012,2026-06-05 21:45:00,0.397,valid
DE_1012,2026-06-05 22:00:00,0.44,valid
DE_1012,2026-06-05 22:15:00,0.407,valid
DE_1012,2026-06-05 22:30:00,0.459,valid
DE_1012,2026-06-05 22:45:00,0.347,valid
DE_1012,2026-06-05 23:00:00,0.362,valid
DE_1012,2026-06-05 23:15:00,0.474,valid
DE_1012,2026-06-05 23:30:00,0.502,valid
DE_1012,2026-06-05 23:45:00,0.434,valid
DE_1012,2026-06-06 00:00:00,0.518,valid
DE_1012,2026-06-06 00:15:00,0.515,valid
DE_1012,2026-06-06 00:30:00,0.529,valid
DE_1012,2026-06-06 00:45:00,0.504,valid
DE_1012,2026-06-06 01:00:00,0.39,valid
DE_1012,2026-06-06 01:15:00,0.475,valid
DE_1012,2026-06-06 01:30:00,0.481,valid
DE_1012,2026-06-06 01:45:00,0.55,valid
DE_1012,2026-06-06 02:00:00,0.375,valid
DE_1012,2026-06-06 02:15:00,0.565,valid
DE_1012,2026-06-06 02:30:00,0.446,valid
DE_1012,2026-06-06 02:45:00,0.397,valid
DE_1012,2026-06-06 03:00:00,0.411,valid
DE_1012,2026-06-06 03:15:00,0.481,valid
DE_1012,2026-06-06 03:30:00,0.428,valid
DE_1012,2026-06-06 03:45:00,0.387,valid
DE_1012,2026-06-06 04:00:00,0.434,valid
DE_1012,2026-06-06 04:15:00,0.449,valid
DE_1012,2026-06-06 04:30:00,0.4,valid
DE_1012,2026-06-06 04:45:00,0.485,valid
DE_1012,2026-06-06 05:00:00,45.966,valid
DE_1012,2026-06-06 05:15:00,0.254,valid
DE_1012,2026-06-06 05:30:00,0.377,valid
DE_1012,2026-06-06 05:45:00,0.468,valid
DE_1012,2026-06-06 06:00:00,0.375,valid
DE_1012,2026-06-06 06:15:00,0.424,valid
DE_1012,2026-06-06 06:30:00,0.379,valid
DE_1012,2026-06-06 06:45:00,0.278,valid
DE_1012,2026-06-06 07:00:00,0.293,valid
DE_1012,2026-06-06 07:15:00,0.325,valid
DE_1012,2026-06-06 07:30:00,0.392,valid
DE_1012,2026-06-06 07:45:00,0.322,valid
DE_1012,2026-06-06 08:00:00,0.276,valid
DE_1012,2026-06-06 08:15:00,0.273,valid
DE_1012,2026-06-06 08:30:00,0.309,valid
DE_1012,2026-06-06 08:45:00,0.31,valid
DE_1012,2026-06-06 09:00:00,0.39,valid
DE_1012,2026-06-06 09:15:00,0.268,valid
DE_1012,2026-06-06 09:30:00,0.213,valid
DE_1012,2026-06-06 09:45:00,0.306,valid
DE_1012,2026-06-06 10:00:00,0.264,valid
DE_1012,2026-06-06 10:15:00,0.259,valid
DE_1012,2026-06-06 10:30:00,0.214,valid
DE_1012,2026-06-06 10:45:00,0.274,valid
DE_1012,2026-06-06 11:00:00,0.201,valid
DE_1012,2026-06-06 11:15:00,0.198,valid
DE_1012,2026-06-06 11:30:00,0.196,valid
DE_1012,2026-06-06 11:45:00,0.274,valid
DE_1012,2026-06-06 12:00:00,0.128,valid
DE_1012,2026-06-06 12:15:00,0.196,valid
DE_1012,2026-06-06 12:30:00,0.187,valid
DE_1012,2026-06-06 12:45:00,0.237,valid
DE_1012,2026-06-06 13:00:00,0.216,valid
DE_1012,2026-06-06 13:15:00,0.271,valid
DE_1012,2026-06-06 13:30:00,0.187,valid
DE_1012,2026-06-06 13:45:00,0.247,valid
DE_1012,2026-06-06 14:00:00,0.264,valid
DE_1012,2026-06-06 14:15:00,0.254,valid
DE_1012,2026-06-06 14:30:00,0.328,valid
DE_1012,2026-06-06 14:45:00,0.277,valid
DE_1012,2026-06-06 15:00:00,0.288,valid
DE_1012,2026-06-06 15:15:00,0.33,valid
DE_1012,2026-06-06 15:30:00,0.294,valid
DE_1012,2026-06-06 15:45:00,0.262,valid
DE_1012,2026-06-06 16:00:00,0.348,valid
DE_1012,2026-06-06 16:15:00,0.412,valid
DE_1012,2026-06-06 16:30:00,0.272,valid
DE_1012,2026-06-06 16:45:00,0.332,valid
DE_1012,2026-06-06 17:00:00,0.332,valid
DE_1012,2026-06-06 17:15:00,0.33,valid
DE_1012,2026-06-06 17:30:00,0.231,valid
DE_1012,2026-06-06 17:45:00,0.293,valid
DE_1012,2026-06-06 18:00:00,0.31,valid
DE_1012,2026-06-06 18:15:00,0.422,valid
DE_1012,2026-06-06 18:30:00,0.294,valid
DE_1012,2026-06-06 18:45:00,0.416,valid
DE_1012,2026-06-06 19:00:00,0.328,valid
DE_1012,2026-06-06 19:30:00,0.355,valid
DE_1012,2026-06-06 19:45:00,0.347,valid
DE_1012,2026-06-06 20:00:00,0.322,valid
DE_1012,2026-06-06 20:15:00,0.47,valid
DE_1012,2026-06-06 20:30:00,0.456,valid
DE_1012,2026-06-06 20:45:00,0.46,valid
DE_1012,2026-06-06 21:00:00,0.473,valid
DE_1012,2026-06-06 21:15:00,0.471,valid
DE_1012,2026-06-06 21:30:00,0.487,valid
DE_1012,2026-06-06 21:45:00,0.387,valid
DE_1012,2026-06-06 22:00:00,0.479,valid
DE_1012,2026-06-06 22:15:00,0.523,valid
DE_1012,2026-06-06 22:30:00,0.468,valid
DE_1012,2026-06-06 22:45:00,0.441,valid
DE_1012,2026-06-06 23:00:00,0.431,valid
DE_1012,2026-06-06 23:15:00,0.462,valid
DE_1012,2026-06-06 23:30:00,0.452,valid
DE_1012,2026-06-06 23:45:00,0.326,valid
DE_1012,2026-06-07 00:00:00,0.524,valid
DE_1012,2026-06-07 00:15:00,0.576,valid
DE_1012,2026-06-07 00:30:00,0.531,valid
DE_1012,2026-06-07 00:45:00,0.509,valid
DE_1012,2026-06-07 01:00:00,0.439,valid
DE_1012,2026-06-07 01:15:00,0.463,valid
DE_1012,2026-06-07 01:30:00,0.545,valid
DE_1012,2026-06-07 01:45:00,0.407,valid
DE_1012,2026-06-07 02:00:00,0.563,valid
DE_1012,2026-06-07 02:15:00,0.375,valid
DE_1012,2026-06-07 02:30:00,0.493,valid
DE_1012,2026-06-07 02:45:00,0.417,valid
DE_1012,2026-06-07 03:00:00,0.403,valid
DE_1012,2026-06-07 03:15:00,0.317,valid
DE_1012,2026-06-07 03:30:00,0.472,valid
DE_1012,2026-06-07 03:45:00,0.447,valid
DE_1012,2026-06-07 04:00:00,0.454,valid
DE_1012,2026-06-07 04:15:00,0.375,valid
DE_1012,2026-06-07 04:30:00,0.467,valid
DE_1012,2026-06-07 04:45:00,0.409,valid
DE_1012,2026-06-07 05:00:00,0.366,valid
DE_1012,2026-06-07 05:15:00,0.35,valid
DE_1012,2026-06-07 05:30:00,0.437,valid
DE_1012,2026-06-07 05:45:00,0.393,valid
DE_1012,2026-06-07 06:00:00,0.371,valid
DE_1012,2026-06-07 06:15:00,0.276,valid
DE_1012,2026-06-07 06:30:00,0.347,valid
DE_1012,2026-06-07 06:45:00,0.3,valid
DE_1012,2026-06-07 07:15:00,0.232,valid
DE_1012,2026-06-07 07:30:00,0.355,valid
DE_1012,2026-06-07 07:45:00,0.32,valid
DE_1012,2026-06-07 08:00:00,0.3,valid
DE_1012,2026-06-07 08:15:00,0.251,valid
DE_1012,2026-06-07 08:30:00,0.309,valid
DE_1012,2026-06-07 08:45:00,0.25,valid
DE_1012,2026-06-07 09:00:00,0.271,valid
DE_1012,2026-06-07 09:15:00,0.307,valid
DE_1012,2026-06-07 09:30:00,0.294,valid
DE_1012,2026-06-07 10:00:00,0.216,valid
DE_1012,2026-06-07 10:15:00,0.153,valid
DE_1012,2026-06-07 10:30:00,0.264,valid
DE_1012,2026-06-07 10:45:00,0.197,valid
DE_1012,2026-06-07 11:00:00,0.209,valid
DE_1012,2026-06-07 11:15:00,0.166,valid
DE_1012,2026-06-07 11:30:00,0.213,valid
DE_1012,2026-06-07 11:45:00,0.258,valid
DE_1012,2026-06-07 12:00:00,0.184,valid
DE_1012,2026-06-07 12:15:00,0.139,valid
DE_1012,2026-06-07 12:30:00,0.207,valid
DE_1012,2026-06-07 12:45:00,0.213,valid
DE_1012,2026-06-07 13:00:00,0.226,valid
DE_1012,2026-06-07 13:15:00,0.239,valid
DE_1012,2026-06-07 13:30:00,0.287,valid
DE_1012,2026-06-07 13:45:00,0.308,valid
DE_1012,2026-06-07 14:00:00,0.286,valid
DE_1012,2026-06-07 14:15:00,0.232,valid
DE_1012,2026-06-07 14:30:00,0.268,valid
DE_1012,2026-06-07 14:45:00,0.181,valid
DE_1012,2026-06-07 15:00:00,0.276,valid
DE_1012,2026-06-07 15:15:00,0.368,valid
DE_1012,2026-06-07 15:30:00,0.272,valid
DE_1012,2026-06-07 15:45:00,0.274,valid
DE_1012,2026-06-07 16:15:00,0.356,valid
DE_1012,2026-06-07 16:30:00,0.286,valid
DE_1012,2026-06-07 16:45:00,0.315,valid
DE_1012,2026-06-07 17:00:00,0.308,valid
DE_1012,2026-06-07 17:15:00,0.264,valid
DE_1012,2026-06-07 17:30:00,0.316,valid
DE_1012,2026-06-07 17:45:00,0.275,valid
DE_1012,2026-06-07 18:00:00,0.316,valid
DE_1012,2026-06-07 18:15:00,0.321,valid
DE_1012,2026-06-07 18:15:00,0.321,valid
DE_1012,2026-06-07 18:30:00,0.436,valid
DE_1012,2026-06-07 18:45:00,0.382,valid
DE_1012,2026-06-07 19:00:00,0.391,valid
DE_1012,2026-06-07 19:15:00,0.344,valid
DE_1012,2026-06-07 19:30:00,0.405,valid
DE_1012,2026-06-07 19:45:00,0.368,valid
DE_1012,2026-06-07 20:00:00,0.461,valid
DE_1012,2026-06-07 20:15:00,0.389,valid
DE_1012,2026-06-07 20:30:00,0.486,valid
DE_1012,2026-06-07 20:45:00,0.388,valid
DE_1012,2026-06-07 21:00:00,0.43,valid
DE_1012,2026-06-07 21:15:00,0.402,valid
DE_1012,2026-06-07 21:30:00,0.424,valid
DE_1012,2026-06-07 21:45:00,0.376,valid
DE_1012,2026-06-07 22:00:00,0.393,valid
DE_1012,2026-06-07 22:15:00,0.367,valid
DE_1012,2026-06-07 22:30:00,0.408,valid
DE_1012,2026-06-07 22:45:00,0.403,valid
DE_1012,2026-06-07 23:00:00,0.489,valid
DE_1012,2026-06-07 23:15:00,0.443,valid
DE_1012,2026-06-07 23:30:00,0.467,valid
DE_1012,2026-06-07 23:45:00,0.541,valid
DE_1013,2026-06-01 00:00:00,0.53,valid
DE_1013,2026-06-01 00:15:00,0.422,valid
DE_1013,2026-06-01 00:30:00,0.52,valid
DE_1013,2026-06-01 00:45:00,0.53,valid
DE_1013,2026-06-01 01:00:00,0.468,valid
DE_1013,2026-06-01 01:15:00,0.428,valid
DE_1013,2026-06-01 01:30:00,0.493,valid
DE_1013,2026-06-01 01:45:00,0.462,valid
DE_1013,2026-06-01 02:00:00,0.463,valid
DE_1013,2026-06-01 02:15:00,0.479,valid
DE_1013,2026-06-01 02:30:00,0.471,valid
DE_1013,2026-06-01 02:45:00,0.425,valid
DE_1013,2026-06-01 03:00:00,0.344,valid
DE_1013,2026-06-01 03:15:00,0.43,valid
DE_1013,2026-06-01 03:30:00,0.419,valid
DE_1013,2026-06-01 03:45:00,0.417,valid
DE_1013,2026-06-01 04:00:00,0.416,valid
DE_1013,2026-06-01 04:15:00,0.427,valid
DE_1013,2026-06-01 04:30:00,0.346,valid
DE_1013,2026-06-01 04:45:00,0.442,valid
DE_1013,2026-06-01 05:00:00,0.393,valid
DE_1013,2026-06-01 05:15:00,0.383,valid
DE_1013,2026-06-01 05:30:00,0.378,valid
DE_1013,2026-06-01 05:45:00,0.484,valid
DE_1013,2026-06-01 06:00:00,0.373,valid
DE_1013,2026-06-01 06:15:00,0.346,valid
DE_1013,2026-06-01 06:30:00,0.271,valid
DE_1013,2026-06-01 06:45:00,0.337,valid
DE_1013,2026-06-01 07:00:00,0.349,valid
DE_1013,2026-06-01 07:15:00,0.261,valid
DE_1013,2026-06-01 07:30:00,0.318,valid
DE_1013,2026-06-01 07:45:00,0.332,valid
DE_1013,2026-06-01 08:00:00,0.339,valid
DE_1013,2026-06-01 08:15:00,0.225,valid
DE_1013,2026-06-01 08:30:00,0.291,valid
DE_1013,2026-06-01 08:45:00,0.288,valid
DE_1013,2026-06-01 09:00:00,0.275,valid
DE_1013,2026-06-01 09:15:00,0.296,valid
DE_1013,2026-06-01 09:30:00,0.319,valid
DE_1013,2026-06-01 09:45:00,0.33,valid
DE_1013,2026-06-01 10:00:00,0.38,valid
DE_1013,2026-06-01 10:15:00,0.261,valid
DE_1013,2026-06-01 10:30:00,0.273,valid
DE_1013,2026-06-01 10:45:00,0.244,valid
DE_1013,2026-06-01 11:00:00,0.221,valid
DE_1013,2026-06-01 11:15:00,0.18,valid
DE_1013,2026-06-01 11:30:00,0.216,valid
DE_1013,2026-06-01 11:45:00,0.193,valid
DE_1013,2026-06-01 12:00:00,0.136,valid
DE_1013,2026-06-01 12:15:00,0.208,valid
DE_1013,2026-06-01 12:30:00,0.172,valid
DE_1013,2026-06-01 12:45:00,0.21,valid
DE_1013,2026-06-01 13:00:00,0.211,valid
DE_1013,2026-06-01 13:15:00,0.25,valid
DE_1013,2026-06-01 13:30:00,0.297,valid
DE_1013,2026-06-01 13:45:00,0.251,valid
DE_1013,2026-06-01 14:00:00,0.232,valid
DE_1013,2026-06-01 14:15:00,0.232,valid
DE_1013,2026-06-01 14:30:00,0.261,valid
DE_1013,2026-06-01 14:45:00,0.229,valid
DE_1013,2026-06-01 15:00:00,0.258,valid
DE_1013,2026-06-01 15:15:00,0.332,valid
DE_1013,2026-06-01 15:30:00,0.289,valid
DE_1013,2026-06-01 15:45:00,0.251,valid
DE_1013,2026-06-01 16:00:00,0.309,valid
DE_1013,2026-06-01 16:15:00,0.294,valid
DE_1013,2026-06-01 16:30:00,0.275,valid
DE_1013,2026-06-01 16:45:00,0.312,valid
DE_1013,2026-06-01 17:00:00,0.305,valid
DE_1013,2026-06-01 17:15:00,0.295,valid
DE_1013,2026-06-01 17:30:00,0.361,valid
DE_1013,2026-06-01 17:45:00,0.291,valid
DE_1013,2026-06-01 18:00:00,0.419,valid
DE_1013,2026-06-01 18:15:00,0.288,valid
DE_1013,2026-06-01 18:30:00,0.373,valid
DE_1013,2026-06-01 18:45:00,0.37,valid
DE_1013,2026-06-01 19:00:00,0.393,valid
DE_1013,2026-06-01 19:15:00,0.39,valid
DE_1013,2026-06-01 19:30:00,0.42,valid
DE_1013,2026-06-01 19:45:00,0.362,valid
DE_1013,2026-06-01 20:00:00,0.381,valid
DE_1013,2026-06-01 20:15:00,0.383,valid
DE_1013,2026-06-01 20:30:00,0.5,valid
DE_1013,2026-06-01 20:45:00,0.348,valid
DE_1013,2026-06-01 21:00:00,0.479,valid
DE_1013,2026-06-01 21:15:00,0.383,valid
DE_1013,2026-06-01 21:30:00,0.452,valid
DE_1013,2026-06-01 21:45:00,0.48,valid
DE_1013,2026-06-01 22:00:00,0.389,valid
DE_1013,2026-06-01 22:15:00,0.406,valid
DE_1013,2026-06-01 22:30:00,0.494,valid
DE_1013,2026-06-01 22:45:00,0.51,valid
DE_1013,2026-06-01 23:00:00,0.446,valid
DE_1013,2026-06-01 23:15:00,0.562,valid
DE_1013,2026-06-01 23:30:00,0.461,valid
DE_1013,2026-06-01 23:45:00,0.494,valid
DE_1013,2026-06-02 00:00:00,0.564,valid
DE_1013,2026-06-02 00:15:00,0.463,valid
DE_1013,2026-06-02 00:30:00,0.583,valid
DE_1013,2026-06-02 00:45:00,0.463,valid
DE_1013,2026-06-02 01:00:00,0.47,valid
DE_1013,2026-06-02 01:15:00,0.456,valid
DE_1013,2026-06-02 01:30:00,0.591,valid
DE_1013,2026-06-02 01:45:00,0.477,valid
DE_1013,2026-06-02 02:00:00,0.493,valid
DE_1013,2026-06-02 02:15:00,0.509,valid
DE_1013,2026-06-02 02:30:00,0.429,valid
DE_1013,2026-06-02 02:45:00,0.495,valid
DE_1013,2026-06-02 03:00:00,0.409,valid
DE_1013,2026-06-02 03:15:00,0.339,valid
DE_1013,2026-06-02 03:30:00,0.407,valid
DE_1013,2026-06-02 03:45:00,0.428,valid
DE_1013,2026-06-02 04:00:00,0.288,valid
DE_1013,2026-06-02 04:15:00,0.34,valid
DE_1013,2026-06-02 04:30:00,0.396,valid
DE_1013,2026-06-02 04:45:00,0.421,valid
DE_1013,2026-06-02 05:00:00,0.407,valid
DE_1013,2026-06-02 05:15:00,0.374,valid
DE_1013,2026-06-02 05:30:00,0.342,valid
DE_1013,2026-06-02 05:45:00,0.404,valid
DE_1013,2026-06-02 06:00:00,0.282,valid
DE_1013,2026-06-02 06:15:00,0.385,valid
DE_1013,2026-06-02 06:30:00,0.274,valid
DE_1013,2026-06-02 06:45:00,0.396,valid
DE_1013,2026-06-02 07:00:00,0.28,valid
DE_1013,2026-06-02 07:15:00,0.403,valid
DE_1013,2026-06-02 07:30:00,0.304,valid
DE_1013,2026-06-02 07:45:00,0.294,valid
DE_1013,2026-06-02 08:00:00,0.249,valid
DE_1013,2026-06-02 08:15:00,0.329,valid
DE_1013,2026-06-02 08:30:00,0.24,valid
DE_1013,2026-06-02 08:45:00,0.287,valid
DE_1013,2026-06-02 09:00:00,0.296,valid
DE_1013,2026-06-02 09:15:00,0.231,valid
DE_1013,2026-06-02 09:30:00,0.229,valid
DE_1013,2026-06-02 09:45:00,0.25,valid
DE_1013,2026-06-02 10:00:00,0.182,valid
DE_1013,2026-06-02 10:15:00,0.214,valid
DE_1013,2026-06-02 10:30:00,0.249,valid
DE_1013,2026-06-02 10:45:00,0.172,valid
DE_1013,2026-06-02 11:00:00,0.225,valid
DE_1013,2026-06-02 11:15:00,0.229,valid
DE_1013,2026-06-02 11:30:00,0.234,valid
DE_1013,2026-06-02 11:45:00,0.225,valid
DE_1013,2026-06-02 12:00:00,0.083,valid
DE_1013,2026-06-02 12:15:00,0.155,valid
DE_1013,2026-06-02 12:30:00,0.215,valid
DE_1013,2026-06-02 12:45:00,0.192,valid
DE_1013,2026-06-02 13:00:00,0.168,valid
DE_1013,2026-06-02 13:15:00,0.304,valid
DE_1013,2026-06-02 13:30:00,0.287,valid
DE_1013,2026-06-02 13:45:00,0.156,valid
DE_1013,2026-06-02 14:00:00,0.242,valid
DE_1013,2026-06-02 14:15:00,0.277,valid
DE_1013,2026-06-02 14:30:00,0.331,valid
DE_1013,2026-06-02 14:45:00,0.144,valid
DE_1013,2026-06-02 15:00:00,0.307,valid
DE_1013,2026-06-02 15:15:00,0.256,valid
DE_1013,2026-06-02 15:30:00,0.283,valid
DE_1013,2026-06-02 15:45:00,0.26,valid
DE_1013,2026-06-02 16:00:00,0.383,valid
DE_1013,2026-06-02 16:15:00,0.397,valid
DE_1013,2026-06-02 16:30:00,0.286,valid
DE_1013,2026-06-02 16:45:00,0.253,valid
DE_1013,2026-06-02 17:00:00,0.453,valid
DE_1013,2026-06-02 17:15:00,0.346,valid
DE_1013,2026-06-02 17:30:00,0.271,valid
DE_1013,2026-06-02 17:45:00,0.381,valid
DE_1013,2026-06-02 18:00:00,0.34,valid
DE_1013,2026-06-02 18:15:00,0.333,valid
DE_1013,2026-06-02 18:30:00,0.403,valid
DE_1013,2026-06-02 18:45:00,0.264,valid
DE_1013,2026-06-02 19:00:00,0.422,valid
DE_1013,2026-06-02 19:15:00,0.384,valid
DE_1013,2026-06-02 19:30:00,0.393,valid
DE_1013,2026-06-02 19:45:00,0.385,valid
DE_1013,2026-06-02 20:00:00,0.317,valid
DE_1013,2026-06-02 20:15:00,0.361,valid
DE_1013,2026-06-02 20:30:00,0.419,valid
DE_1013,2026-06-02 20:45:00,0.426,valid
DE_1013,2026-06-02 21:00:00,0.422,valid
DE_1013,2026-06-02 21:15:00,0.342,valid
DE_1013,2026-06-02 21:30:00,0.412,valid
DE_1013,2026-06-02 21:45:00,0.385,valid
DE_1013,2026-06-02 22:00:00,0.411,valid
DE_1013,2026-06-02 22:15:00,0.474,valid
DE_1013,2026-06-02 22:30:00,0.465,valid
DE_1013,2026-06-02 22:45:00,0.374,valid
DE_1013,2026-06-02 23:00:00,0.468,valid
DE_1013,2026-06-02 23:15:00,0.503,valid
DE_1013,2026-06-02 23:30:00,0.484,valid
DE_1013,2026-06-02 23:45:00,0.466,valid
DE_1013,2026-06-03 00:00:00,32.65,valid
DE_1013,2026-06-03 00:15:00,0.441,valid
DE_1013,2026-06-03 00:30:00,0.594,valid
DE_1013,2026-06-03 00:45:00,0.506,valid
DE_1013,2026-06-03 01:00:00,0.431,valid
DE_1013,2026-06-03 01:15:00,0.383,valid
DE_1013,2026-06-03 01:30:00,0.386,valid
DE_1013,2026-06-03 01:45:00,0.444,valid
DE_1013,2026-06-03 02:00:00,0.502,valid
DE_1013,2026-06-03 02:15:00,0.421,valid
DE_1013,2026-06-03 02:30:00,0.437,valid
DE_1013,2026-06-03 02:45:00,0.399,valid
DE_1013,2026-06-03 03:00:00,0.499,valid
DE_1013,2026-06-03 03:15:00,0.537,valid
DE_1013,2026-06-03 03:30:00,0.288,valid
DE_1013,2026-06-03 03:45:00,0.406,valid
DE_1013,2026-06-03 04:00:00,0.424,valid
DE_1013,2026-06-03 04:15:00,0.424,valid
DE_1013,2026-06-03 04:30:00,0.374,valid
DE_1013,2026-06-03 04:45:00,0.376,valid
DE_1013,2026-06-03 05:00:00,0.408,valid
DE_1013,2026-06-03 05:15:00,0.451,valid
DE_1013,2026-06-03 05:30:00,0.286,valid
DE_1013,2026-06-03 05:45:00,0.34,valid
DE_1013,2026-06-03 06:00:00,0.373,valid
DE_1013,2026-06-03 06:15:00,0.299,valid
DE_1013,2026-06-03 06:30:00,0.322,valid
DE_1013,2026-06-03 06:45:00,0.416,valid
DE_1013,2026-06-03 07:15:00,0.298,valid
DE_1013,2026-06-03 07:30:00,0.349,valid
DE_1013,2026-06-03 07:45:00,0.257,valid
DE_1013,2026-06-03 08:00:00,0.308,valid
DE_1013,2026-06-03 08:15:00,0.323,valid
DE_1013,2026-06-03 08:30:00,0.36,valid
DE_1013,2026-06-03 08:45:00,0.332,valid
DE_1013,2026-06-03 09:00:00,0.282,valid
DE_1013,2026-06-03 09:15:00,0.265,valid
DE_1013,2026-06-03 09:30:00,0.262,valid
DE_1013,2026-06-03 09:45:00,0.336,valid
DE_1013,2026-06-03 10:00:00,0.312,valid
DE_1013,2026-06-03 10:15:00,0.277,valid
DE_1013,2026-06-03 10:30:00,0.252,valid
DE_1013,2026-06-03 10:45:00,0.207,valid
DE_1013,2026-06-03 11:00:00,0.157,valid
DE_1013,2026-06-03 11:15:00,0.202,valid
DE_1013,2026-06-03 11:30:00,0.264,valid
DE_1013,2026-06-03 11:45:00,0.233,valid
DE_1013,2026-06-03 12:00:00,0.264,valid
DE_1013,2026-06-03 12:15:00,0.191,valid
DE_1013,2026-06-03 12:30:00,0.119,valid
DE_1013,2026-06-03 12:45:00,0.166,valid
DE_1013,2026-06-03 13:00:00,0.267,valid
DE_1013,2026-06-03 13:15:00,0.237,valid
DE_1013,2026-06-03 13:30:00,0.231,valid
DE_1013,2026-06-03 13:45:00,0.223,valid
DE_1013,2026-06-03 14:00:00,0.225,valid
DE_1013,2026-06-03 14:15:00,0.282,valid
DE_1013,2026-06-03 14:30:00,0.224,valid
DE_1013,2026-06-03 14:45:00,0.27,valid
DE_1013,2026-06-03 15:00:00,0.276,valid
DE_1013,2026-06-03 15:15:00,0.195,valid
DE_1013,2026-06-03 15:30:00,0.352,valid
DE_1013,2026-06-03 15:45:00,0.262,valid
DE_1013,2026-06-03 16:00:00,0.342,valid
DE_1013,2026-06-03 16:15:00,0.329,valid
DE_1013,2026-06-03 16:30:00,0.299,valid
DE_1013,2026-06-03 16:45:00,0.277,valid
DE_1013,2026-06-03 17:00:00,0.335,valid
DE_1013,2026-06-03 17:15:00,0.298,valid
DE_1013,2026-06-03 17:30:00,0.283,valid
DE_1013,2026-06-03 17:45:00,0.299,valid
DE_1013,2026-06-03 18:00:00,0.266,valid
DE_1013,2026-06-03 18:15:00,0.3,valid
DE_1013,2026-06-03 18:30:00,0.343,valid
DE_1013,2026-06-03 18:45:00,0.378,valid
DE_1013,2026-06-03 19:00:00,0.274,valid
DE_1013,2026-06-03 19:15:00,0.399,valid
DE_1013,2026-06-03 19:30:00,0.441,valid
DE_1013,2026-06-03 19:45:00,0.419,valid
DE_1013,2026-06-03 20:00:00,0.468,valid
DE_1013,2026-06-03 20:15:00,0.34,valid
DE_1013,2026-06-03 20:30:00,0.352,valid
DE_1013,2026-06-03 20:45:00,0.329,valid
DE_1013,2026-06-03 21:00:00,0.493,valid
DE_1013,2026-06-03 21:15:00,0.534,valid
DE_1013,2026-06-03 21:30:00,0.345,valid
DE_1013,2026-06-03 21:45:00,0.417,valid
DE_1013,2026-06-03 22:00:00,0.383,valid
DE_1013,2026-06-03 22:15:00,0.356,valid
DE_1013,2026-06-03 22:30:00,0.402,valid
DE_1013,2026-06-03 22:45:00,0.524,valid
DE_1013,2026-06-03 23:00:00,0.45,valid
DE_1013,2026-06-03 23:15:00,0.515,valid
DE_1013,2026-06-03 23:30:00,0.508,valid
DE_1013,2026-06-03 23:45:00,0.433,valid
DE_1013,2026-06-04 00:00:00,0.567,valid
DE_1013,2026-06-04 00:15:00,0.445,valid
DE_1013,2026-06-04 00:30:00,0.474,valid
DE_1013,2026-06-04 00:45:00,0.522,valid
DE_1013,2026-06-04 01:00:00,0.46,valid
DE_1013,2026-06-04 01:15:00,0.462,valid
DE_1013,2026-06-04 01:30:00,0.515,valid
DE_1013,2026-06-04 01:45:00,0.532,valid
DE_1013,2026-06-04 02:00:00,0.36,valid
DE_1013,2026-06-04 02:15:00,0.451,valid
DE_1013,2026-06-04 02:30:00,0.513,valid
DE_1013,2026-06-04 02:45:00,0.529,valid
DE_1013,2026-06-04 03:00:00,0.299,valid
DE_1013,2026-06-04 03:15:00,0.387,valid
DE_1013,2026-06-04 03:30:00,0.429,valid
DE_1013,2026-06-04 03:45:00,0.404,valid
DE_1013,2026-06-04 04:00:00,0.436,valid
DE_1013,2026-06-04 04:15:00,0.424,valid
DE_1013,2026-06-04 04:30:00,0.427,valid
DE_1013,2026-06-04 04:45:00,0.388,valid
DE_1013,2026-06-04 05:00:00,0.366,valid
DE_1013,2026-06-04 05:15:00,0.422,valid
DE_1013,2026-06-04 05:30:00,0.402,valid
DE_1013,2026-06-04 05:45:00,0.392,valid
DE_1013,2026-06-04 06:00:00,0.355,valid
DE_1013,2026-06-04 06:15:00,0.312,valid
DE_1013,2026-06-04 06:30:00,0.312,valid
DE_1013,2026-06-04 06:45:00,0.356,valid
DE_1013,2026-06-04 07:00:00,0.377,valid
DE_1013,2026-06-04 07:15:00,0.274,valid
DE_1013,2026-06-04 07:30:00,0.341,valid
DE_1013,2026-06-04 07:45:00,0.345,valid
DE_1013,2026-06-04 08:00:00,0.287,valid
DE_1013,2026-06-04 08:15:00,0.294,valid
DE_1013,2026-06-04 08:30:00,0.332,valid
DE_1013,2026-06-04 08:45:00,0.261,valid
DE_1013,2026-06-04 09:00:00,0.344,valid
DE_1013,2026-06-04 09:15:00,0.188,valid
DE_1013,2026-06-04 09:30:00,0.308,valid
DE_1013,2026-06-04 09:45:00,0.31,valid
DE_1013,2026-06-04 10:00:00,0.319,valid
DE_1013,2026-06-04 10:15:00,0.148,valid
DE_1013,2026-06-04 10:30:00,0.197,valid
DE_1013,2026-06-04 10:45:00,0.304,valid
DE_1013,2026-06-04 11:00:00,0.186,valid
DE_1013,2026-06-04 11:15:00,0.224,valid
DE_1013,2026-06-04 11:30:00,0.279,valid
DE_1013,2026-06-04 11:45:00,0.172,valid
DE_1013,2026-06-04 12:00:00,0.148,valid
DE_1013,2026-06-04 12:15:00,0.151,valid
DE_1013,2026-06-04 12:30:00,0.198,valid
DE_1013,2026-06-04 12:45:00,0.163,valid
DE_1013,2026-06-04 13:00:00,0.228,valid
DE_1013,2026-06-04 13:15:00,0.219,valid
DE_1013,2026-06-04 13:30:00,0.25,valid
DE_1013,2026-06-04 13:45:00,0.192,valid
DE_1013,2026-06-04 14:00:00,29.169,valid
DE_1013,2026-06-04 14:15:00,0.292,valid
DE_1013,2026-06-04 14:30:00,0.294,valid
DE_1013,2026-06-04 14:45:00,0.272,valid
DE_1013,2026-06-04 15:00:00,0.253,valid
DE_1013,2026-06-04 15:15:00,0.28,valid
DE_1013,2026-06-04 15:30:00,0.205,valid
DE_1013,2026-06-04 15:45:00,0.29,valid
DE_1013,2026-06-04 16:00:00,0.345,valid
DE_1013,2026-06-04 16:15:00,0.267,valid
DE_1013,2026-06-04 16:30:00,0.37,valid
DE_1013,2026-06-04 16:45:00,0.342,valid
DE_1013,2026-06-04 17:00:00,0.423,valid
DE_1013,2026-06-04 17:15:00,0.269,valid
DE_1013,2026-06-04 17:30:00,0.329,valid
DE_1013,2026-06-04 17:45:00,0.292,valid
DE_1013,2026-06-04 18:00:00,0.329,valid
DE_1013,2026-06-04 18:15:00,0.388,valid
DE_1013,2026-06-04 18:30:00,0.408,valid
DE_1013,2026-06-04 18:45:00,0.349,valid
DE_1013,2026-06-04 19:00:00,0.358,valid
DE_1013,2026-06-04 19:15:00,0.321,valid
DE_1013,2026-06-04 19:30:00,0.373,valid
DE_1013,2026-06-04 19:45:00,0.389,valid
DE_1013,2026-06-04 20:00:00,0.431,valid
DE_1013,2026-06-04 20:15:00,0.447,valid
DE_1013,2026-06-04 20:30:00,0.372,valid
DE_1013,2026-06-04 20:45:00,0.366,valid
DE_1013,2026-06-04 21:00:00,0.491,valid
DE_1013,2026-06-04 21:15:00,0.438,valid
DE_1013,2026-06-04 21:30:00,0.339,valid
DE_1013,2026-06-04 21:45:00,0.505,valid
DE_1013,2026-06-04 22:00:00,0.416,valid
DE_1013,2026-06-04 22:15:00,0.491,valid
DE_1013,2026-06-04 22:30:00,0.434,valid
DE_1013,2026-06-04 23:00:00,0.558,valid
DE_1013,2026-06-04 23:15:00,0.384,valid
DE_1013,2026-06-04 23:30:00,0.459,valid
DE_1013,2026-06-04 23:45:00,0.439,valid
DE_1013,2026-06-05 00:00:00,0.486,valid
DE_1013,2026-06-05 00:15:00,0.484,valid
DE_1013,2026-06-05 00:30:00,0.546,valid
DE_1013,2026-06-05 00:45:00,0.521,valid
DE_1013,2026-06-05 01:00:00,0.451,valid
DE_1013,2026-06-05 01:15:00,0.55,valid
DE_1013,2026-06-05 01:30:00,0.517,valid
DE_1013,2026-06-05 01:45:00,0.431,valid
DE_1013,2026-06-05 02:00:00,0.431,valid
DE_1013,2026-06-05 02:15:00,0.416,valid
DE_1013,2026-06-05 02:30:00,0.461,valid
DE_1013,2026-06-05 02:45:00,0.431,valid
DE_1013,2026-06-05 03:00:00,0.462,valid
DE_1013,2026-06-05 03:15:00,0.398,valid
DE_1013,2026-06-05 03:30:00,0.426,valid
DE_1013,2026-06-05 03:45:00,0.395,valid
DE_1013,2026-06-05 04:00:00,0.37,valid
DE_1013,2026-06-05 04:15:00,0.442,valid
DE_1013,2026-06-05 04:30:00,0.325,valid
DE_1013,2026-06-05 04:45:00,0.412,valid
DE_1013,2026-06-05 05:00:00,0.416,valid
DE_1013,2026-06-05 05:15:00,0.44,valid
DE_1013,2026-06-05 05:30:00,0.328,valid
DE_1013,2026-06-05 05:45:00,0.436,valid
DE_1013,2026-06-05 06:00:00,0.345,valid
DE_1013,2026-06-05 06:15:00,0.355,valid
DE_1013,2026-06-05 06:30:00,0.364,valid
DE_1013,2026-06-05 06:45:00,0.284,valid
DE_1013,2026-06-05 07:00:00,0.391,valid
DE_1013,2026-06-05 07:15:00,0.36,valid
DE_1013,2026-06-05 07:30:00,0.292,valid
DE_1013,2026-06-05 07:45:00,0.295,valid
DE_1013,2026-06-05 08:00:00,0.418,valid
DE_1013,2026-06-05 08:15:00,0.29,valid
DE_1013,2026-06-05 08:30:00,0.296,valid
DE_1013,2026-06-05 08:45:00,0.218,valid
DE_1013,2026-06-05 09:00:00,0.263,valid
DE_1013,2026-06-05 09:15:00,0.301,valid
DE_1013,2026-06-05 09:30:00,0.248,valid
DE_1013,2026-06-05 09:45:00,0.282,valid
DE_1013,2026-06-05 10:00:00,0.266,valid
DE_1013,2026-06-05 10:15:00,0.232,valid
DE_1013,2026-06-05 10:30:00,0.3,valid
DE_1013,2026-06-05 10:45:00,0.24,valid
DE_1013,2026-06-05 11:00:00,0.221,valid
DE_1013,2026-06-05 11:30:00,0.135,valid
DE_1013,2026-06-05 11:45:00,0.254,valid
DE_1013,2026-06-05 12:00:00,0.238,valid
DE_1013,2026-06-05 12:15:00,0.239,valid
DE_1013,2026-06-05 12:30:00,0.222,valid
DE_1013,2026-06-05 12:45:00,0.196,valid
DE_1013,2026-06-05 13:00:00,0.252,valid
DE_1013,2026-06-05 13:15:00,0.361,valid
DE_1013,2026-06-05 13:30:00,0.17,valid
DE_1013,2026-06-05 13:45:00,0.255,valid
DE_1013,2026-06-05 14:00:00,0.274,valid
DE_1013,2026-06-05 14:15:00,0.292,valid
DE_1013,2026-06-05 14:30:00,0.179,valid
DE_1013,2026-06-05 14:45:00,0.351,valid
DE_1013,2026-06-05 15:00:00,0.34,valid
DE_1013,2026-06-05 15:15:00,0.263,valid
DE_1013,2026-06-05 15:30:00,0.366,valid
DE_1013,2026-06-05 15:45:00,0.283,valid
DE_1013,2026-06-05 16:00:00,0.406,valid
DE_1013,2026-06-05 16:15:00,0.311,valid
DE_1013,2026-06-05 16:30:00,0.199,valid
DE_1013,2026-06-05 16:45:00,0.299,valid
DE_1013,2026-06-05 17:00:00,0.302,valid
DE_1013,2026-06-05 17:15:00,0.256,valid
DE_1013,2026-06-05 17:30:00,0.276,valid
DE_1013,2026-06-05 17:45:00,0.339,valid
DE_1013,2026-06-05 18:00:00,0.313,valid
DE_1013,2026-06-05 18:15:00,0.4,valid
DE_1013,2026-06-05 18:30:00,0.266,valid
DE_1013,2026-06-05 18:45:00,0.338,valid
DE_1013,2026-06-05 19:00:00,0.399,valid
DE_1013,2026-06-05 19:15:00,0.395,valid
DE_1013,2026-06-05 19:30:00,0.347,valid
DE_1013,2026-06-05 19:45:00,0.389,valid
DE_1013,2026-06-05 20:00:00,0.348,valid
DE_1013,2026-06-05 20:15:00,0.365,valid
DE_1013,2026-06-05 20:30:00,0.329,valid
DE_1013,2026-06-05 20:45:00,0.465,valid
DE_1013,2026-06-05 21:00:00,0.405,valid
DE_1013,2026-06-05 21:15:00,0.375,valid
DE_1013,2026-06-05 21:30:00,0.411,valid
DE_1013,2026-06-05 21:45:00,0.493,valid
DE_1013,2026-06-05 22:00:00,0.538,valid
DE_1013,2026-06-05 22:15:00,0.405,valid
DE_1013,2026-06-05 22:30:00,0.541,valid
DE_1013,2026-06-05 22:45:00,0.447,valid
DE_1013,2026-06-05 23:00:00,0.533,valid
DE_1013,2026-06-05 23:15:00,0.519,valid
DE_1013,2026-06-05 23:30:00,0.437,valid
DE_1013,2026-06-05 23:45:00,0.441,valid
DE_1013,2026-06-06 00:00:00,0.417,valid
DE_1013,2026-06-06 00:15:00,0.502,valid
DE_1013,2026-06-06 00:30:00,0.521,valid
DE_1013,2026-06-06 00:45:00,0.49,valid
DE_1013,2026-06-06 01:00:00,0.413,valid
DE_1013,2026-06-06 01:15:00,0.498,valid
DE_1013,2026-06-06 01:30:00,0.516,valid
DE_1013,2026-06-06 01:45:00,0.483,valid
DE_1013,2026-06-06 02:00:00,0.419,valid
DE_1013,2026-06-06 02:15:00,0.467,valid
DE_1013,2026-06-06 02:30:00,0.403,valid
DE_1013,2026-06-06 02:45:00,0.464,valid
DE_1013,2026-06-06 03:00:00,0.444,valid
DE_1013,2026-06-06 03:15:00,0.478,valid
DE_1013,2026-06-06 03:30:00,0.518,valid
DE_1013,2026-06-06 03:45:00,0.517,valid
DE_1013,2026-06-06 04:00:00,0.444,valid
DE_1013,2026-06-06 04:15:00,0.373,valid
DE_1013,2026-06-06 04:30:00,0.433,valid
DE_1013,2026-06-06 04:45:00,0.33,valid
DE_1013,2026-06-06 05:00:00,0.375,valid
DE_1013,2026-06-06 05:15:00,0.369,valid
DE_1013,2026-06-06 05:30:00,0.35,valid
DE_1013,2026-06-06 05:45:00,0.4,valid
DE_1013,2026-06-06 06:00:00,0.328,valid
DE_1013,2026-06-06 06:15:00,0.451,valid
DE_1013,2026-06-06 06:30:00,0.341,valid
DE_1013,2026-06-06 06:45:00,0.445,valid
DE_1013,2026-06-06 07:00:00,0.339,valid
DE_1013,2026-06-06 07:30:00,0.331,valid
DE_1013,2026-06-06 07:45:00,0.432,valid
DE_1013,2026-06-06 08:00:00,0.292,valid
DE_1013,2026-06-06 08:15:00,0.305,valid
DE_1013,2026-06-06 08:30:00,0.328,valid
DE_1013,2026-06-06 08:45:00,0.34,valid
DE_1013,2026-06-06 09:00:00,0.313,valid
DE_1013,2026-06-06 09:15:00,0.19,valid
DE_1013,2026-06-06 09:30:00,0.238,valid
DE_1013,2026-06-06 09:45:00,0.248,valid
DE_1013,2026-06-06 10:00:00,0.402,valid
DE_1013,2026-06-06 10:15:00,0.21,valid
DE_1013,2026-06-06 10:30:00,0.257,valid
DE_1013,2026-06-06 10:45:00,0.385,valid
DE_1013,2026-06-06 11:00:00,0.25,valid
DE_1013,2026-06-06 11:15:00,0.292,valid
DE_1013,2026-06-06 11:30:00,0.268,valid
DE_1013,2026-06-06 11:45:00,0.146,valid
DE_1013,2026-06-06 12:00:00,0.177,valid
DE_1013,2026-06-06 12:15:00,0.188,valid
DE_1013,2026-06-06 12:30:00,0.11,valid
DE_1013,2026-06-06 12:45:00,0.096,valid
DE_1013,2026-06-06 13:00:00,0.275,valid
DE_1013,2026-06-06 13:15:00,0.321,valid
DE_1013,2026-06-06 13:30:00,0.172,valid
DE_1013,2026-06-06 13:45:00,0.219,valid
DE_1013,2026-06-06 14:00:00,0.323,valid
DE_1013,2026-06-06 14:15:00,0.303,valid
DE_1013,2026-06-06 14:30:00,0.179,valid
DE_1013,2026-06-06 14:45:00,0.248,valid
DE_1013,2026-06-06 15:15:00,0.181,valid
DE_1013,2026-06-06 15:30:00,0.248,valid
DE_1013,2026-06-06 15:45:00,0.247,valid
DE_1013,2026-06-06 16:00:00,0.185,valid
DE_1013,2026-06-06 16:15:00,0.26,valid
DE_1013,2026-06-06 16:30:00,0.306,valid
DE_1013,2026-06-06 16:45:00,0.321,valid
DE_1013,2026-06-06 17:00:00,0.26,valid
DE_1013,2026-06-06 17:15:00,0.352,valid
DE_1013,2026-06-06 17:30:00,0.315,valid
DE_1013,2026-06-06 17:45:00,0.318,valid
DE_1013,2026-06-06 18:00:00,0.32,valid
DE_1013,2026-06-06 18:15:00,0.241,valid
DE_1013,2026-06-06 18:30:00,0.393,valid
DE_1013,2026-06-06 18:45:00,0.373,valid
DE_1013,2026-06-06 19:00:00,0.374,valid
DE_1013,2026-06-06 19:30:00,0.307,valid
DE_1013,2026-06-06 19:45:00,0.395,valid
DE_1013,2026-06-06 20:00:00,0.377,valid
DE_1013,2026-06-06 20:15:00,0.429,valid
DE_1013,2026-06-06 20:30:00,0.434,valid
DE_1013,2026-06-06 20:45:00,0.375,valid
DE_1013,2026-06-06 21:00:00,0.388,valid
DE_1013,2026-06-06 21:15:00,0.417,valid
DE_1013,2026-06-06 21:30:00,0.441,valid
DE_1013,2026-06-06 21:45:00,0.339,valid
DE_1013,2026-06-06 22:00:00,0.459,valid
DE_1013,2026-06-06 22:15:00,0.377,valid
DE_1013,2026-06-06 22:30:00,0.432,valid
DE_1013,2026-06-06 22:45:00,0.565,valid
DE_1013,2026-06-06 23:00:00,0.425,valid
DE_1013,2026-06-06 23:15:00,0.424,valid
DE_1013,2026-06-06 23:30:00,0.454,valid
DE_1013,2026-06-06 23:45:00,0.464,valid
DE_1013,2026-06-07 00:00:00,0.435,valid
DE_1013,2026-06-07 00:15:00,0.517,valid
DE_1013,2026-06-07 00:30:00,0.532,valid
DE_1013,2026-06-07 00:45:00,0.525,valid
DE_1013,2026-06-07 01:00:00,0.492,valid
DE_1013,2026-06-07 01:15:00,0.461,valid
DE_1013,2026-06-07 01:30:00,0.428,valid
DE_1013,2026-06-07 01:45:00,0.477,valid
DE_1013,2026-06-07 02:00:00,0.476,valid
DE_1013,2026-06-07 02:15:00,0.408,valid
DE_1013,2026-06-07 02:30:00,0.439,valid
DE_1013,2026-06-07 02:45:00,0.451,valid
DE_1013,2026-06-07 03:00:00,0.538,valid
DE_1013,2026-06-07 03:15:00,0.481,valid
DE_1013,2026-06-07 03:30:00,0.493,valid
DE_1013,2026-06-07 03:45:00,0.46,valid
DE_1013,2026-06-07 04:00:00,0.369,valid
DE_1013,2026-06-07 04:15:00,0.431,valid
DE_1013,2026-06-07 04:30:00,0.476,valid
DE_1013,2026-06-07 04:45:00,0.35,valid
DE_1013,2026-06-07 05:00:00,0.378,valid
DE_1013,2026-06-07 05:15:00,0.381,valid
DE_1013,2026-06-07 05:30:00,0.403,valid
DE_1013,2026-06-07 05:45:00,0.433,valid
DE_1013,2026-06-07 06:00:00,0.34,valid
DE_1013,2026-06-07 06:15:00,0.342,valid
DE_1013,2026-06-07 06:30:00,0.507,valid
DE_1013,2026-06-07 06:45:00,0.326,valid
DE_1013,2026-06-07 07:00:00,0.256,valid
DE_1013,2026-06-07 07:15:00,0.332,valid
DE_1013,2026-06-07 07:30:00,0.297,valid
DE_1013,2026-06-07 07:45:00,0.317,valid
DE_1013,2026-06-07 08:00:00,0.294,valid
DE_1013,2026-06-07 08:15:00,0.186,valid
DE_1013,2026-06-07 08:30:00,0.304,valid
DE_1013,2026-06-07 08:45:00,0.311,valid
DE_1013,2026-06-07 09:00:00,0.334,valid
DE_1013,2026-06-07 09:15:00,0.284,valid
DE_1013,2026-06-07 09:30:00,0.333,valid
DE_1013,2026-06-07 09:45:00,0.357,valid
DE_1013,2026-06-07 10:00:00,0.276,valid
DE_1013,2026-06-07 10:15:00,0.273,valid
DE_1013,2026-06-07 10:30:00,0.234,valid
DE_1013,2026-06-07 10:45:00,0.281,valid
DE_1013,2026-06-07 11:00:00,0.208,valid
DE_1013,2026-06-07 11:15:00,0.108,valid
DE_1013,2026-06-07 11:30:00,0.219,valid
DE_1013,2026-06-07 11:45:00,0.282,valid
DE_1013,2026-06-07 12:00:00,0.244,valid
DE_1013,2026-06-07 12:15:00,0.187,valid
DE_1013,2026-06-07 12:30:00,0.16,valid
DE_1013,2026-06-07 12:45:00,0.187,valid
DE_1013,2026-06-07 13:00:00,0.223,valid
DE_1013,2026-06-07 13:15:00,0.167,valid
DE_1013,2026-06-07 13:30:00,0.175,valid
DE_1013,2026-06-07 13:45:00,0.221,valid
DE_1013,2026-06-07 14:00:00,0.261,valid
DE_1013,2026-06-07 14:15:00,0.279,valid
DE_1013,2026-06-07 14:30:00,0.21,valid
DE_1013,2026-06-07 14:45:00,0.154,valid
DE_1013,2026-06-07 15:00:00,0.265,valid
DE_1013,2026-06-07 15:15:00,0.324,valid
DE_1013,2026-06-07 15:30:00,0.201,valid
DE_1013,2026-06-07 15:45:00,0.232,valid
DE_1013,2026-06-07 16:00:00,0.266,valid
DE_1013,2026-06-07 16:15:00,0.382,valid
DE_1013,2026-06-07 16:30:00,0.355,valid
DE_1013,2026-06-07 16:45:00,0.283,valid
DE_1013,2026-06-07 17:00:00,0.364,valid
DE_1013,2026-06-07 17:15:00,0.29,valid
DE_1013,2026-06-07 17:45:00,0.233,valid
DE_1013,2026-06-07 18:15:00,0.302,valid
DE_1013,2026-06-07 18:30:00,0.292,valid
DE_1013,2026-06-07 18:45:00,0.378,valid
DE_1013,2026-06-07 19:00:00,0.325,valid
DE_1013,2026-06-07 19:15:00,0.425,valid
DE_1013,2026-06-07 19:30:00,0.403,valid
DE_1013,2026-06-07 19:45:00,0.387,valid
DE_1013,2026-06-07 20:00:00,0.458,valid
DE_1013,2026-06-07 20:15:00,0.413,valid
DE_1013,2026-06-07 20:30:00,0.364,valid
DE_1013,2026-06-07 20:45:00,0.378,valid
DE_1013,2026-06-07 21:00:00,0.458,valid
DE_1013,2026-06-07 21:15:00,0.361,valid
DE_1013,2026-06-07 21:30:00,0.47,valid
DE_1013,2026-06-07 21:45:00,0.415,valid
DE_1013,2026-06-07 22:00:00,0.481,valid
DE_1013,2026-06-07 22:15:00,0.456,valid
DE_1013,2026-06-07 22:30:00,0.411,valid
DE_1013,2026-06-07 22:45:00,0.529,valid
DE_1013,2026-06-07 23:00:00,0.463,valid
DE_1013,2026-06-07 23:15:00,0.49,valid
DE_1013,2026-06-07 23:30:00,0.448,valid
DE_1013,2026-06-07 23:45:00,0.435,valid
DE_1014,2026-06-01 00:00:00,0.505,valid
DE_1014,2026-06-01 00:15:00,0.475,valid
DE_1014,2026-06-01 00:30:00,0.497,valid
DE_1014,2026-06-01 00:45:00,0.507,valid
DE_1014,2026-06-01 01:00:00,0.448,valid
DE_1014,2026-06-01 01:15:00,0.524,valid
DE_1014,2026-06-01 01:30:00,0.505,valid
DE_1014,2026-06-01 01:45:00,0.372,valid
DE_1014,2026-06-01 02:00:00,0.404,valid
DE_1014,2026-06-01 02:15:00,0.431,valid
DE_1014,2026-06-01 02:30:00,0.401,valid
DE_1014,2026-06-01 02:45:00,0.413,valid
DE_1014,2026-06-01 03:00:00,0.457,valid
DE_1014,2026-06-01 03:15:00,0.449,valid
DE_1014,2026-06-01 03:30:00,0.344,valid
DE_1014,2026-06-01 03:45:00,0.36,valid
DE_1014,2026-06-01 04:00:00,0.413,valid
DE_1014,2026-06-01 04:15:00,0.385,valid
DE_1014,2026-06-01 04:30:00,0.441,valid
DE_1014,2026-06-01 04:45:00,0.367,valid
DE_1014,2026-06-01 05:00:00,0.377,valid
DE_1014,2026-06-01 05:15:00,0.331,valid
DE_1014,2026-06-01 05:30:00,0.361,valid
DE_1014,2026-06-01 05:45:00,0.405,valid
DE_1014,2026-06-01 06:00:00,0.369,valid
DE_1014,2026-06-01 06:15:00,0.294,valid
DE_1014,2026-06-01 06:30:00,0.402,valid
DE_1014,2026-06-01 06:45:00,0.347,valid
DE_1014,2026-06-01 07:00:00,0.347,valid
DE_1014,2026-06-01 07:15:00,0.347,valid
DE_1014,2026-06-01 07:30:00,0.302,valid
DE_1014,2026-06-01 07:45:00,0.369,valid
DE_1014,2026-06-01 08:00:00,0.264,valid
DE_1014,2026-06-01 08:15:00,0.281,valid
DE_1014,2026-06-01 08:30:00,0.239,valid
DE_1014,2026-06-01 08:45:00,0.223,valid
DE_1014,2026-06-01 09:00:00,0.385,valid
DE_1014,2026-06-01 09:15:00,0.267,valid
DE_1014,2026-06-01 09:30:00,0.254,valid
DE_1014,2026-06-01 09:45:00,0.369,valid
DE_1014,2026-06-01 10:00:00,0.163,valid
DE_1014,2026-06-01 10:15:00,0.311,valid
DE_1014,2026-06-01 10:30:00,0.262,valid
DE_1014,2026-06-01 10:45:00,0.243,valid
DE_1014,2026-06-01 11:00:00,0.213,valid
DE_1014,2026-06-01 11:15:00,0.21,valid
DE_1014,2026-06-01 11:30:00,0.299,valid
DE_1014,2026-06-01 11:45:00,0.276,valid
DE_1014,2026-06-01 12:00:00,0.193,valid
DE_1014,2026-06-01 12:15:00,0.16,valid
DE_1014,2026-06-01 12:30:00,0.201,valid
DE_1014,2026-06-01 12:45:00,0.149,valid
DE_1014,2026-06-01 13:00:00,0.184,valid
DE_1014,2026-06-01 13:15:00,0.21,valid
DE_1014,2026-06-01 13:30:00,0.187,valid
DE_1014,2026-06-01 13:45:00,0.193,valid
DE_1014,2026-06-01 14:00:00,0.232,valid
DE_1014,2026-06-01 14:15:00,0.198,valid
DE_1014,2026-06-01 14:30:00,0.326,valid
DE_1014,2026-06-01 14:45:00,0.144,valid
DE_1014,2026-06-01 15:00:00,0.31,valid
DE_1014,2026-06-01 15:15:00,0.308,valid
DE_1014,2026-06-01 15:30:00,0.266,valid
DE_1014,2026-06-01 15:45:00,0.267,valid
DE_1014,2026-06-01 16:00:00,0.307,valid
DE_1014,2026-06-01 16:15:00,0.302,valid
DE_1014,2026-06-01 16:30:00,0.335,valid
DE_1014,2026-06-01 16:45:00,0.327,valid
DE_1014,2026-06-01 17:00:00,0.305,valid
DE_1014,2026-06-01 17:15:00,0.276,valid
DE_1014,2026-06-01 17:30:00,0.341,valid
DE_1014,2026-06-01 17:45:00,0.354,valid
DE_1014,2026-06-01 18:00:00,0.389,valid
DE_1014,2026-06-01 18:15:00,0.322,valid
DE_1014,2026-06-01 18:30:00,0.474,valid
DE_1014,2026-06-01 18:45:00,0.263,valid
DE_1014,2026-06-01 19:00:00,0.467,valid
DE_1014,2026-06-01 19:15:00,0.335,valid
DE_1014,2026-06-01 19:30:00,0.37,valid
DE_1014,2026-06-01 19:45:00,0.462,valid
DE_1014,2026-06-01 20:00:00,0.493,valid
DE_1014,2026-06-01 20:15:00,0.478,valid
DE_1014,2026-06-01 20:30:00,0.44,valid
DE_1014,2026-06-01 20:45:00,0.42,valid
DE_1014,2026-06-01 21:00:00,0.356,valid
DE_1014,2026-06-01 21:15:00,0.365,valid
DE_1014,2026-06-01 21:30:00,0.421,valid
DE_1014,2026-06-01 21:45:00,0.455,valid
DE_1014,2026-06-01 22:00:00,0.486,valid
DE_1014,2026-06-01 22:15:00,0.492,valid
DE_1014,2026-06-01 22:30:00,0.52,valid
DE_1014,2026-06-01 22:45:00,0.521,valid
DE_1014,2026-06-01 23:00:00,0.477,valid
DE_1014,2026-06-01 23:15:00,0.37,valid
DE_1014,2026-06-01 23:30:00,0.525,valid
DE_1014,2026-06-01 23:45:00,0.464,valid
DE_1014,2026-06-02 00:00:00,0.476,valid
DE_1014,2026-06-02 00:15:00,0.508,valid
DE_1014,2026-06-02 00:30:00,0.435,valid
DE_1014,2026-06-02 00:45:00,0.489,valid
DE_1014,2026-06-02 01:00:00,0.403,valid
DE_1014,2026-06-02 01:15:00,0.359,valid
DE_1014,2026-06-02 01:30:00,0.44,valid
DE_1014,2026-06-02 01:45:00,0.548,valid
DE_1014,2026-06-02 02:00:00,0.456,valid
DE_1014,2026-06-02 02:15:00,0.489,valid
DE_1014,2026-06-02 02:30:00,0.444,valid
DE_1014,2026-06-02 02:45:00,0.47,valid
DE_1014,2026-06-02 03:00:00,0.33,valid
DE_1014,2026-06-02 03:15:00,0.388,valid
DE_1014,2026-06-02 03:30:00,0.381,valid
DE_1014,2026-06-02 03:45:00,0.356,valid
DE_1014,2026-06-02 04:00:00,0.406,valid
DE_1014,2026-06-02 04:15:00,0.419,valid
DE_1014,2026-06-02 04:30:00,0.417,valid
DE_1014,2026-06-02 04:45:00,0.397,valid
DE_1014,2026-06-02 05:00:00,0.41,valid
DE_1014,2026-06-02 05:15:00,0.378,valid
DE_1014,2026-06-02 05:30:00,0.388,valid
DE_1014,2026-06-02 05:45:00,0.346,valid
DE_1014,2026-06-02 06:00:00,0.377,valid
DE_1014,2026-06-02 06:15:00,0.371,valid
DE_1014,2026-06-02 06:30:00,0.298,valid
DE_1014,2026-06-02 06:45:00,0.317,valid
DE_1014,2026-06-02 07:00:00,0.378,valid
DE_1014,2026-06-02 07:15:00,0.259,valid
DE_1014,2026-06-02 07:30:00,0.304,valid
DE_1014,2026-06-02 07:45:00,0.376,valid
DE_1014,2026-06-02 08:00:00,0.334,valid
DE_1014,2026-06-02 08:15:00,0.349,valid
DE_1014,2026-06-02 08:30:00,0.33,valid
DE_1014,2026-06-02 08:45:00,0.282,valid
DE_1014,2026-06-02 09:00:00,0.186,valid
DE_1014,2026-06-02 09:15:00,0.378,valid
DE_1014,2026-06-02 09:30:00,0.315,valid
DE_1014,2026-06-02 09:45:00,0.231,valid
DE_1014,2026-06-02 10:00:00,0.256,valid
DE_1014,2026-06-02 10:15:00,0.218,valid
DE_1014,2026-06-02 10:30:00,0.245,valid
DE_1014,2026-06-02 10:45:00,0.279,valid
DE_1014,2026-06-02 11:00:00,0.19,valid
DE_1014,2026-06-02 11:15:00,0.32,valid
DE_1014,2026-06-02 11:30:00,0.208,valid
DE_1014,2026-06-02 11:45:00,0.202,valid
DE_1014,2026-06-02 12:00:00,0.259,valid
DE_1014,2026-06-02 12:15:00,0.142,valid
DE_1014,2026-06-02 12:30:00,0.206,valid
DE_1014,2026-06-02 12:45:00,0.306,valid
DE_1014,2026-06-02 13:00:00,0.23,valid
DE_1014,2026-06-02 13:15:00,0.236,valid
DE_1014,2026-06-02 13:30:00,0.196,valid
DE_1014,2026-06-02 13:45:00,0.178,valid
DE_1014,2026-06-02 14:00:00,0.239,valid
DE_1014,2026-06-02 14:15:00,0.364,valid
DE_1014,2026-06-02 14:30:00,0.296,valid
DE_1014,2026-06-02 14:45:00,0.277,valid
DE_1014,2026-06-02 15:00:00,0.31,valid
DE_1014,2026-06-02 15:15:00,0.323,valid
DE_1014,2026-06-02 15:30:00,0.258,valid
DE_1014,2026-06-02 15:45:00,0.274,valid
DE_1014,2026-06-02 16:00:00,0.297,valid
DE_1014,2026-06-02 16:15:00,0.322,valid
DE_1014,2026-06-02 16:30:00,0.252,valid
DE_1014,2026-06-02 16:45:00,0.235,valid
DE_1014,2026-06-02 17:00:00,0.288,valid
DE_1014,2026-06-02 17:15:00,0.345,valid
DE_1014,2026-06-02 17:30:00,0.27,valid
DE_1014,2026-06-02 17:45:00,0.364,valid
DE_1014,2026-06-02 18:00:00,0.293,valid
DE_1014,2026-06-02 18:15:00,0.339,valid
DE_1014,2026-06-02 18:30:00,0.281,valid
DE_1014,2026-06-02 18:45:00,0.381,valid
DE_1014,2026-06-02 19:00:00,0.298,valid
DE_1014,2026-06-02 19:15:00,0.275,valid
DE_1014,2026-06-02 19:30:00,0.378,valid
DE_1014,2026-06-02 19:45:00,0.391,valid
DE_1014,2026-06-02 20:00:00,0.438,valid
DE_1014,2026-06-02 20:15:00,0.409,valid
DE_1014,2026-06-02 20:30:00,0.421,valid
DE_1014,2026-06-02 20:45:00,0.409,valid
DE_1014,2026-06-02 21:00:00,0.435,valid
DE_1014,2026-06-02 21:15:00,0.494,valid
DE_1014,2026-06-02 21:30:00,0.414,valid
DE_1014,2026-06-02 21:45:00,0.376,valid
DE_1014,2026-06-02 22:00:00,0.515,valid
DE_1014,2026-06-02 22:15:00,0.498,valid
DE_1014,2026-06-02 22:30:00,0.479,valid
DE_1014,2026-06-02 22:45:00,0.423,valid
DE_1014,2026-06-02 23:00:00,0.499,valid
DE_1014,2026-06-02 23:15:00,0.559,valid
DE_1014,2026-06-02 23:30:00,0.451,valid
DE_1014,2026-06-02 23:45:00,0.509,valid
DE_1014,2026-06-03 00:00:00,0.433,valid
DE_1014,2026-06-03 00:15:00,0.454,valid
DE_1014,2026-06-03 00:30:00,0.549,valid
DE_1014,2026-06-03 00:45:00,0.533,valid
DE_1014,2026-06-03 01:00:00,0.458,valid
DE_1014,2026-06-03 01:15:00,0.421,valid
DE_1014,2026-06-03 01:30:00,0.438,valid
DE_1014,2026-06-03 01:45:00,0.577,valid
DE_1014,2026-06-03 02:00:00,0.453,valid
DE_1014,2026-06-03 02:15:00,0.493,valid
DE_1014,2026-06-03 02:30:00,0.479,valid
DE_1014,2026-06-03 02:45:00,0.464,valid
DE_1014,2026-06-03 03:00:00,0.447,valid
DE_1014,2026-06-03 03:15:00,0.409,valid
DE_1014,2026-06-03 03:30:00,0.482,valid
DE_1014,2026-06-03 03:45:00,0.43,valid
DE_1014,2026-06-03 04:00:00,0.384,valid
DE_1014,2026-06-03 04:15:00,0.427,valid
DE_1014,2026-06-03 04:30:00,0.398,valid
DE_1014,2026-06-03 04:45:00,0.42,valid
DE_1014,2026-06-03 05:00:00,0.333,valid
DE_1014,2026-06-03 05:15:00,0.287,valid
DE_1014,2026-06-03 05:30:00,0.265,valid
DE_1014,2026-06-03 05:45:00,0.301,valid
DE_1014,2026-06-03 06:00:00,0.3,valid
DE_1014,2026-06-03 06:15:00,0.321,valid
DE_1014,2026-06-03 06:30:00,0.35,valid
DE_1014,2026-06-03 06:45:00,0.374,valid
DE_1014,2026-06-03 07:00:00,0.352,valid
DE_1014,2026-06-03 07:15:00,0.266,valid
DE_1014,2026-06-03 07:30:00,0.42,valid
DE_1014,2026-06-03 07:45:00,0.319,valid
DE_1014,2026-06-03 08:00:00,0.27,valid
DE_1014,2026-06-03 08:15:00,0.295,valid
DE_1014,2026-06-03 08:30:00,0.313,valid
DE_1014,2026-06-03 08:45:00,0.318,valid
DE_1014,2026-06-03 09:00:00,0.248,valid
DE_1014,2026-06-03 09:15:00,0.352,valid
DE_1014,2026-06-03 09:30:00,0.197,valid
DE_1014,2026-06-03 09:45:00,0.299,valid
DE_1014,2026-06-03 10:00:00,0.288,valid
DE_1014,2026-06-03 10:15:00,0.248,valid
DE_1014,2026-06-03 10:30:00,0.203,valid
DE_1014,2026-06-03 10:45:00,0.254,valid
DE_1014,2026-06-03 11:00:00,0.271,valid
DE_1014,2026-06-03 11:15:00,0.229,valid
DE_1014,2026-06-03 11:30:00,0.199,valid
DE_1014,2026-06-03 11:45:00,0.123,valid
DE_1014,2026-06-03 12:00:00,0.215,valid
DE_1014,2026-06-03 12:15:00,0.103,valid
DE_1014,2026-06-03 12:30:00,0.255,valid
DE_1014,2026-06-03 12:45:00,0.161,valid
DE_1014,2026-06-03 13:00:00,0.283,valid
DE_1014,2026-06-03 13:15:00,0.275,valid
DE_1014,2026-06-03 13:30:00,0.224,valid
DE_1014,2026-06-03 13:45:00,0.215,valid
DE_1014,2026-06-03 14:00:00,0.348,valid
DE_1014,2026-06-03 14:15:00,0.237,valid
DE_1014,2026-06-03 14:30:00,0.235,valid
DE_1014,2026-06-03 14:45:00,0.227,valid
DE_1014,2026-06-03 15:00:00,0.238,valid
DE_1014,2026-06-03 15:15:00,0.276,valid
DE_1014,2026-06-03 15:30:00,0.267,valid
DE_1014,2026-06-03 15:45:00,0.141,valid
DE_1014,2026-06-03 16:00:00,0.248,valid
DE_1014,2026-06-03 16:15:00,0.364,valid
DE_1014,2026-06-03 16:30:00,0.343,valid
DE_1014,2026-06-03 16:45:00,0.417,valid
DE_1014,2026-06-03 17:00:00,0.242,valid
DE_1014,2026-06-03 17:15:00,0.226,valid
DE_1014,2026-06-03 17:30:00,0.379,valid
DE_1014,2026-06-03 17:45:00,0.272,valid
DE_1014,2026-06-03 18:00:00,0.394,valid
DE_1014,2026-06-03 18:15:00,0.318,valid
DE_1014,2026-06-03 18:30:00,0.409,valid
DE_1014,2026-06-03 18:45:00,0.334,valid
DE_1014,2026-06-03 19:15:00,0.45,valid
DE_1014,2026-06-03 19:30:00,0.413,valid
DE_1014,2026-06-03 19:45:00,0.343,valid
DE_1014,2026-06-03 20:00:00,0.261,valid
DE_1014,2026-06-03 20:15:00,0.479,valid
DE_1014,2026-06-03 20:30:00,0.395,valid
DE_1014,2026-06-03 20:45:00,0.413,valid
DE_1014,2026-06-03 21:00:00,0.38,valid
DE_1014,2026-06-03 21:30:00,0.384,valid
DE_1014,2026-06-03 21:45:00,0.39,valid
DE_1014,2026-06-03 22:00:00,0.324,valid
DE_1014,2026-06-03 22:15:00,0.487,valid
DE_1014,2026-06-03 22:30:00,0.461,valid
DE_1014,2026-06-03 22:45:00,0.41,valid
DE_1014,2026-06-03 23:00:00,0.533,valid
DE_1014,2026-06-03 23:15:00,0.464,valid
DE_1014,2026-06-03 23:30:00,0.453,valid
DE_1014,2026-06-03 23:45:00,0.424,valid
DE_1014,2026-06-04 00:00:00,0.577,valid
DE_1014,2026-06-04 00:15:00,0.606,valid
DE_1014,2026-06-04 00:30:00,0.447,valid
DE_1014,2026-06-04 00:45:00,0.448,valid
DE_1014,2026-06-04 01:00:00,0.461,valid
DE_1014,2026-06-04 01:15:00,0.514,valid
DE_1014,2026-06-04 01:30:00,0.478,valid
DE_1014,2026-06-04 01:45:00,0.467,valid
DE_1014,2026-06-04 02:00:00,0.489,valid
DE_1014,2026-06-04 02:15:00,0.46,valid
DE_1014,2026-06-04 02:30:00,0.436,valid
DE_1014,2026-06-04 02:45:00,0.441,valid
DE_1014,2026-06-04 03:00:00,0.407,valid
DE_1014,2026-06-04 03:15:00,0.475,valid
DE_1014,2026-06-04 03:30:00,0.424,valid
DE_1014,2026-06-04 03:45:00,0.423,valid
DE_1014,2026-06-04 04:00:00,0.4,valid
DE_1014,2026-06-04 04:15:00,0.446,valid
DE_1014,2026-06-04 04:30:00,0.379,valid
DE_1014,2026-06-04 04:45:00,0.497,valid
DE_1014,2026-06-04 05:00:00,0.332,valid
DE_1014,2026-06-04 05:15:00,0.301,valid
DE_1014,2026-06-04 05:30:00,0.387,valid
DE_1014,2026-06-04 05:45:00,0.393,valid
DE_1014,2026-06-04 06:00:00,0.329,valid
DE_1014,2026-06-04 06:15:00,0.514,valid
DE_1014,2026-06-04 06:30:00,0.372,valid
DE_1014,2026-06-04 06:45:00,0.413,valid
DE_1014,2026-06-04 07:00:00,0.356,valid
DE_1014,2026-06-04 07:15:00,0.342,valid
DE_1014,2026-06-04 07:30:00,0.279,valid
DE_1014,2026-06-04 07:45:00,0.333,valid
DE_1014,2026-06-04 08:00:00,0.327,valid
DE_1014,2026-06-04 08:15:00,0.234,valid
DE_1014,2026-06-04 08:30:00,0.185,valid
DE_1014,2026-06-04 08:45:00,0.361,valid
DE_1014,2026-06-04 09:00:00,0.307,valid
DE_1014,2026-06-04 09:15:00,0.298,valid
DE_1014,2026-06-04 09:30:00,0.261,valid
DE_1014,2026-06-04 09:45:00,0.316,valid
DE_1014,2026-06-04 10:00:00,0.181,valid
DE_1014,2026-06-04 10:15:00,0.221,valid
DE_1014,2026-06-04 10:30:00,0.221,valid
DE_1014,2026-06-04 10:45:00,0.309,valid
DE_1014,2026-06-04 11:00:00,0.211,valid
DE_1014,2026-06-04 11:15:00,0.195,valid
DE_1014,2026-06-04 11:30:00,0.267,valid
DE_1014,2026-06-04 11:45:00,0.273,valid
DE_1014,2026-06-04 12:00:00,0.193,valid
DE_1014,2026-06-04 12:15:00,0.22,valid
DE_1014,2026-06-04 12:30:00,0.136,valid
DE_1014,2026-06-04 12:45:00,0.171,valid
DE_1014,2026-06-04 13:00:00,0.178,valid
DE_1014,2026-06-04 13:15:00,0.211,valid
DE_1014,2026-06-04 13:30:00,0.263,valid
DE_1014,2026-06-04 13:45:00,0.187,valid
DE_1014,2026-06-04 14:00:00,0.285,valid
DE_1014,2026-06-04 14:15:00,0.291,valid
DE_1014,2026-06-04 14:30:00,0.205,valid
DE_1014,2026-06-04 14:45:00,0.358,valid
DE_1014,2026-06-04 15:00:00,0.262,valid
DE_1014,2026-06-04 15:15:00,0.22,valid
DE_1014,2026-06-04 15:30:00,0.228,valid
DE_1014,2026-06-04 15:45:00,0.298,valid
DE_1014,2026-06-04 16:00:00,0.29,valid
DE_1014,2026-06-04 16:15:00,0.306,valid
DE_1014,2026-06-04 16:30:00,0.183,valid
DE_1014,2026-06-04 16:45:00,0.255,valid
DE_1014,2026-06-04 17:00:00,0.251,valid
DE_1014,2026-06-04 17:15:00,0.365,valid
DE_1014,2026-06-04 17:30:00,0.293,valid
DE_1014,2026-06-04 17:45:00,0.297,valid
DE_1014,2026-06-04 18:00:00,0.353,valid
DE_1014,2026-06-04 18:15:00,0.41,valid
DE_1014,2026-06-04 18:30:00,0.394,valid
DE_1014,2026-06-04 18:45:00,0.395,valid
DE_1014,2026-06-04 19:00:00,0.337,valid
DE_1014,2026-06-04 19:15:00,0.358,valid
DE_1014,2026-06-04 19:30:00,0.377,valid
DE_1014,2026-06-04 19:45:00,0.325,valid
DE_1014,2026-06-04 20:00:00,0.396,valid
DE_1014,2026-06-04 20:15:00,0.403,valid
DE_1014,2026-06-04 20:30:00,0.436,valid
DE_1014,2026-06-04 20:45:00,0.305,valid
DE_1014,2026-06-04 21:00:00,0.409,valid
DE_1014,2026-06-04 21:15:00,0.429,valid
DE_1014,2026-06-04 21:30:00,0.514,valid
DE_1014,2026-06-04 21:45:00,0.457,valid
DE_1014,2026-06-04 22:00:00,0.423,valid
DE_1014,2026-06-04 22:15:00,0.414,valid
DE_1014,2026-06-04 22:30:00,0.484,valid
DE_1014,2026-06-04 22:45:00,0.474,valid
DE_1014,2026-06-04 23:00:00,0.43,valid
DE_1014,2026-06-04 23:15:00,0.48,valid
DE_1014,2026-06-04 23:30:00,0.551,valid
DE_1014,2026-06-04 23:45:00,0.506,valid
DE_1014,2026-06-05 00:00:00,0.463,valid
DE_1014,2026-06-05 00:15:00,0.427,valid
DE_1014,2026-06-05 00:30:00,0.532,valid
DE_1014,2026-06-05 00:45:00,0.511,valid
DE_1014,2026-06-05 01:00:00,0.526,valid
DE_1014,2026-06-05 01:15:00,0.54,valid
DE_1014,2026-06-05 01:30:00,0.439,valid
DE_1014,2026-06-05 01:45:00,0.476,valid
DE_1014,2026-06-05 02:00:00,0.406,valid
DE_1014,2026-06-05 02:15:00,0.363,valid
DE_1014,2026-06-05 02:30:00,0.436,valid
DE_1014,2026-06-05 02:45:00,0.491,valid
DE_1014,2026-06-05 03:00:00,0.431,valid
DE_1014,2026-06-05 03:15:00,0.425,valid
DE_1014,2026-06-05 03:30:00,0.349,valid
DE_1014,2026-06-05 03:45:00,0.432,valid
DE_1014,2026-06-05 04:00:00,0.4,valid
DE_1014,2026-06-05 04:15:00,0.4,valid
DE_1014,2026-06-05 04:30:00,0.38,valid
DE_1014,2026-06-05 04:45:00,0.385,valid
DE_1014,2026-06-05 05:00:00,0.403,valid
DE_1014,2026-06-05 05:15:00,0.394,valid
DE_1014,2026-06-05 05:30:00,0.282,valid
DE_1014,2026-06-05 05:45:00,0.391,valid
DE_1014,2026-06-05 06:00:00,0.334,valid
DE_1014,2026-06-05 06:15:00,0.356,valid
DE_1014,2026-06-05 06:30:00,0.387,valid
DE_1014,2026-06-05 06:45:00,0.385,valid
DE_1014,2026-06-05 07:00:00,0.417,valid
DE_1014,2026-06-05 07:15:00,0.315,valid
DE_1014,2026-06-05 07:30:00,0.359,valid
DE_1014,2026-06-05 07:45:00,0.272,valid
DE_1014,2026-06-05 08:00:00,0.333,valid
DE_1014,2026-06-05 08:15:00,0.232,valid
DE_1014,2026-06-05 08:30:00,0.344,valid
DE_1014,2026-06-05 08:45:00,0.246,valid
DE_1014,2026-06-05 09:00:00,0.21,valid
DE_1014,2026-06-05 09:15:00,0.304,valid
DE_1014,2026-06-05 09:30:00,0.312,valid
DE_1014,2026-06-05 09:45:00,0.36,valid
DE_1014,2026-06-05 10:00:00,0.233,valid
DE_1014,2026-06-05 10:15:00,0.224,valid
DE_1014,2026-06-05 10:30:00,0.247,valid
DE_1014,2026-06-05 10:45:00,0.187,valid
DE_1014,2026-06-05 11:00:00,0.184,valid
DE_1014,2026-06-05 11:15:00,0.231,valid
DE_1014,2026-06-05 11:30:00,0.162,valid
DE_1014,2026-06-05 11:45:00,0.115,valid
DE_1014,2026-06-05 12:00:00,0.126,valid
DE_1014,2026-06-05 12:15:00,0.203,valid
DE_1014,2026-06-05 12:30:00,0.14,valid
DE_1014,2026-06-05 12:45:00,0.249,valid
DE_1014,2026-06-05 13:00:00,0.266,valid
DE_1014,2026-06-05 13:15:00,0.257,valid
DE_1014,2026-06-05 13:30:00,0.214,valid
DE_1014,2026-06-05 13:45:00,0.23,valid
DE_1014,2026-06-05 14:00:00,0.188,valid
DE_1014,2026-06-05 14:15:00,0.267,valid
DE_1014,2026-06-05 14:30:00,0.292,valid
DE_1014,2026-06-05 14:45:00,0.253,valid
DE_1014,2026-06-05 15:00:00,0.21,valid
DE_1014,2026-06-05 15:15:00,0.191,valid
DE_1014,2026-06-05 15:30:00,0.264,valid
DE_1014,2026-06-05 15:45:00,0.265,valid
DE_1014,2026-06-05 16:00:00,0.407,valid
DE_1014,2026-06-05 16:15:00,0.229,valid
DE_1014,2026-06-05 16:30:00,0.221,valid
DE_1014,2026-06-05 16:45:00,0.316,valid
DE_1014,2026-06-05 17:00:00,0.301,valid
DE_1014,2026-06-05 17:15:00,0.464,valid
DE_1014,2026-06-05 17:30:00,0.263,valid
DE_1014,2026-06-05 17:45:00,0.402,valid
DE_1014,2026-06-05 18:00:00,0.304,valid
DE_1014,2026-06-05 18:15:00,0.349,valid
DE_1014,2026-06-05 18:30:00,0.336,valid
DE_1014,2026-06-05 18:45:00,0.302,valid
DE_1014,2026-06-05 19:00:00,0.442,valid
DE_1014,2026-06-05 19:15:00,0.403,valid
DE_1014,2026-06-05 19:30:00,0.327,valid
DE_1014,2026-06-05 20:00:00,0.358,valid
DE_1014,2026-06-05 20:15:00,0.467,valid
DE_1014,2026-06-05 20:30:00,0.409,valid
DE_1014,2026-06-05 20:45:00,0.361,valid
DE_1014,2026-06-05 21:00:00,0.428,valid
DE_1014,2026-06-05 21:15:00,0.383,valid
DE_1014,2026-06-05 21:30:00,0.337,valid
DE_1014,2026-06-05 21:45:00,0.494,valid
DE_1014,2026-06-05 22:00:00,0.42,valid
DE_1014,2026-06-05 22:15:00,0.412,valid
DE_1014,2026-06-05 22:30:00,0.378,valid
DE_1014,2026-06-05 22:45:00,0.463,valid
DE_1014,2026-06-05 23:00:00,0.373,valid
DE_1014,2026-06-05 23:15:00,0.422,valid
DE_1014,2026-06-05 23:30:00,0.485,valid
DE_1014,2026-06-05 23:45:00,0.415,valid
DE_1014,2026-06-06 00:00:00,0.53,valid
DE_1014,2026-06-06 00:15:00,0.532,valid
DE_1014,2026-06-06 00:30:00,0.544,valid
DE_1014,2026-06-06 00:45:00,0.487,valid
DE_1014,2026-06-06 01:00:00,0.437,valid
DE_1014,2026-06-06 01:15:00,0.441,valid
DE_1014,2026-06-06 01:30:00,0.569,valid
DE_1014,2026-06-06 01:45:00,0.502,valid
DE_1014,2026-06-06 02:00:00,0.462,valid
DE_1014,2026-06-06 02:15:00,0.469,valid
DE_1014,2026-06-06 02:30:00,0.542,valid
DE_1014,2026-06-06 02:45:00,0.522,valid
DE_1014,2026-06-06 03:00:00,0.341,valid
DE_1014,2026-06-06 03:15:00,0.437,valid
DE_1014,2026-06-06 03:30:00,0.515,valid
DE_1014,2026-06-06 03:45:00,0.414,valid
DE_1014,2026-06-06 04:00:00,0.396,valid
DE_1014,2026-06-06 04:15:00,0.363,valid
DE_1014,2026-06-06 04:30:00,0.425,valid
DE_1014,2026-06-06 04:45:00,0.382,valid
DE_1014,2026-06-06 05:00:00,0.441,valid
DE_1014,2026-06-06 05:15:00,0.322,valid
DE_1014,2026-06-06 05:30:00,0.359,valid
DE_1014,2026-06-06 05:45:00,0.384,valid
DE_1014,2026-06-06 06:00:00,0.331,valid
DE_1014,2026-06-06 06:15:00,0.334,valid
DE_1014,2026-06-06 06:30:00,0.361,valid
DE_1014,2026-06-06 06:45:00,0.334,valid
DE_1014,2026-06-06 07:00:00,0.331,valid
DE_1014,2026-06-06 07:15:00,0.257,valid
DE_1014,2026-06-06 07:30:00,0.386,valid
DE_1014,2026-06-06 07:45:00,0.23,valid
DE_1014,2026-06-06 08:00:00,0.267,valid
DE_1014,2026-06-06 08:15:00,0.37,valid
DE_1014,2026-06-06 08:30:00,0.192,valid
DE_1014,2026-06-06 08:45:00,0.404,valid
DE_1014,2026-06-06 09:15:00,0.26,valid
DE_1014,2026-06-06 09:30:00,0.274,valid
DE_1014,2026-06-06 09:45:00,0.329,valid
DE_1014,2026-06-06 10:00:00,0.242,valid
DE_1014,2026-06-06 10:15:00,0.283,valid
DE_1014,2026-06-06 10:30:00,0.298,valid
DE_1014,2026-06-06 10:45:00,0.328,valid
DE_1014,2026-06-06 11:00:00,0.237,valid
DE_1014,2026-06-06 11:15:00,0.195,valid
DE_1014,2026-06-06 11:30:00,0.164,valid
DE_1014,2026-06-06 11:45:00,0.19,valid
DE_1014,2026-06-06 12:00:00,0.184,valid
DE_1014,2026-06-06 12:15:00,0.171,valid
DE_1014,2026-06-06 12:30:00,0.239,valid
DE_1014,2026-06-06 12:45:00,0.102,valid
DE_1014,2026-06-06 13:00:00,0.192,valid
DE_1014,2026-06-06 13:15:00,0.265,valid
DE_1014,2026-06-06 13:30:00,0.206,valid
DE_1014,2026-06-06 13:45:00,0.219,valid
DE_1014,2026-06-06 14:00:00,0.282,valid
DE_1014,2026-06-06 14:15:00,0.324,valid
DE_1014,2026-06-06 14:30:00,0.311,valid
DE_1014,2026-06-06 14:45:00,0.212,valid
DE_1014,2026-06-06 15:00:00,0.181,valid
DE_1014,2026-06-06 15:15:00,0.277,valid
DE_1014,2026-06-06 15:30:00,0.224,valid
DE_1014,2026-06-06 15:45:00,0.251,valid
DE_1014,2026-06-06 16:00:00,0.258,valid
DE_1014,2026-06-06 16:15:00,0.356,valid
DE_1014,2026-06-06 16:30:00,0.275,valid
DE_1014,2026-06-06 16:45:00,0.29,valid
DE_1014,2026-06-06 17:00:00,0.373,valid
DE_1014,2026-06-06 17:15:00,0.347,valid
DE_1014,2026-06-06 17:30:00,0.311,valid
DE_1014,2026-06-06 17:45:00,0.338,valid
DE_1014,2026-06-06 18:00:00,0.427,valid
DE_1014,2026-06-06 18:15:00,0.391,valid
DE_1014,2026-06-06 18:30:00,0.343,valid
DE_1014,2026-06-06 18:45:00,0.374,valid
DE_1014,2026-06-06 19:00:00,0.383,valid
DE_1014,2026-06-06 19:15:00,0.442,valid
DE_1014,2026-06-06 19:30:00,0.358,valid
DE_1014,2026-06-06 19:45:00,0.406,valid
DE_1014,2026-06-06 20:00:00,0.505,valid
DE_1014,2026-06-06 20:15:00,0.359,valid
DE_1014,2026-06-06 20:30:00,0.399,valid
DE_1014,2026-06-06 20:45:00,0.478,valid
DE_1014,2026-06-06 21:00:00,0.517,valid
DE_1014,2026-06-06 21:15:00,0.467,valid
DE_1014,2026-06-06 21:30:00,0.444,valid
DE_1014,2026-06-06 21:45:00,0.421,valid
DE_1014,2026-06-06 22:00:00,0.363,valid
DE_1014,2026-06-06 22:15:00,0.405,valid
DE_1014,2026-06-06 22:30:00,0.504,valid
DE_1014,2026-06-06 22:45:00,0.426,valid
DE_1014,2026-06-06 23:00:00,0.461,valid
DE_1014,2026-06-06 23:15:00,0.485,valid
DE_1014,2026-06-06 23:30:00,0.467,valid
DE_1014,2026-06-06 23:45:00,0.452,valid
DE_1014,2026-06-07 00:00:00,0.39,valid
DE_1014,2026-06-07 00:15:00,0.52,valid
DE_1014,2026-06-07 00:30:00,0.499,valid
DE_1014,2026-06-07 00:45:00,0.512,valid
DE_1014,2026-06-07 01:00:00,0.455,valid
DE_1014,2026-06-07 01:15:00,0.508,valid
DE_1014,2026-06-07 01:30:00,0.432,valid
DE_1014,2026-06-07 01:45:00,0.548,valid
DE_1014,2026-06-07 02:00:00,0.49,valid
DE_1014,2026-06-07 02:15:00,0.498,valid
DE_1014,2026-06-07 02:30:00,0.439,valid
DE_1014,2026-06-07 02:45:00,0.337,valid
DE_1014,2026-06-07 03:00:00,0.372,valid
DE_1014,2026-06-07 03:15:00,0.337,valid
DE_1014,2026-06-07 03:30:00,0.427,valid
DE_1014,2026-06-07 03:45:00,0.444,valid
DE_1014,2026-06-07 04:00:00,0.503,valid
DE_1014,2026-06-07 04:15:00,0.365,valid
DE_1014,2026-06-07 04:30:00,0.375,valid
DE_1014,2026-06-07 04:45:00,0.319,valid
DE_1014,2026-06-07 05:00:00,0.512,valid
DE_1014,2026-06-07 05:15:00,0.406,valid
DE_1014,2026-06-07 05:30:00,0.439,valid
DE_1014,2026-06-07 05:45:00,0.354,valid
DE_1014,2026-06-07 06:15:00,0.337,valid
DE_1014,2026-06-07 06:30:00,0.235,valid
DE_1014,2026-06-07 06:45:00,0.312,valid
DE_1014,2026-06-07 07:00:00,0.323,valid
DE_1014,2026-06-07 07:15:00,0.339,valid
DE_1014,2026-06-07 07:30:00,0.383,valid
DE_1014,2026-06-07 07:45:00,0.338,valid
DE_1014,2026-06-07 08:00:00,0.269,valid
DE_1014,2026-06-07 08:15:00,0.257,valid
DE_1014,2026-06-07 08:30:00,0.268,valid
DE_1014,2026-06-07 08:45:00,0.392,valid
DE_1014,2026-06-07 09:00:00,0.285,valid
DE_1014,2026-06-07 09:15:00,0.273,valid
DE_1014,2026-06-07 09:30:00,0.356,valid
DE_1014,2026-06-07 09:45:00,0.304,valid
DE_1014,2026-06-07 10:00:00,0.273,valid
DE_1014,2026-06-07 10:15:00,0.193,valid
DE_1014,2026-06-07 10:30:00,0.298,valid
DE_1014,2026-06-07 10:45:00,0.192,valid
DE_1014,2026-06-07 11:00:00,0.22,valid
DE_1014,2026-06-07 11:15:00,0.162,valid
DE_1014,2026-06-07 11:30:00,0.306,valid
DE_1014,2026-06-07 11:45:00,0.252,valid
DE_1014,2026-06-07 12:00:00,0.182,valid
DE_1014,2026-06-07 12:15:00,0.15,valid
DE_1014,2026-06-07 12:30:00,0.176,valid
DE_1014,2026-06-07 12:45:00,0.212,valid
DE_1014,2026-06-07 13:00:00,0.126,valid
DE_1014,2026-06-07 13:15:00,0.266,valid
DE_1014,2026-06-07 13:45:00,0.22,valid
DE_1014,2026-06-07 14:00:00,0.269,valid
DE_1014,2026-06-07 14:15:00,0.3,valid
DE_1014,2026-06-07 14:30:00,0.284,valid
DE_1014,2026-06-07 14:45:00,0.263,valid
DE_1014,2026-06-07 15:00:00,0.245,valid
DE_1014,2026-06-07 15:15:00,0.256,valid
DE_1014,2026-06-07 15:30:00,0.273,valid
DE_1014,2026-06-07 15:45:00,0.17,valid
DE_1014,2026-06-07 16:00:00,0.317,valid
DE_1014,2026-06-07 16:15:00,0.238,valid
DE_1014,2026-06-07 16:30:00,0.309,valid
DE_1014,2026-06-07 16:45:00,0.3,valid
DE_1014,2026-06-07 17:00:00,0.308,valid
DE_1014,2026-06-07 17:15:00,0.235,valid
DE_1014,2026-06-07 17:30:00,0.348,valid
DE_1014,2026-06-07 17:45:00,0.337,valid
DE_1014,2026-06-07 18:00:00,0.356,valid
DE_1014,2026-06-07 18:15:00,0.364,valid
DE_1014,2026-06-07 18:30:00,0.307,valid
DE_1014,2026-06-07 18:45:00,0.409,valid
DE_1014,2026-06-07 19:00:00,0.377,valid
DE_1014,2026-06-07 19:15:00,0.417,valid
DE_1014,2026-06-07 19:30:00,0.33,valid
DE_1014,2026-06-07 19:45:00,0.34,valid
DE_1014,2026-06-07 20:00:00,0.414,valid
DE_1014,2026-06-07 20:15:00,0.414,valid
DE_1014,2026-06-07 20:30:00,0.4,valid
DE_1014,2026-06-07 20:45:00,0.463,valid
DE_1014,2026-06-07 21:00:00,0.344,valid
DE_1014,2026-06-07 21:15:00,0.428,valid
DE_1014,2026-06-07 21:30:00,0.356,valid
DE_1014,2026-06-07 21:45:00,0.512,valid
DE_1014,2026-06-07 22:00:00,0.465,valid
DE_1014,2026-06-07 22:15:00,0.528,valid
DE_1014,2026-06-07 22:30:00,0.531,valid
DE_1014,2026-06-07 22:45:00,0.419,valid
DE_1014,2026-06-07 23:00:00,0.456,valid
DE_1014,2026-06-07 23:15:00,0.545,valid
DE_1014,2026-06-07 23:30:00,0.436,valid
DE_1014,2026-06-07 23:45:00,0.468,valid
DE_1015,2026-06-01 00:00:00,0.481,valid
DE_1015,2026-06-01 00:15:00,0.444,valid
DE_1015,2026-06-01 00:30:00,0.601,valid
DE_1015,2026-06-01 00:45:00,0.536,valid
DE_1015,2026-06-01 01:00:00,0.456,valid
DE_1015,2026-06-01 01:15:00,0.408,valid
DE_1015,2026-06-01 01:30:00,0.469,valid
DE_1015,2026-06-01 01:45:00,0.508,valid
DE_1015,2026-06-01 02:00:00,0.539,valid
DE_1015,2026-06-01 02:15:00,0.554,valid
DE_1015,2026-06-01 02:30:00,0.46,valid
DE_1015,2026-06-01 02:45:00,0.532,valid
DE_1015,2026-06-01 03:00:00,0.437,valid
DE_1015,2026-06-01 03:15:00,0.472,valid
DE_1015,2026-06-01 03:30:00,0.436,valid
DE_1015,2026-06-01 03:45:00,0.4,valid
DE_1015,2026-06-01 04:00:00,0.477,valid
DE_1015,2026-06-01 04:15:00,0.389,valid
DE_1015,2026-06-01 04:30:00,0.368,valid
DE_1015,2026-06-01 04:45:00,0.356,valid
DE_1015,2026-06-01 05:00:00,0.419,valid
DE_1015,2026-06-01 05:15:00,0.414,valid
DE_1015,2026-06-01 05:30:00,0.414,valid
DE_1015,2026-06-01 05:45:00,0.383,valid
DE_1015,2026-06-01 06:00:00,0.28,valid
DE_1015,2026-06-01 06:15:00,0.412,valid
DE_1015,2026-06-01 06:30:00,0.385,valid
DE_1015,2026-06-01 06:45:00,0.37,valid
DE_1015,2026-06-01 07:00:00,0.28,valid
DE_1015,2026-06-01 07:15:00,0.288,valid
DE_1015,2026-06-01 07:30:00,0.357,valid
DE_1015,2026-06-01 07:45:00,0.288,valid
DE_1015,2026-06-01 08:00:00,0.333,valid
DE_1015,2026-06-01 08:15:00,0.309,valid
DE_1015,2026-06-01 08:30:00,0.321,valid
DE_1015,2026-06-01 08:52:00,0.349,valid
DE_1015,2026-06-01 09:00:00,0.315,valid
DE_1015,2026-06-01 09:15:00,0.289,valid
DE_1015,2026-06-01 09:30:00,0.23,valid
DE_1015,2026-06-01 09:45:00,0.263,valid
DE_1015,2026-06-01 10:00:00,0.318,valid
DE_1015,2026-06-01 10:15:00,0.261,valid
DE_1015,2026-06-01 10:30:00,0.339,valid
DE_1015,2026-06-01 10:45:00,0.18,valid
DE_1015,2026-06-01 11:00:00,0.301,valid
DE_1015,2026-06-01 11:15:00,0.175,valid
DE_1015,2026-06-01 11:45:00,0.179,valid
DE_1015,2026-06-01 12:00:00,0.149,valid
DE_1015,2026-06-01 12:15:00,0.279,valid
DE_1015,2026-06-01 12:30:00,0.152,valid
DE_1015,2026-06-01 12:45:00,0.221,valid
DE_1015,2026-06-01 13:00:00,0.214,valid
DE_1015,2026-06-01 13:15:00,0.144,valid
DE_1015,2026-06-01 13:30:00,0.248,valid
DE_1015,2026-06-01 13:45:00,0.233,valid
DE_1015,2026-06-01 14:00:00,0.189,valid
DE_1015,2026-06-01 14:15:00,0.302,valid
DE_1015,2026-06-01 14:30:00,0.207,valid
DE_1015,2026-06-01 14:45:00,0.161,valid
DE_1015,2026-06-01 15:00:00,0.327,valid
DE_1015,2026-06-01 15:15:00,0.254,valid
DE_1015,2026-06-01 15:30:00,0.217,valid
DE_1015,2026-06-01 15:45:00,0.246,valid
DE_1015,2026-06-01 16:00:00,0.27,valid
DE_1015,2026-06-01 16:15:00,0.296,valid
DE_1015,2026-06-01 16:30:00,0.239,valid
DE_1015,2026-06-01 16:45:00,0.356,valid
DE_1015,2026-06-01 17:00:00,0.349,valid
DE_1015,2026-06-01 17:15:00,0.313,valid
DE_1015,2026-06-01 17:30:00,0.414,valid
DE_1015,2026-06-01 17:45:00,0.334,valid
DE_1015,2026-06-01 18:00:00,0.37,valid
DE_1015,2026-06-01 18:15:00,0.344,valid
DE_1015,2026-06-01 18:30:00,0.35,valid
DE_1015,2026-06-01 18:45:00,0.413,valid
DE_1015,2026-06-01 19:00:00,0.349,valid
DE_1015,2026-06-01 19:15:00,0.418,valid
DE_1015,2026-06-01 19:30:00,0.34,valid
DE_1015,2026-06-01 19:45:00,0.344,valid
DE_1015,2026-06-01 20:00:00,0.353,valid
DE_1015,2026-06-01 20:15:00,0.326,valid
DE_1015,2026-06-01 20:30:00,0.425,valid
DE_1015,2026-06-01 20:45:00,0.336,valid
DE_1015,2026-06-01 21:00:00,0.471,valid
DE_1015,2026-06-01 21:15:00,0.471,valid
DE_1015,2026-06-01 21:30:00,0.408,valid
DE_1015,2026-06-01 21:45:00,0.46,valid
DE_1015,2026-06-01 22:00:00,0.474,valid
DE_1015,2026-06-01 22:15:00,0.5,valid
DE_1015,2026-06-01 22:30:00,0.398,valid
DE_1015,2026-06-01 22:45:00,0.471,valid
DE_1015,2026-06-01 23:00:00,0.531,valid
DE_1015,2026-06-01 23:15:00,0.463,valid
DE_1015,2026-06-01 23:30:00,0.495,valid
DE_1015,2026-06-01 23:45:00,0.446,valid
DE_1015,2026-06-02 00:00:00,0.61,valid
DE_1015,2026-06-02 00:15:00,0.543,valid
DE_1015,2026-06-02 00:30:00,0.489,valid
DE_1015,2026-06-02 00:45:00,0.568,valid
DE_1015,2026-06-02 01:00:00,0.468,valid
DE_1015,2026-06-02 01:15:00,0.492,valid
DE_1015,2026-06-02 01:30:00,0.511,valid
DE_1015,2026-06-02 01:45:00,0.552,valid
DE_1015,2026-06-02 02:00:00,0.434,valid
DE_1015,2026-06-02 02:15:00,0.549,valid
DE_1015,2026-06-02 02:30:00,0.499,valid
DE_1015,2026-06-02 02:45:00,0.501,valid
DE_1015,2026-06-02 03:00:00,0.467,valid
DE_1015,2026-06-02 03:15:00,0.48,valid
DE_1015,2026-06-02 03:30:00,0.448,valid
DE_1015,2026-06-02 03:45:00,0.433,valid
DE_1015,2026-06-02 04:00:00,0.474,valid
DE_1015,2026-06-02 04:15:00,0.418,valid
DE_1015,2026-06-02 04:30:00,0.442,valid
DE_1015,2026-06-02 04:45:00,0.349,valid
DE_1015,2026-06-02 05:00:00,0.452,valid
DE_1015,2026-06-02 05:15:00,0.396,valid
DE_1015,2026-06-02 05:30:00,0.448,valid
DE_1015,2026-06-02 05:45:00,0.405,valid
DE_1015,2026-06-02 06:00:00,0.348,valid
DE_1015,2026-06-02 06:15:00,0.389,valid
DE_1015,2026-06-02 06:30:00,0.307,valid
DE_1015,2026-06-02 06:45:00,0.261,valid
DE_1015,2026-06-02 07:00:00,0.277,valid
DE_1015,2026-06-02 07:15:00,0.388,valid
DE_1015,2026-06-02 07:30:00,0.288,valid
DE_1015,2026-06-02 07:45:00,0.298,valid
DE_1015,2026-06-02 08:15:00,0.325,valid
DE_1015,2026-06-02 08:30:00,0.263,valid
DE_1015,2026-06-02 08:45:00,0.297,valid
DE_1015,2026-06-02 09:00:00,0.253,valid
DE_1015,2026-06-02 09:15:00,0.318,valid
DE_1015,2026-06-02 09:30:00,0.298,valid
DE_1015,2026-06-02 09:45:00,0.228,valid
DE_1015,2026-06-02 10:00:00,0.186,valid
DE_1015,2026-06-02 10:15:00,0.171,valid
DE_1015,2026-06-02 10:30:00,0.278,valid
DE_1015,2026-06-02 10:45:00,0.285,valid
DE_1015,2026-06-02 11:00:00,0.236,valid
DE_1015,2026-06-02 11:15:00,0.181,valid
DE_1015,2026-06-02 11:30:00,0.164,valid
DE_1015,2026-06-02 11:45:00,0.265,valid
DE_1015,2026-06-02 12:15:00,0.225,valid
DE_1015,2026-06-02 12:30:00,0.179,valid
DE_1015,2026-06-02 12:45:00,0.18,valid
DE_1015,2026-06-02 13:00:00,0.336,valid
DE_1015,2026-06-02 13:15:00,0.257,valid
DE_1015,2026-06-02 13:30:00,0.235,valid
DE_1015,2026-06-02 13:45:00,0.219,valid
DE_1015,2026-06-02 14:00:00,0.18,valid
DE_1015,2026-06-02 14:15:00,0.193,valid
DE_1015,2026-06-02 14:30:00,0.163,valid
DE_1015,2026-06-02 14:45:00,0.244,valid
DE_1015,2026-06-02 15:00:00,0.209,valid
DE_1015,2026-06-02 15:15:00,0.272,valid
DE_1015,2026-06-02 15:30:00,0.256,valid
DE_1015,2026-06-02 15:45:00,0.304,valid
DE_1015,2026-06-02 16:00:00,0.306,valid
DE_1015,2026-06-02 16:15:00,0.289,valid
DE_1015,2026-06-02 16:30:00,0.293,valid
DE_1015,2026-06-02 16:45:00,0.252,valid
DE_1015,2026-06-02 17:00:00,0.345,valid
DE_1015,2026-06-02 17:15:00,0.325,valid
DE_1015,2026-06-02 17:30:00,0.429,valid
DE_1015,2026-06-02 17:45:00,0.38,valid
DE_1015,2026-06-02 18:00:00,0.359,valid
DE_1015,2026-06-02 18:15:00,0.408,valid
DE_1015,2026-06-02 18:30:00,0.294,valid
DE_1015,2026-06-02 18:45:00,0.322,valid
DE_1015,2026-06-02 19:00:00,0.304,valid
DE_1015,2026-06-02 19:15:00,0.415,valid
DE_1015,2026-06-02 19:30:00,0.41,valid
DE_1015,2026-06-02 19:45:00,0.325,valid
DE_1015,2026-06-02 20:00:00,0.454,valid
DE_1015,2026-06-02 20:15:00,0.418,valid
DE_1015,2026-06-02 20:30:00,0.347,valid
DE_1015,2026-06-02 21:00:00,0.414,valid
DE_1015,2026-06-02 21:15:00,0.519,valid
DE_1015,2026-06-02 21:30:00,0.415,valid
DE_1015,2026-06-02 21:45:00,0.461,valid
DE_1015,2026-06-02 22:00:00,0.454,valid
DE_1015,2026-06-02 22:15:00,0.535,valid
DE_1015,2026-06-02 22:30:00,0.414,valid
DE_1015,2026-06-02 22:45:00,0.492,valid
DE_1015,2026-06-02 23:00:00,0.475,valid
DE_1015,2026-06-02 23:15:00,0.45,valid
DE_1015,2026-06-02 23:30:00,0.48,valid
DE_1015,2026-06-02 23:45:00,0.556,valid
DE_1015,2026-06-03 00:00:00,0.535,valid
DE_1015,2026-06-03 00:15:00,0.468,valid
DE_1015,2026-06-03 00:30:00,0.465,valid
DE_1015,2026-06-03 00:45:00,0.548,valid
DE_1015,2026-06-03 01:00:00,0.538,valid
DE_1015,2026-06-03 01:15:00,0.438,valid
DE_1015,2026-06-03 01:30:00,0.432,valid
DE_1015,2026-06-03 01:45:00,0.441,valid
DE_1015,2026-06-03 02:00:00,0.393,valid
DE_1015,2026-06-03 02:15:00,0.482,valid
DE_1015,2026-06-03 02:30:00,0.462,valid
DE_1015,2026-06-03 02:45:00,0.427,valid
DE_1015,2026-06-03 03:00:00,0.341,valid
DE_1015,2026-06-03 03:15:00,0.405,valid
DE_1015,2026-06-03 03:30:00,0.37,valid
DE_1015,2026-06-03 03:45:00,0.461,valid
DE_1015,2026-06-03 04:00:00,0.425,valid
DE_1015,2026-06-03 04:15:00,0.43,valid
DE_1015,2026-06-03 04:30:00,0.39,valid
DE_1015,2026-06-03 04:45:00,0.442,valid
DE_1015,2026-06-03 05:00:00,0.421,valid
DE_1015,2026-06-03 05:15:00,0.401,valid
DE_1015,2026-06-03 05:30:00,0.44,valid
DE_1015,2026-06-03 05:45:00,0.368,valid
DE_1015,2026-06-03 06:00:00,0.292,valid
DE_1015,2026-06-03 06:15:00,0.286,valid
DE_1015,2026-06-03 06:30:00,0.433,valid
DE_1015,2026-06-03 06:45:00,0.29,valid
DE_1015,2026-06-03 07:00:00,0.35,valid
DE_1015,2026-06-03 07:15:00,0.327,valid
DE_1015,2026-06-03 07:30:00,0.32,valid
DE_1015,2026-06-03 07:45:00,0.388,valid
DE_1015,2026-06-03 08:00:00,0.375,valid
DE_1015,2026-06-03 08:15:00,0.265,valid
DE_1015,2026-06-03 08:30:00,0.309,valid
DE_1015,2026-06-03 08:45:00,0.309,valid
DE_1015,2026-06-03 09:00:00,0.205,valid
DE_1015,2026-06-03 09:15:00,0.307,valid
DE_1015,2026-06-03 09:30:00,0.302,valid
DE_1015,2026-06-03 09:45:00,0.273,valid
DE_1015,2026-06-03 10:00:00,0.325,valid
DE_1015,2026-06-03 10:15:00,0.167,valid
DE_1015,2026-06-03 10:30:00,0.289,valid
DE_1015,2026-06-03 10:45:00,0.224,valid
DE_1015,2026-06-03 11:00:00,0.173,valid
DE_1015,2026-06-03 11:15:00,0.262,valid
DE_1015,2026-06-03 11:30:00,0.219,valid
DE_1015,2026-06-03 11:45:00,0.201,valid
DE_1015,2026-06-03 12:00:00,0.285,valid
DE_1015,2026-06-03 12:15:00,0.136,valid
DE_1015,2026-06-03 12:30:00,0.142,valid
DE_1015,2026-06-03 12:45:00,0.162,valid
DE_1015,2026-06-03 13:00:00,0.24,valid
DE_1015,2026-06-03 13:15:00,0.224,valid
DE_1015,2026-06-03 13:30:00,0.222,valid
DE_1015,2026-06-03 13:45:00,0.178,valid
DE_1015,2026-06-03 14:00:00,0.201,valid
DE_1015,2026-06-03 14:15:00,0.266,valid
DE_1015,2026-06-03 14:30:00,0.16,valid
DE_1015,2026-06-03 14:45:00,0.279,valid
DE_1015,2026-06-03 15:00:00,0.261,valid
DE_1015,2026-06-03 15:15:00,0.33,valid
DE_1015,2026-06-03 15:30:00,0.296,valid
DE_1015,2026-06-03 15:45:00,0.299,valid
DE_1015,2026-06-03 16:00:00,0.311,valid
DE_1015,2026-06-03 16:15:00,0.189,valid
DE_1015,2026-06-03 16:30:00,0.319,valid
DE_1015,2026-06-03 16:45:00,0.292,valid
DE_1015,2026-06-03 17:00:00,0.378,valid
DE_1015,2026-06-03 17:15:00,0.284,valid
DE_1015,2026-06-03 17:30:00,0.275,valid
DE_1015,2026-06-03 17:45:00,0.378,valid
DE_1015,2026-06-03 18:00:00,0.311,valid
DE_1015,2026-06-03 18:15:00,0.387,valid
DE_1015,2026-06-03 18:30:00,0.284,valid
DE_1015,2026-06-03 19:00:00,0.396,valid
DE_1015,2026-06-03 19:15:00,0.367,valid
DE_1015,2026-06-03 19:30:00,0.362,valid
DE_1015,2026-06-03 19:45:00,0.419,valid
DE_1015,2026-06-03 20:00:00,0.302,valid
DE_1015,2026-06-03 20:15:00,0.358,valid
DE_1015,2026-06-03 20:30:00,0.315,valid
DE_1015,2026-06-03 20:45:00,0.354,valid
DE_1015,2026-06-03 21:00:00,0.385,valid
DE_1015,2026-06-03 21:15:00,0.445,valid
DE_1015,2026-06-03 21:30:00,0.412,valid
DE_1015,2026-06-03 21:45:00,0.453,valid
DE_1015,2026-06-03 22:00:00,0.507,valid
DE_1015,2026-06-03 22:15:00,0.522,valid
DE_1015,2026-06-03 22:30:00,0.435,valid
DE_1015,2026-06-03 22:45:00,0.3,valid
DE_1015,2026-06-03 23:00:00,0.49,valid
DE_1015,2026-06-03 23:15:00,0.534,valid
DE_1015,2026-06-03 23:30:00,0.413,valid
DE_1015,2026-06-03 23:45:00,0.444,valid
DE_1015,2026-06-04 00:00:00,0.533,valid
DE_1015,2026-06-04 00:15:00,0.524,valid
DE_1015,2026-06-04 00:30:00,0.529,valid
DE_1015,2026-06-04 00:45:00,0.527,valid
DE_1015,2026-06-04 01:00:00,0.379,valid
DE_1015,2026-06-04 01:15:00,0.514,valid
DE_1015,2026-06-04 01:30:00,0.448,valid
DE_1015,2026-06-04 01:45:00,0.583,valid
DE_1015,2026-06-04 02:00:00,0.533,valid
DE_1015,2026-06-04 02:15:00,0.444,valid
DE_1015,2026-06-04 02:30:00,0.516,valid
DE_1015,2026-06-04 02:45:00,0.416,valid
DE_1015,2026-06-04 03:00:00,0.447,valid
DE_1015,2026-06-04 03:15:00,0.451,valid
DE_1015,2026-06-04 03:30:00,0.469,valid
DE_1015,2026-06-04 03:45:00,0.354,valid
DE_1015,2026-06-04 04:00:00,0.506,valid
DE_1015,2026-06-04 04:15:00,0.418,valid
DE_1015,2026-06-04 04:30:00,0.46,valid
DE_1015,2026-06-04 04:45:00,0.384,valid
DE_1015,2026-06-04 05:00:00,0.377,valid
DE_1015,2026-06-04 05:15:00,0.369,valid
DE_1015,2026-06-04 05:30:00,0.381,valid
DE_1015,2026-06-04 05:45:00,0.365,valid
DE_1015,2026-06-04 06:00:00,0.385,valid
DE_1015,2026-06-04 06:15:00,0.464,valid
DE_1015,2026-06-04 06:30:00,0.277,valid
DE_1015,2026-06-04 06:45:00,0.315,valid
DE_1015,2026-06-04 07:00:00,0.232,valid
DE_1015,2026-06-04 07:15:00,0.313,valid
DE_1015,2026-06-04 07:30:00,0.318,valid
DE_1015,2026-06-04 07:45:00,0.348,valid
DE_1015,2026-06-04 08:00:00,0.274,valid
DE_1015,2026-06-04 08:15:00,0.207,valid
DE_1015,2026-06-04 08:30:00,0.25,valid
DE_1015,2026-06-04 08:45:00,0.318,valid
DE_1015,2026-06-04 09:00:00,0.267,valid
DE_1015,2026-06-04 09:15:00,0.375,valid
DE_1015,2026-06-04 09:30:00,0.356,valid
DE_1015,2026-06-04 09:45:00,0.271,valid
DE_1015,2026-06-04 10:00:00,0.285,valid
DE_1015,2026-06-04 10:15:00,0.281,valid
DE_1015,2026-06-04 10:30:00,0.328,valid
DE_1015,2026-06-04 10:45:00,0.292,valid
DE_1015,2026-06-04 11:00:00,0.219,valid
DE_1015,2026-06-04 11:15:00,0.181,valid
DE_1015,2026-06-04 11:30:00,0.185,valid
DE_1015,2026-06-04 11:45:00,0.223,valid
DE_1015,2026-06-04 12:00:00,0.159,valid
DE_1015,2026-06-04 12:15:00,0.156,valid
DE_1015,2026-06-04 12:30:00,0.213,valid
DE_1015,2026-06-04 12:45:00,0.123,valid
DE_1015,2026-06-04 13:00:00,0.18,valid
DE_1015,2026-06-04 13:15:00,0.329,valid
DE_1015,2026-06-04 13:30:00,0.119,valid
DE_1015,2026-06-04 13:45:00,0.272,valid
DE_1015,2026-06-04 14:00:00,0.262,valid
DE_1015,2026-06-04 14:15:00,0.208,valid
DE_1015,2026-06-04 14:30:00,0.29,valid
DE_1015,2026-06-04 14:45:00,0.188,valid
DE_1015,2026-06-04 15:00:00,0.285,valid
DE_1015,2026-06-04 15:15:00,18.973,valid
DE_1015,2026-06-04 15:30:00,0.271,valid
DE_1015,2026-06-04 15:45:00,0.27,valid
DE_1015,2026-06-04 16:00:00,0.332,valid
DE_1015,2026-06-04 16:15:00,0.337,valid
DE_1015,2026-06-04 16:30:00,0.37,valid
DE_1015,2026-06-04 16:45:00,0.274,valid
DE_1015,2026-06-04 17:00:00,0.322,valid
DE_1015,2026-06-04 17:15:00,0.354,valid
DE_1015,2026-06-04 17:30:00,0.357,valid
DE_1015,2026-06-04 17:45:00,0.25,valid
DE_1015,2026-06-04 18:00:00,0.343,valid
DE_1015,2026-06-04 18:15:00,0.383,valid
DE_1015,2026-06-04 18:30:00,0.437,valid
DE_1015,2026-06-04 18:45:00,0.264,valid
DE_1015,2026-06-04 19:00:00,0.427,valid
DE_1015,2026-06-04 19:15:00,0.31,valid
DE_1015,2026-06-04 19:30:00,0.394,valid
DE_1015,2026-06-04 19:45:00,0.375,valid
DE_1015,2026-06-04 20:00:00,0.368,valid
DE_1015,2026-06-04 20:15:00,0.388,valid
DE_1015,2026-06-04 20:30:00,0.423,valid
DE_1015,2026-06-04 20:45:00,0.447,valid
DE_1015,2026-06-04 21:00:00,0.421,valid
DE_1015,2026-06-04 21:15:00,0.474,valid
DE_1015,2026-06-04 21:30:00,0.363,valid
DE_1015,2026-06-04 21:45:00,0.389,valid
DE_1015,2026-06-04 22:00:00,0.377,valid
DE_1015,2026-06-04 22:15:00,0.457,valid
DE_1015,2026-06-04 22:30:00,0.468,valid
DE_1015,2026-06-04 22:45:00,0.488,valid
DE_1015,2026-06-04 23:00:00,0.48,valid
DE_1015,2026-06-04 23:15:00,0.516,valid
DE_1015,2026-06-04 23:30:00,0.386,valid
DE_1015,2026-06-04 23:45:00,0.483,valid
DE_1015,2026-06-05 00:00:00,0.463,valid
DE_1015,2026-06-05 00:15:00,0.529,valid
DE_1015,2026-06-05 00:30:00,0.478,valid
DE_1015,2026-06-05 00:45:00,0.503,valid
DE_1015,2026-06-05 01:00:00,0.553,valid
DE_1015,2026-06-05 01:15:00,0.542,valid
DE_1015,2026-06-05 01:30:00,0.476,valid
DE_1015,2026-06-05 01:45:00,0.434,valid
DE_1015,2026-06-05 02:00:00,0.494,valid
DE_1015,2026-06-05 02:15:00,0.442,valid
DE_1015,2026-06-05 02:30:00,0.437,valid
DE_1015,2026-06-05 02:45:00,0.429,valid
DE_1015,2026-06-05 03:00:00,0.382,valid
DE_1015,2026-06-05 03:15:00,0.435,valid
DE_1015,2026-06-05 03:30:00,0.483,valid
DE_1015,2026-06-05 03:45:00,0.476,valid
DE_1015,2026-06-05 04:00:00,0.376,valid
DE_1015,2026-06-05 04:15:00,0.317,valid
DE_1015,2026-06-05 04:30:00,0.31,valid
DE_1015,2026-06-05 04:45:00,0.409,valid
DE_1015,2026-06-05 05:00:00,0.324,valid
DE_1015,2026-06-05 05:15:00,0.379,valid
DE_1015,2026-06-05 05:30:00,0.379,valid
DE_1015,2026-06-05 05:45:00,0.416,valid
DE_1015,2026-06-05 06:00:00,0.245,valid
DE_1015,2026-06-05 06:15:00,0.345,valid
DE_1015,2026-06-05 06:30:00,0.354,valid
DE_1015,2026-06-05 06:45:00,0.333,valid
DE_1015,2026-06-05 07:00:00,0.33,valid
DE_1015,2026-06-05 07:15:00,0.286,valid
DE_1015,2026-06-05 07:30:00,0.304,valid
DE_1015,2026-06-05 07:45:00,0.37,valid
DE_1015,2026-06-05 08:00:00,0.253,valid
DE_1015,2026-06-05 08:15:00,0.318,valid
DE_1015,2026-06-05 08:30:00,0.334,valid
DE_1015,2026-06-05 08:45:00,0.279,valid
DE_1015,2026-06-05 09:00:00,0.269,valid
DE_1015,2026-06-05 09:15:00,0.23,valid
DE_1015,2026-06-05 09:30:00,0.293,valid
DE_1015,2026-06-05 09:45:00,0.236,valid
DE_1015,2026-06-05 10:00:00,0.195,valid
DE_1015,2026-06-05 10:15:00,0.285,valid
DE_1015,2026-06-05 10:30:00,0.267,valid
DE_1015,2026-06-05 10:45:00,0.279,valid
DE_1015,2026-06-05 11:00:00,0.139,valid
DE_1015,2026-06-05 11:15:00,0.139,valid
DE_1015,2026-06-05 11:45:00,0.196,valid
DE_1015,2026-06-05 12:00:00,0.192,valid
DE_1015,2026-06-05 12:15:00,0.194,valid
DE_1015,2026-06-05 12:30:00,0.184,valid
DE_1015,2026-06-05 12:45:00,0.111,valid
DE_1015,2026-06-05 13:00:00,0.291,valid
DE_1015,2026-06-05 13:15:00,0.267,valid
DE_1015,2026-06-05 13:30:00,0.298,valid
DE_1015,2026-06-05 13:45:00,0.18,valid
DE_1015,2026-06-05 14:00:00,0.181,valid
DE_1015,2026-06-05 14:15:00,0.226,valid
DE_1015,2026-06-05 14:30:00,0.203,valid
DE_1015,2026-06-05 14:45:00,0.244,valid
DE_1015,2026-06-05 15:00:00,0.284,valid
DE_1015,2026-06-05 15:15:00,0.303,valid
DE_1015,2026-06-05 15:30:00,0.178,valid
DE_1015,2026-06-05 15:45:00,0.253,valid
DE_1015,2026-06-05 16:00:00,0.312,valid
DE_1015,2026-06-05 16:15:00,0.389,valid
DE_1015,2026-06-05 16:30:00,0.338,valid
DE_1015,2026-06-05 16:45:00,0.276,valid
DE_1015,2026-06-05 17:00:00,0.342,valid
DE_1015,2026-06-05 17:15:00,0.404,valid
DE_1015,2026-06-05 17:30:00,0.338,valid
DE_1015,2026-06-05 17:45:00,0.32,valid
DE_1015,2026-06-05 18:00:00,0.468,valid
DE_1015,2026-06-05 18:15:00,0.365,valid
DE_1015,2026-06-05 18:30:00,0.39,valid
DE_1015,2026-06-05 18:45:00,0.38,valid
DE_1015,2026-06-05 19:00:00,0.346,valid
DE_1015,2026-06-05 19:15:00,0.378,valid
DE_1015,2026-06-05 19:30:00,0.364,valid
DE_1015,2026-06-05 19:45:00,0.409,valid
DE_1015,2026-06-05 20:00:00,0.405,valid
DE_1015,2026-06-05 20:15:00,0.363,valid
DE_1015,2026-06-05 20:30:00,0.396,valid
DE_1015,2026-06-05 20:45:00,0.425,valid
DE_1015,2026-06-05 21:00:00,0.44,valid
DE_1015,2026-06-05 21:15:00,0.354,valid
DE_1015,2026-06-05 21:30:00,0.481,valid
DE_1015,2026-06-05 21:45:00,0.485,valid
DE_1015,2026-06-05 22:00:00,0.447,valid
DE_1015,2026-06-05 22:15:00,0.471,valid
DE_1015,2026-06-05 22:30:00,0.522,valid
DE_1015,2026-06-05 22:45:00,0.486,valid
DE_1015,2026-06-05 23:00:00,0.479,valid
DE_1015,2026-06-05 23:15:00,0.423,valid
DE_1015,2026-06-05 23:30:00,0.569,valid
DE_1015,2026-06-05 23:45:00,0.484,valid
DE_1015,2026-06-06 00:00:00,0.477,valid
DE_1015,2026-06-06 00:15:00,0.482,valid
DE_1015,2026-06-06 00:30:00,0.492,valid
DE_1015,2026-06-06 00:45:00,0.412,valid
DE_1015,2026-06-06 01:00:00,0.498,valid
DE_1015,2026-06-06 01:15:00,0.539,valid
DE_1015,2026-06-06 01:30:00,0.458,valid
DE_1015,2026-06-06 01:45:00,0.516,valid
DE_1015,2026-06-06 02:00:00,0.439,valid
DE_1015,2026-06-06 02:15:00,0.449,valid
DE_1015,2026-06-06 02:30:00,0.445,valid
DE_1015,2026-06-06 02:45:00,0.483,valid
DE_1015,2026-06-06 03:00:00,0.418,valid
DE_1015,2026-06-06 03:15:00,0.498,valid
DE_1015,2026-06-06 03:30:00,0.384,valid
DE_1015,2026-06-06 03:45:00,0.432,valid
DE_1015,2026-06-06 04:00:00,0.509,valid
DE_1015,2026-06-06 04:15:00,0.472,valid
DE_1015,2026-06-06 04:30:00,0.347,valid
DE_1015,2026-06-06 04:45:00,0.379,valid
DE_1015,2026-06-06 05:00:00,0.427,valid
DE_1015,2026-06-06 05:15:00,0.341,valid
DE_1015,2026-06-06 05:30:00,0.375,valid
DE_1015,2026-06-06 05:45:00,0.384,valid
DE_1015,2026-06-06 06:00:00,0.3,valid
DE_1015,2026-06-06 06:15:00,0.351,valid
DE_1015,2026-06-06 06:30:00,0.306,valid
DE_1015,2026-06-06 06:45:00,0.395,valid
DE_1015,2026-06-06 07:00:00,0.353,valid
DE_1015,2026-06-06 07:15:00,0.347,valid
DE_1015,2026-06-06 07:30:00,0.375,valid
DE_1015,2026-06-06 07:45:00,0.317,valid
DE_1015,2026-06-06 08:00:00,0.305,valid
DE_1015,2026-06-06 08:15:00,0.348,valid
DE_1015,2026-06-06 08:30:00,0.234,valid
DE_1015,2026-06-06 08:45:00,0.272,valid
DE_1015,2026-06-06 09:00:00,0.23,valid
DE_1015,2026-06-06 09:15:00,0.354,valid
DE_1015,2026-06-06 09:45:00,0.272,valid
DE_1015,2026-06-06 10:00:00,0.299,valid
DE_1015,2026-06-06 10:15:00,0.337,valid
DE_1015,2026-06-06 10:30:00,0.212,valid
DE_1015,2026-06-06 10:45:00,0.252,valid
DE_1015,2026-06-06 11:00:00,0.269,valid
DE_1015,2026-06-06 11:15:00,0.279,valid
DE_1015,2026-06-06 11:30:00,0.146,valid
DE_1015,2026-06-06 11:45:00,0.238,valid
DE_1015,2026-06-06 12:00:00,0.167,valid
DE_1015,2026-06-06 12:15:00,0.185,valid
DE_1015,2026-06-06 12:30:00,0.204,valid
DE_1015,2026-06-06 12:45:00,0.162,valid
DE_1015,2026-06-06 13:00:00,0.208,valid
DE_1015,2026-06-06 13:15:00,0.267,valid
DE_1015,2026-06-06 13:30:00,0.251,valid
DE_1015,2026-06-06 13:45:00,0.261,valid
DE_1015,2026-06-06 14:00:00,0.203,valid
DE_1015,2026-06-06 14:15:00,0.23,valid
DE_1015,2026-06-06 14:30:00,0.327,valid
DE_1015,2026-06-06 14:45:00,0.253,valid
DE_1015,2026-06-06 15:00:00,0.278,valid
DE_1015,2026-06-06 15:15:00,0.186,valid
DE_1015,2026-06-06 15:30:00,0.233,valid
DE_1015,2026-06-06 15:45:00,0.263,valid
DE_1015,2026-06-06 16:00:00,0.275,valid
DE_1015,2026-06-06 16:15:00,0.264,valid
DE_1015,2026-06-06 16:30:00,0.285,valid
DE_1015,2026-06-06 16:45:00,0.242,valid
DE_1015,2026-06-06 17:00:00,0.424,valid
DE_1015,2026-06-06 17:15:00,0.203,valid
DE_1015,2026-06-06 17:30:00,0.346,valid
DE_1015,2026-06-06 17:45:00,0.337,valid
DE_1015,2026-06-06 18:00:00,0.335,valid
DE_1015,2026-06-06 18:15:00,0.304,valid
DE_1015,2026-06-06 18:30:00,0.351,valid
DE_1015,2026-06-06 18:45:00,0.32,valid
DE_1015,2026-06-06 19:00:00,0.375,valid
DE_1015,2026-06-06 19:15:00,0.345,valid
DE_1015,2026-06-06 19:30:00,0.251,valid
DE_1015,2026-06-06 19:45:00,0.426,valid
DE_1015,2026-06-06 20:00:00,0.451,valid
DE_1015,2026-06-06 20:15:00,0.413,valid
DE_1015,2026-06-06 20:30:00,0.443,valid
DE_1015,2026-06-06 20:45:00,0.479,valid
DE_1015,2026-06-06 21:00:00,0.342,valid
DE_1015,2026-06-06 21:15:00,0.432,valid
DE_1015,2026-06-06 21:30:00,0.377,valid
DE_1015,2026-06-06 21:45:00,0.41,valid
DE_1015,2026-06-06 22:00:00,0.435,valid
DE_1015,2026-06-06 22:15:00,0.501,valid
DE_1015,2026-06-06 22:30:00,0.419,valid
DE_1015,2026-06-06 22:45:00,0.559,valid
DE_1015,2026-06-06 23:00:00,0.448,valid
DE_1015,2026-06-06 23:15:00,0.421,valid
DE_1015,2026-06-06 23:30:00,0.439,valid
DE_1015,2026-06-06 23:45:00,0.443,valid
DE_1015,2026-06-07 00:00:00,0.484,valid
DE_1015,2026-06-07 00:15:00,0.478,valid
DE_1015,2026-06-07 00:30:00,0.467,valid
DE_1015,2026-06-07 00:45:00,0.495,valid
DE_1015,2026-06-07 01:00:00,0.415,valid
DE_1015,2026-06-07 01:15:00,0.423,valid
DE_1015,2026-06-07 01:30:00,0.437,valid
DE_1015,2026-06-07 01:45:00,0.47,valid
DE_1015,2026-06-07 02:00:00,0.336,valid
DE_1015,2026-06-07 02:15:00,0.477,valid
DE_1015,2026-06-07 02:30:00,0.522,valid
DE_1015,2026-06-07 02:45:00,0.415,valid
DE_1015,2026-06-07 03:00:00,0.441,valid
DE_1015,2026-06-07 03:15:00,0.403,valid
DE_1015,2026-06-07 03:30:00,0.332,valid
DE_1015,2026-06-07 03:45:00,0.411,valid
DE_1015,2026-06-07 04:00:00,0.452,valid
DE_1015,2026-06-07 04:15:00,0.403,valid
DE_1015,2026-06-07 04:30:00,0.411,valid
DE_1015,2026-06-07 04:45:00,0.415,valid
DE_1015,2026-06-07 05:00:00,0.418,valid
DE_1015,2026-06-07 05:15:00,0.369,valid
DE_1015,2026-06-07 05:30:00,0.404,valid
DE_1015,2026-06-07 05:45:00,0.446,valid
DE_1015,2026-06-07 06:00:00,0.306,valid
DE_1015,2026-06-07 06:15:00,0.339,valid
DE_1015,2026-06-07 06:30:00,0.402,valid
DE_1015,2026-06-07 06:45:00,0.371,valid
DE_1015,2026-06-07 07:00:00,0.351,valid
DE_1015,2026-06-07 07:15:00,0.364,valid
DE_1015,2026-06-07 07:30:00,0.292,valid
DE_1015,2026-06-07 07:45:00,0.312,valid
DE_1015,2026-06-07 08:00:00,0.221,valid
DE_1015,2026-06-07 08:15:00,0.217,valid
DE_1015,2026-06-07 08:30:00,0.286,valid
DE_1015,2026-06-07 08:45:00,0.392,valid
DE_1015,2026-06-07 09:00:00,0.32,valid
DE_1015,2026-06-07 09:15:00,0.226,valid
DE_1015,2026-06-07 09:30:00,0.251,valid
DE_1015,2026-06-07 09:45:00,0.341,valid
DE_1015,2026-06-07 10:00:00,0.219,valid
DE_1015,2026-06-07 10:15:00,0.272,valid
DE_1015,2026-06-07 10:30:00,0.179,valid
DE_1015,2026-06-07 10:45:00,0.231,valid
DE_1015,2026-06-07 11:00:00,0.25,valid
DE_1015,2026-06-07 11:15:00,0.238,valid
DE_1015,2026-06-07 11:30:00,0.22,valid
DE_1015,2026-06-07 11:45:00,0.185,valid
DE_1015,2026-06-07 12:00:00,0.198,valid
DE_1015,2026-06-07 12:15:00,0.223,valid
DE_1015,2026-06-07 12:30:00,0.219,valid
DE_1015,2026-06-07 12:45:00,0.136,valid
DE_1015,2026-06-07 13:00:00,0.23,valid
DE_1015,2026-06-07 13:15:00,0.18,valid
DE_1015,2026-06-07 13:30:00,0.234,valid
DE_1015,2026-06-07 13:45:00,0.159,valid
DE_1015,2026-06-07 14:00:00,0.235,valid
DE_1015,2026-06-07 14:15:00,0.339,valid
DE_1015,2026-06-07 14:30:00,0.301,valid
DE_1015,2026-06-07 14:45:00,0.196,valid
DE_1015,2026-06-07 15:00:00,0.245,valid
DE_1015,2026-06-07 15:15:00,0.28,valid
DE_1015,2026-06-07 15:30:00,0.306,valid
DE_1015,2026-06-07 15:45:00,0.128,valid
DE_1015,2026-06-07 16:00:00,0.376,valid
DE_1015,2026-06-07 16:15:00,0.349,valid
DE_1015,2026-06-07 16:30:00,0.318,valid
DE_1015,2026-06-07 16:45:00,0.324,valid
DE_1015,2026-06-07 17:00:00,0.356,valid
DE_1015,2026-06-07 17:15:00,0.294,valid
DE_1015,2026-06-07 17:30:00,0.338,valid
DE_1015,2026-06-07 17:45:00,0.315,valid
DE_1015,2026-06-07 18:00:00,0.296,valid
DE_1015,2026-06-07 18:15:00,0.346,valid
DE_1015,2026-06-07 18:30:00,0.327,valid
DE_1015,2026-06-07 18:45:00,0.312,valid
DE_1015,2026-06-07 19:00:00,0.35,valid
DE_1015,2026-06-07 19:15:00,0.375,valid
DE_1015,2026-06-07 19:30:00,0.33,valid
DE_1015,2026-06-07 19:45:00,0.357,valid
DE_1015,2026-06-07 20:00:00,0.357,valid
DE_1015,2026-06-07 20:15:00,0.437,valid
DE_1015,2026-06-07 20:30:00,0.377,valid
DE_1015,2026-06-07 20:45:00,0.456,valid
DE_1015,2026-06-07 21:00:00,0.323,valid
DE_1015,2026-06-07 21:15:00,0.405,valid
DE_1015,2026-06-07 21:30:00,0.493,valid
DE_1015,2026-06-07 21:45:00,0.321,valid
DE_1015,2026-06-07 22:00:00,0.539,valid
DE_1015,2026-06-07 22:15:00,0.418,valid
DE_1015,2026-06-07 22:30:00,0.427,valid
DE_1015,2026-06-07 22:45:00,0.357,valid
DE_1015,2026-06-07 23:00:00,0.421,valid
DE_1015,2026-06-07 23:15:00,0.453,valid
DE_1015,2026-06-07 23:30:00,0.493,valid
DE_1015,2026-06-07 23:45:00,0.401,valid
DE_1016,2026-06-01 00:00:00,0.45,valid
DE_1016,2026-06-01 00:15:00,0.481,valid
DE_1016,2026-06-01 00:30:00,0.493,valid
DE_1016,2026-06-01 00:45:00,0.509,valid
DE_1016,2026-06-01 01:00:00,0.438,valid
DE_1016,2026-06-01 01:15:00,0.517,valid
DE_1016,2026-06-01 01:30:00,0.436,valid
DE_1016,2026-06-01 01:45:00,0.404,valid
DE_1016,2026-06-01 02:00:00,0.464,valid
DE_1016,2026-06-01 02:15:00,0.512,valid
DE_1016,2026-06-01 02:30:00,0.568,valid
DE_1016,2026-06-01 02:45:00,0.448,valid
DE_1016,2026-06-01 03:00:00,0.402,valid
DE_1016,2026-06-01 03:15:00,0.446,valid
DE_1016,2026-06-01 03:30:00,0.425,valid
DE_1016,2026-06-01 03:45:00,0.418,valid
DE_1016,2026-06-01 04:00:00,0.343,valid
DE_1016,2026-06-01 04:15:00,0.422,valid
DE_1016,2026-06-01 04:30:00,0.443,valid
DE_1016,2026-06-01 04:45:00,0.402,valid
DE_1016,2026-06-01 05:00:00,0.415,valid
DE_1016,2026-06-01 05:15:00,0.402,valid
DE_1016,2026-06-01 05:30:00,0.372,valid
DE_1016,2026-06-01 05:45:00,0.488,valid
DE_1016,2026-06-01 06:00:00,0.34,valid
DE_1016,2026-06-01 06:15:00,0.342,valid
DE_1016,2026-06-01 06:30:00,0.341,valid
DE_1016,2026-06-01 06:45:00,0.406,valid
DE_1016,2026-06-01 07:00:00,0.399,valid
DE_1016,2026-06-01 07:15:00,0.346,valid
DE_1016,2026-06-01 07:30:00,0.324,valid
DE_1016,2026-06-01 07:45:00,0.395,valid
DE_1016,2026-06-01 08:00:00,0.392,valid
DE_1016,2026-06-01 08:15:00,0.283,valid
DE_1016,2026-06-01 08:30:00,0.375,valid
DE_1016,2026-06-01 08:45:00,0.213,valid
DE_1016,2026-06-01 09:00:00,0.346,valid
DE_1016,2026-06-01 09:15:00,0.274,valid
DE_1016,2026-06-01 09:30:00,0.218,valid
DE_1016,2026-06-01 09:45:00,0.278,valid
DE_1016,2026-06-01 10:00:00,0.309,valid
DE_1016,2026-06-01 10:15:00,0.191,valid
DE_1016,2026-06-01 10:30:00,0.255,valid
DE_1016,2026-06-01 10:45:00,0.237,valid
DE_1016,2026-06-01 11:00:00,0.329,valid
DE_1016,2026-06-01 11:15:00,0.244,valid
DE_1016,2026-06-01 11:30:00,0.272,valid
DE_1016,2026-06-01 11:45:00,0.292,valid
DE_1016,2026-06-01 12:00:00,0.218,valid
DE_1016,2026-06-01 12:15:00,0.181,valid
DE_1016,2026-06-01 12:30:00,0.115,valid
DE_1016,2026-06-01 12:45:00,0.247,valid
DE_1016,2026-06-01 13:00:00,0.292,valid
DE_1016,2026-06-01 13:15:00,0.25,valid
DE_1016,2026-06-01 13:30:00,0.246,valid
DE_1016,2026-06-01 13:45:00,0.234,valid
DE_1016,2026-06-01 14:00:00,0.112,valid
DE_1016,2026-06-01 14:15:00,0.211,valid
DE_1016,2026-06-01 14:30:00,0.274,valid
DE_1016,2026-06-01 14:45:00,0.315,valid
DE_1016,2026-06-01 15:00:00,0.37,valid
DE_1016,2026-06-01 15:15:00,0.285,valid
DE_1016,2026-06-01 15:30:00,0.3,valid
DE_1016,2026-06-01 15:45:00,0.239,valid
DE_1016,2026-06-01 16:00:00,0.273,valid
DE_1016,2026-06-01 16:15:00,0.195,valid
DE_1016,2026-06-01 16:30:00,0.197,valid
DE_1016,2026-06-01 16:45:00,0.238,valid
DE_1016,2026-06-01 17:00:00,0.207,valid
DE_1016,2026-06-01 17:15:00,0.313,valid
DE_1016,2026-06-01 17:30:00,0.247,valid
DE_1016,2026-06-01 17:45:00,0.379,valid
DE_1016,2026-06-01 18:00:00,0.341,valid
DE_1016,2026-06-01 18:15:00,0.334,valid
DE_1016,2026-06-01 18:30:00,0.377,valid
DE_1016,2026-06-01 18:45:00,0.297,valid
DE_1016,2026-06-01 19:00:00,0.372,valid
DE_1016,2026-06-01 19:15:00,0.354,valid
DE_1016,2026-06-01 19:30:00,0.337,valid
DE_1016,2026-06-01 19:45:00,0.389,valid
DE_1016,2026-06-01 20:00:00,0.419,valid
DE_1016,2026-06-01 20:15:00,0.456,valid
DE_1016,2026-06-01 20:30:00,0.439,valid
DE_1016,2026-06-01 20:45:00,0.473,valid
DE_1016,2026-06-01 21:00:00,0.427,valid
DE_1016,2026-06-01 21:15:00,0.422,valid
DE_1016,2026-06-01 21:30:00,0.418,valid
DE_1016,2026-06-01 21:45:00,0.471,valid
DE_1016,2026-06-01 22:00:00,0.415,valid
DE_1016,2026-06-01 22:15:00,0.504,valid
DE_1016,2026-06-01 22:30:00,0.429,valid
DE_1016,2026-06-01 22:45:00,0.389,valid
DE_1016,2026-06-01 23:00:00,0.451,valid
DE_1016,2026-06-01 23:15:00,0.481,valid
DE_1016,2026-06-01 23:30:00,0.543,valid
DE_1016,2026-06-01 23:45:00,0.519,valid
DE_1016,2026-06-02 00:00:00,0.526,valid
DE_1016,2026-06-02 00:15:00,0.561,valid
DE_1016,2026-06-02 00:30:00,0.583,valid
DE_1016,2026-06-02 00:45:00,0.482,valid
DE_1016,2026-06-02 01:00:00,0.483,valid
DE_1016,2026-06-02 01:15:00,0.441,valid
DE_1016,2026-06-02 01:30:00,0.46,valid
DE_1016,2026-06-02 01:45:00,0.49,valid
DE_1016,2026-06-02 02:00:00,0.444,valid
DE_1016,2026-06-02 02:15:00,0.413,valid
DE_1016,2026-06-02 02:30:00,0.487,valid
DE_1016,2026-06-02 02:45:00,0.389,valid
DE_1016,2026-06-02 03:00:00,0.452,valid
DE_1016,2026-06-02 03:15:00,0.406,valid
DE_1016,2026-06-02 03:30:00,0.426,valid
DE_1016,2026-06-02 03:45:00,0.398,valid
DE_1016,2026-06-02 04:00:00,0.474,valid
DE_1016,2026-06-02 04:15:00,0.426,valid
DE_1016,2026-06-02 04:30:00,0.412,valid
DE_1016,2026-06-02 04:45:00,0.425,valid
DE_1016,2026-06-02 05:00:00,0.361,valid
DE_1016,2026-06-02 05:15:00,0.408,valid
DE_1016,2026-06-02 05:30:00,0.414,valid
DE_1016,2026-06-02 05:45:00,0.471,valid
DE_1016,2026-06-02 06:00:00,0.368,valid
DE_1016,2026-06-02 06:15:00,0.387,valid
DE_1016,2026-06-02 06:30:00,0.337,valid
DE_1016,2026-06-02 06:45:00,0.313,valid
DE_1016,2026-06-02 07:00:00,0.259,valid
DE_1016,2026-06-02 07:15:00,0.329,valid
DE_1016,2026-06-02 07:30:00,0.283,valid
DE_1016,2026-06-02 07:45:00,0.383,valid
DE_1016,2026-06-02 08:00:00,0.233,valid
DE_1016,2026-06-02 08:15:00,0.322,valid
DE_1016,2026-06-02 08:30:00,0.307,valid
DE_1016,2026-06-02 08:45:00,0.288,valid
DE_1016,2026-06-02 09:00:00,0.3,valid
DE_1016,2026-06-02 09:15:00,0.232,valid
DE_1016,2026-06-02 09:30:00,0.242,valid
DE_1016,2026-06-02 09:45:00,0.267,valid
DE_1016,2026-06-02 10:00:00,0.236,valid
DE_1016,2026-06-02 10:15:00,0.206,valid
DE_1016,2026-06-02 10:30:00,0.283,valid
DE_1016,2026-06-02 10:45:00,0.167,valid
DE_1016,2026-06-02 11:00:00,0.245,valid
DE_1016,2026-06-02 11:15:00,0.3,valid
DE_1016,2026-06-02 11:30:00,0.131,valid
DE_1016,2026-06-02 11:45:00,0.223,valid
DE_1016,2026-06-02 12:00:00,0.206,valid
DE_1016,2026-06-02 12:15:00,0.179,valid
DE_1016,2026-06-02 12:30:00,0.206,valid
DE_1016,2026-06-02 12:45:00,0.162,valid
DE_1016,2026-06-02 13:00:00,0.213,valid
DE_1016,2026-06-02 13:15:00,0.228,valid
DE_1016,2026-06-02 13:30:00,0.28,valid
DE_1016,2026-06-02 13:45:00,0.274,valid
DE_1016,2026-06-02 14:00:00,0.261,valid
DE_1016,2026-06-02 14:15:00,0.275,valid
DE_1016,2026-06-02 14:30:00,0.209,valid
DE_1016,2026-06-02 14:45:00,0.225,valid
DE_1016,2026-06-02 15:00:00,0.227,valid
DE_1016,2026-06-02 15:15:00,0.321,valid
DE_1016,2026-06-02 15:30:00,0.351,valid
DE_1016,2026-06-02 15:45:00,0.291,valid
DE_1016,2026-06-02 16:00:00,0.231,valid
DE_1016,2026-06-02 16:15:00,0.227,valid
DE_1016,2026-06-02 16:30:00,-0.976,valid
DE_1016,2026-06-02 16:45:00,0.303,valid
DE_1016,2026-06-02 17:00:00,0.288,valid
DE_1016,2026-06-02 17:15:00,0.387,valid
DE_1016,2026-06-02 17:30:00,0.414,valid
DE_1016,2026-06-02 17:45:00,0.39,valid
DE_1016,2026-06-02 18:00:00,0.331,valid
DE_1016,2026-06-02 18:15:00,0.403,valid
DE_1016,2026-06-02 18:30:00,0.354,valid
DE_1016,2026-06-02 18:45:00,0.36,valid
DE_1016,2026-06-02 19:00:00,0.395,valid
DE_1016,2026-06-02 19:15:00,0.324,valid
DE_1016,2026-06-02 19:30:00,0.328,valid
DE_1016,2026-06-02 19:45:00,0.35,valid
DE_1016,2026-06-02 20:00:00,0.324,valid
DE_1016,2026-06-02 20:15:00,0.456,valid
DE_1016,2026-06-02 20:30:00,0.399,valid
DE_1016,2026-06-02 20:45:00,0.448,valid
DE_1016,2026-06-02 21:00:00,0.385,valid
DE_1016,2026-06-02 21:15:00,0.489,valid
DE_1016,2026-06-02 21:30:00,0.384,valid
DE_1016,2026-06-02 21:45:00,0.551,valid
DE_1016,2026-06-02 22:00:00,0.511,valid
DE_1016,2026-06-02 22:15:00,0.391,valid
DE_1016,2026-06-02 22:30:00,0.498,valid
DE_1016,2026-06-02 22:45:00,0.415,valid
DE_1016,2026-06-02 23:00:00,0.399,valid
DE_1016,2026-06-02 23:15:00,0.516,valid
DE_1016,2026-06-02 23:30:00,0.523,valid
DE_1016,2026-06-02 23:45:00,0.461,valid
DE_1016,2026-06-03 00:00:00,0.559,valid
DE_1016,2026-06-03 00:15:00,0.511,valid
DE_1016,2026-06-03 00:30:00,0.592,valid
DE_1016,2026-06-03 00:45:00,0.451,valid
DE_1016,2026-06-03 01:00:00,0.592,valid
DE_1016,2026-06-03 01:15:00,0.449,valid
DE_1016,2026-06-03 01:30:00,0.518,valid
DE_1016,2026-06-03 01:45:00,0.602,valid
DE_1016,2026-06-03 02:00:00,0.45,valid
DE_1016,2026-06-03 02:15:00,0.424,valid
DE_1016,2026-06-03 02:30:00,0.387,valid
DE_1016,2026-06-03 02:45:00,0.56,valid
DE_1016,2026-06-03 03:00:00,0.467,valid
DE_1016,2026-06-03 03:15:00,0.417,valid
DE_1016,2026-06-03 03:30:00,40.127,valid
DE_1016,2026-06-03 03:45:00,0.336,valid
DE_1016,2026-06-03 04:00:00,0.371,valid
DE_1016,2026-06-03 04:15:00,0.408,valid
DE_1016,2026-06-03 04:30:00,0.428,valid
DE_1016,2026-06-03 04:45:00,0.4,valid
DE_1016,2026-06-03 05:00:00,0.406,valid
DE_1016,2026-06-03 05:15:00,0.347,valid
DE_1016,2026-06-03 05:30:00,0.407,valid
DE_1016,2026-06-03 05:45:00,0.393,valid
DE_1016,2026-06-03 06:00:00,0.356,valid
DE_1016,2026-06-03 06:15:00,0.371,valid
DE_1016,2026-06-03 06:30:00,0.353,valid
DE_1016,2026-06-03 06:45:00,0.426,valid
DE_1016,2026-06-03 07:00:00,0.352,valid
DE_1016,2026-06-03 07:15:00,0.285,valid
DE_1016,2026-06-03 07:30:00,0.279,valid
DE_1016,2026-06-03 07:45:00,0.332,valid
DE_1016,2026-06-03 08:00:00,0.225,valid
DE_1016,2026-06-03 08:15:00,0.314,valid
DE_1016,2026-06-03 08:30:00,0.265,valid
DE_1016,2026-06-03 08:45:00,0.195,valid
DE_1016,2026-06-03 09:00:00,0.229,valid
DE_1016,2026-06-03 09:15:00,0.193,valid
DE_1016,2026-06-03 09:30:00,0.252,valid
DE_1016,2026-06-03 09:45:00,0.193,valid
DE_1016,2026-06-03 10:00:00,0.272,valid
DE_1016,2026-06-03 10:15:00,0.265,valid
DE_1016,2026-06-03 10:30:00,0.252,valid
DE_1016,2026-06-03 10:45:00,0.223,valid
DE_1016,2026-06-03 11:00:00,0.241,valid
DE_1016,2026-06-03 11:15:00,0.119,valid
DE_1016,2026-06-03 11:30:00,0.259,valid
DE_1016,2026-06-03 11:45:00,0.152,valid
DE_1016,2026-06-03 12:00:00,0.155,valid
DE_1016,2026-06-03 12:15:00,0.223,valid
DE_1016,2026-06-03 12:30:00,0.252,valid
DE_1016,2026-06-03 12:45:00,0.225,valid
DE_1016,2026-06-03 13:00:00,0.221,valid
DE_1016,2026-06-03 13:15:00,0.159,valid
DE_1016,2026-06-03 13:30:00,0.237,valid
DE_1016,2026-06-03 13:45:00,0.292,valid
DE_1016,2026-06-03 14:00:00,0.255,valid
DE_1016,2026-06-03 14:15:00,0.202,valid
DE_1016,2026-06-03 14:30:00,0.2,valid
DE_1016,2026-06-03 14:45:00,0.329,valid
DE_1016,2026-06-03 15:00:00,0.211,valid
DE_1016,2026-06-03 15:15:00,0.222,valid
DE_1016,2026-06-03 15:30:00,0.337,valid
DE_1016,2026-06-03 15:45:00,0.238,valid
DE_1016,2026-06-03 16:00:00,0.321,valid
DE_1016,2026-06-03 16:15:00,0.325,valid
DE_1016,2026-06-03 16:30:00,0.313,valid
DE_1016,2026-06-03 16:45:00,0.352,valid
DE_1016,2026-06-03 17:00:00,0.286,valid
DE_1016,2026-06-03 17:15:00,0.387,valid
DE_1016,2026-06-03 17:30:00,0.288,valid
DE_1016,2026-06-03 17:45:00,0.343,valid
DE_1016,2026-06-03 18:00:00,0.28,valid
DE_1016,2026-06-03 18:15:00,0.411,valid
DE_1016,2026-06-03 18:30:00,0.473,valid
DE_1016,2026-06-03 18:45:00,0.377,valid
DE_1016,2026-06-03 19:00:00,0.349,valid
DE_1016,2026-06-03 19:15:00,0.389,valid
DE_1016,2026-06-03 19:30:00,0.336,valid
DE_1016,2026-06-03 19:45:00,0.289,valid
DE_1016,2026-06-03 20:00:00,0.38,valid
DE_1016,2026-06-03 20:15:00,0.405,valid
DE_1016,2026-06-03 20:30:00,0.391,valid
DE_1016,2026-06-03 20:45:00,0.379,valid
DE_1016,2026-06-03 21:00:00,0.484,valid
DE_1016,2026-06-03 21:15:00,0.356,valid
DE_1016,2026-06-03 21:30:00,0.469,valid
DE_1016,2026-06-03 21:45:00,0.428,valid
DE_1016,2026-06-03 22:00:00,0.406,valid
DE_1016,2026-06-03 22:15:00,0.428,valid
DE_1016,2026-06-03 22:30:00,0.395,valid
DE_1016,2026-06-03 22:45:00,0.466,valid
DE_1016,2026-06-03 23:00:00,0.524,valid
DE_1016,2026-06-03 23:15:00,0.462,valid
DE_1016,2026-06-03 23:30:00,0.481,valid
DE_1016,2026-06-03 23:45:00,0.433,valid
DE_1016,2026-06-04 00:00:00,0.496,valid
DE_1016,2026-06-04 00:15:00,0.571,valid
DE_1016,2026-06-04 00:30:00,0.428,valid
DE_1016,2026-06-04 00:45:00,0.445,valid
DE_1016,2026-06-04 01:00:00,0.429,valid
DE_1016,2026-06-04 01:15:00,0.49,valid
DE_1016,2026-06-04 01:30:00,0.43,valid
DE_1016,2026-06-04 01:45:00,0.482,valid
DE_1016,2026-06-04 02:00:00,0.404,valid
DE_1016,2026-06-04 02:15:00,0.44,valid
DE_1016,2026-06-04 02:30:00,0.481,valid
DE_1016,2026-06-04 02:45:00,0.313,valid
DE_1016,2026-06-04 03:00:00,0.377,valid
DE_1016,2026-06-04 03:15:00,0.415,valid
DE_1016,2026-06-04 03:30:00,0.412,valid
DE_1016,2026-06-04 03:45:00,0.4,valid
DE_1016,2026-06-04 04:00:00,0.339,valid
DE_1016,2026-06-04 04:15:00,0.5,valid
DE_1016,2026-06-04 04:30:00,0.372,valid
DE_1016,2026-06-04 04:45:00,0.382,valid
DE_1016,2026-06-04 05:00:00,0.406,valid
DE_1016,2026-06-04 05:15:00,0.301,valid
DE_1016,2026-06-04 05:30:00,0.36,valid
DE_1016,2026-06-04 05:45:00,0.379,valid
DE_1016,2026-06-04 06:00:00,0.345,valid
DE_1016,2026-06-04 06:15:00,0.375,valid
DE_1016,2026-06-04 06:15:00,0.375,valid
DE_1016,2026-06-04 06:30:00,0.302,valid
DE_1016,2026-06-04 06:45:00,0.353,valid
DE_1016,2026-06-04 07:00:00,0.383,valid
DE_1016,2026-06-04 07:15:00,0.276,valid
DE_1016,2026-06-04 07:30:00,0.324,valid
DE_1016,2026-06-04 07:45:00,0.37,valid
DE_1016,2026-06-04 08:00:00,0.274,valid
DE_1016,2026-06-04 08:15:00,0.389,valid
DE_1016,2026-06-04 08:30:00,0.27,valid
DE_1016,2026-06-04 08:45:00,0.292,valid
DE_1016,2026-06-04 09:00:00,0.269,valid
DE_1016,2026-06-04 09:15:00,0.282,valid
DE_1016,2026-06-04 09:30:00,0.243,valid
DE_1016,2026-06-04 09:45:00,0.338,valid
DE_1016,2026-06-04 10:00:00,0.211,valid
DE_1016,2026-06-04 10:15:00,0.223,valid
DE_1016,2026-06-04 10:30:00,0.33,valid
DE_1016,2026-06-04 10:45:00,0.269,valid
DE_1016,2026-06-04 11:00:00,0.225,valid
DE_1016,2026-06-04 11:15:00,0.246,valid
DE_1016,2026-06-04 11:30:00,0.292,valid
DE_1016,2026-06-04 11:45:00,0.27,valid
DE_1016,2026-06-04 12:00:00,0.164,valid
DE_1016,2026-06-04 12:15:00,0.161,valid
DE_1016,2026-06-04 12:30:00,0.179,valid
DE_1016,2026-06-04 12:45:00,0.332,valid
DE_1016,2026-06-04 13:00:00,0.211,valid
DE_1016,2026-06-04 13:15:00,0.19,valid
DE_1016,2026-06-04 13:30:00,0.268,valid
DE_1016,2026-06-04 13:45:00,0.141,valid
DE_1016,2026-06-04 14:00:00,0.243,valid
DE_1016,2026-06-04 14:15:00,0.189,valid
DE_1016,2026-06-04 14:30:00,0.231,valid
DE_1016,2026-06-04 14:45:00,0.255,valid
DE_1016,2026-06-04 15:00:00,0.255,valid
DE_1016,2026-06-04 15:15:00,0.295,valid
DE_1016,2026-06-04 15:30:00,0.346,valid
DE_1016,2026-06-04 15:45:00,0.265,valid
DE_1016,2026-06-04 16:00:00,0.336,valid
DE_1016,2026-06-04 16:15:00,0.267,valid
DE_1016,2026-06-04 16:45:00,0.297,valid
DE_1016,2026-06-04 17:00:00,0.4,valid
DE_1016,2026-06-04 17:15:00,0.288,valid
DE_1016,2026-06-04 17:30:00,0.316,valid
DE_1016,2026-06-04 17:45:00,0.33,valid
DE_1016,2026-06-04 18:00:00,0.387,valid
DE_1016,2026-06-04 18:15:00,0.338,valid
DE_1016,2026-06-04 18:30:00,0.291,valid
DE_1016,2026-06-04 18:45:00,0.265,valid
DE_1016,2026-06-04 19:00:00,0.403,valid
DE_1016,2026-06-04 19:15:00,0.329,valid
DE_1016,2026-06-04 19:30:00,0.399,valid
DE_1016,2026-06-04 19:45:00,0.397,valid
DE_1016,2026-06-04 20:00:00,0.397,valid
DE_1016,2026-06-04 20:15:00,0.442,valid
DE_1016,2026-06-04 20:30:00,0.302,valid
DE_1016,2026-06-04 20:45:00,0.391,valid
DE_1016,2026-06-04 21:00:00,0.429,valid
DE_1016,2026-06-04 21:15:00,0.514,valid
DE_1016,2026-06-04 21:30:00,0.385,valid
DE_1016,2026-06-04 21:45:00,0.465,valid
DE_1016,2026-06-04 22:00:00,0.454,valid
DE_1016,2026-06-04 22:15:00,0.397,valid
DE_1016,2026-06-04 22:30:00,0.448,valid
DE_1016,2026-06-04 22:45:00,0.363,valid
DE_1016,2026-06-04 23:00:00,0.462,valid
DE_1016,2026-06-04 23:15:00,0.549,valid
DE_1016,2026-06-04 23:30:00,0.388,valid
DE_1016,2026-06-04 23:45:00,0.408,valid
DE_1016,2026-06-05 00:00:00,0.483,valid
DE_1016,2026-06-05 00:15:00,0.464,valid
DE_1016,2026-06-05 00:30:00,0.492,valid
DE_1016,2026-06-05 00:45:00,0.505,valid
DE_1016,2026-06-05 01:00:00,0.452,valid
DE_1016,2026-06-05 01:15:00,0.489,valid
DE_1016,2026-06-05 01:30:00,0.468,valid
DE_1016,2026-06-05 01:45:00,0.542,valid
DE_1016,2026-06-05 02:00:00,0.493,valid
DE_1016,2026-06-05 02:15:00,0.443,valid
DE_1016,2026-06-05 02:30:00,0.452,valid
DE_1016,2026-06-05 02:45:00,0.459,valid
DE_1016,2026-06-05 03:00:00,0.417,valid
DE_1016,2026-06-05 03:15:00,0.441,valid
DE_1016,2026-06-05 03:30:00,0.406,valid
DE_1016,2026-06-05 03:45:00,0.502,valid
DE_1016,2026-06-05 04:00:00,0.431,valid
DE_1016,2026-06-05 04:15:00,0.341,valid
DE_1016,2026-06-05 04:30:00,0.37,valid
DE_1016,2026-06-05 04:45:00,0.367,valid
DE_1016,2026-06-05 05:00:00,0.287,valid
DE_1016,2026-06-05 05:15:00,0.449,valid
DE_1016,2026-06-05 05:30:00,0.42,valid
DE_1016,2026-06-05 05:45:00,0.379,valid
DE_1016,2026-06-05 06:00:00,0.319,valid
DE_1016,2026-06-05 06:15:00,0.395,valid
DE_1016,2026-06-05 06:30:00,0.27,valid
DE_1016,2026-06-05 06:45:00,0.37,valid
DE_1016,2026-06-05 07:00:00,0.344,valid
DE_1016,2026-06-05 07:15:00,0.4,valid
DE_1016,2026-06-05 07:30:00,0.307,valid
DE_1016,2026-06-05 07:45:00,0.291,valid
DE_1016,2026-06-05 08:00:00,0.396,valid
DE_1016,2026-06-05 08:15:00,0.32,valid
DE_1016,2026-06-05 08:30:00,0.369,valid
DE_1016,2026-06-05 08:45:00,0.286,valid
DE_1016,2026-06-05 09:00:00,0.232,valid
DE_1016,2026-06-05 09:15:00,0.258,valid
DE_1016,2026-06-05 09:30:00,0.313,valid
DE_1016,2026-06-05 09:45:00,0.415,valid
DE_1016,2026-06-05 10:00:00,0.222,valid
DE_1016,2026-06-05 10:15:00,0.28,valid
DE_1016,2026-06-05 10:30:00,0.22,valid
DE_1016,2026-06-05 10:45:00,0.319,valid
DE_1016,2026-06-05 11:00:00,0.294,valid
DE_1016,2026-06-05 11:15:00,0.238,valid
DE_1016,2026-06-05 11:30:00,0.248,valid
DE_1016,2026-06-05 11:45:00,0.265,valid
DE_1016,2026-06-05 12:00:00,0.05,valid
DE_1016,2026-06-05 12:15:00,0.269,valid
DE_1016,2026-06-05 12:30:00,0.333,valid
DE_1016,2026-06-05 12:45:00,0.22,valid
DE_1016,2026-06-05 13:00:00,0.171,valid
DE_1016,2026-06-05 13:15:00,0.205,valid
DE_1016,2026-06-05 13:30:00,0.236,valid
DE_1016,2026-06-05 13:45:00,0.337,valid
DE_1016,2026-06-05 14:00:00,0.296,valid
DE_1016,2026-06-05 14:15:00,0.3,valid
DE_1016,2026-06-05 14:30:00,0.263,valid
DE_1016,2026-06-05 14:45:00,0.232,valid
DE_1016,2026-06-05 15:00:00,0.306,valid
DE_1016,2026-06-05 15:15:00,0.428,valid
DE_1016,2026-06-05 15:30:00,0.247,valid
DE_1016,2026-06-05 15:45:00,0.262,valid
DE_1016,2026-06-05 16:00:00,0.347,valid
DE_1016,2026-06-05 16:15:00,0.373,valid
DE_1016,2026-06-05 16:30:00,0.295,valid
DE_1016,2026-06-05 16:45:00,0.25,valid
DE_1016,2026-06-05 17:00:00,0.255,valid
DE_1016,2026-06-05 17:15:00,0.37,valid
DE_1016,2026-06-05 17:30:00,0.266,valid
DE_1016,2026-06-05 17:45:00,0.358,valid
DE_1016,2026-06-05 18:00:00,0.33,valid
DE_1016,2026-06-05 18:15:00,0.393,valid
DE_1016,2026-06-05 18:30:00,0.432,valid
DE_1016,2026-06-05 18:45:00,0.414,valid
DE_1016,2026-06-05 19:00:00,0.457,valid
DE_1016,2026-06-05 19:15:00,0.354,valid
DE_1016,2026-06-05 19:30:00,0.349,valid
DE_1016,2026-06-05 19:45:00,0.431,valid
DE_1016,2026-06-05 20:00:00,0.323,valid
DE_1016,2026-06-05 20:15:00,0.462,valid
DE_1016,2026-06-05 20:30:00,0.344,valid
DE_1016,2026-06-05 20:45:00,0.402,valid
DE_1016,2026-06-05 21:00:00,0.45,valid
DE_1016,2026-06-05 21:15:00,0.377,valid
DE_1016,2026-06-05 21:30:00,0.453,valid
DE_1016,2026-06-05 21:45:00,0.411,valid
DE_1016,2026-06-05 22:00:00,0.435,valid
DE_1016,2026-06-05 22:15:00,0.51,valid
DE_1016,2026-06-05 22:30:00,0.422,valid
DE_1016,2026-06-05 22:45:00,0.498,valid
DE_1016,2026-06-05 23:00:00,0.526,valid
DE_1016,2026-06-05 23:15:00,0.571,valid
DE_1016,2026-06-05 23:30:00,0.421,valid
DE_1016,2026-06-05 23:45:00,0.524,valid
DE_1016,2026-06-06 00:00:00,0.551,valid
DE_1016,2026-06-06 00:15:00,0.492,valid
DE_1016,2026-06-06 00:30:00,0.455,valid
DE_1016,2026-06-06 00:45:00,0.447,valid
DE_1016,2026-06-06 01:00:00,0.52,valid
DE_1016,2026-06-06 01:15:00,0.528,valid
DE_1016,2026-06-06 01:30:00,0.543,valid
DE_1016,2026-06-06 01:45:00,0.475,valid
DE_1016,2026-06-06 02:00:00,0.436,valid
DE_1016,2026-06-06 02:15:00,0.33,valid
DE_1016,2026-06-06 02:30:00,0.433,valid
DE_1016,2026-06-06 02:45:00,0.484,valid
DE_1016,2026-06-06 03:00:00,0.374,valid
DE_1016,2026-06-06 03:15:00,0.401,valid
DE_1016,2026-06-06 03:30:00,0.465,valid
DE_1016,2026-06-06 03:45:00,0.451,valid
DE_1016,2026-06-06 04:00:00,0.395,valid
DE_1016,2026-06-06 04:15:00,0.296,valid
DE_1016,2026-06-06 04:30:00,0.364,valid
DE_1016,2026-06-06 04:45:00,0.348,valid
DE_1016,2026-06-06 05:00:00,0.439,valid
DE_1016,2026-06-06 05:15:00,0.301,valid
DE_1016,2026-06-06 05:30:00,0.4,valid
DE_1016,2026-06-06 05:45:00,0.416,valid
DE_1016,2026-06-06 06:00:00,0.372,valid
DE_1016,2026-06-06 06:15:00,0.328,valid
DE_1016,2026-06-06 06:30:00,0.454,valid
DE_1016,2026-06-06 06:45:00,0.307,valid
DE_1016,2026-06-06 07:00:00,0.307,valid
DE_1016,2026-06-06 07:15:00,0.362,valid
DE_1016,2026-06-06 07:30:00,0.352,valid
DE_1016,2026-06-06 07:45:00,0.304,valid
DE_1016,2026-06-06 08:00:00,0.264,valid
DE_1016,2026-06-06 08:15:00,0.309,valid
DE_1016,2026-06-06 08:30:00,0.179,valid
DE_1016,2026-06-06 08:45:00,0.209,valid
DE_1016,2026-06-06 09:00:00,0.314,valid
DE_1016,2026-06-06 09:15:00,0.146,valid
DE_1016,2026-06-06 09:30:00,0.251,valid
DE_1016,2026-06-06 09:45:00,0.275,valid
DE_1016,2026-06-06 10:00:00,0.214,valid
DE_1016,2026-06-06 10:15:00,0.223,valid
DE_1016,2026-06-06 10:30:00,0.276,valid
DE_1016,2026-06-06 10:45:00,0.236,valid
DE_1016,2026-06-06 11:00:00,0.1,valid
DE_1016,2026-06-06 11:15:00,0.255,valid
DE_1016,2026-06-06 11:30:00,0.238,valid
DE_1016,2026-06-06 11:45:00,0.226,valid
DE_1016,2026-06-06 12:00:00,0.155,valid
DE_1016,2026-06-06 12:15:00,0.11,valid
DE_1016,2026-06-06 12:30:00,0.3,valid
DE_1016,2026-06-06 12:45:00,0.197,valid
DE_1016,2026-06-06 13:00:00,0.272,valid
DE_1016,2026-06-06 13:15:00,0.247,valid
DE_1016,2026-06-06 13:30:00,0.22,valid
DE_1016,2026-06-06 13:45:00,0.304,valid
DE_1016,2026-06-06 14:00:00,0.313,valid
DE_1016,2026-06-06 14:15:00,0.31,valid
DE_1016,2026-06-06 14:30:00,0.213,valid
DE_1016,2026-06-06 14:45:00,0.201,valid
DE_1016,2026-06-06 15:00:00,0.332,valid
DE_1016,2026-06-06 15:15:00,0.284,valid
DE_1016,2026-06-06 15:30:00,0.269,valid
DE_1016,2026-06-06 15:45:00,0.234,valid
DE_1016,2026-06-06 16:00:00,0.225,valid
DE_1016,2026-06-06 16:15:00,0.355,valid
DE_1016,2026-06-06 16:30:00,0.306,valid
DE_1016,2026-06-06 16:45:00,0.253,valid
DE_1016,2026-06-06 17:00:00,0.313,valid
DE_1016,2026-06-06 17:15:00,0.266,valid
DE_1016,2026-06-06 17:30:00,0.294,valid
DE_1016,2026-06-06 17:45:00,0.282,valid
DE_1016,2026-06-06 18:00:00,0.37,valid
DE_1016,2026-06-06 18:15:00,0.37,valid
DE_1016,2026-06-06 18:30:00,0.343,valid
DE_1016,2026-06-06 18:45:00,0.443,valid
DE_1016,2026-06-06 18:45:00,0.443,valid
DE_1016,2026-06-06 19:00:00,0.376,valid
DE_1016,2026-06-06 19:15:00,0.351,valid
DE_1016,2026-06-06 19:30:00,0.4,valid
DE_1016,2026-06-06 19:45:00,0.42,valid
DE_1016,2026-06-06 20:00:00,0.341,valid
DE_1016,2026-06-06 20:15:00,0.493,valid
DE_1016,2026-06-06 20:30:00,0.41,valid
DE_1016,2026-06-06 20:45:00,0.367,valid
DE_1016,2026-06-06 21:00:00,0.484,valid
DE_1016,2026-06-06 21:15:00,0.466,valid
DE_1016,2026-06-06 21:30:00,0.521,valid
DE_1016,2026-06-06 21:45:00,0.473,valid
DE_1016,2026-06-06 22:00:00,0.413,valid
DE_1016,2026-06-06 22:15:00,0.452,valid
DE_1016,2026-06-06 22:30:00,0.447,valid
DE_1016,2026-06-06 22:45:00,0.492,valid
DE_1016,2026-06-06 23:00:00,0.392,valid
DE_1016,2026-06-06 23:15:00,0.505,valid
DE_1016,2026-06-06 23:30:00,0.455,valid
DE_1016,2026-06-06 23:45:00,0.413,valid
DE_1016,2026-06-07 00:00:00,0.43,valid
DE_1016,2026-06-07 00:15:00,0.453,valid
DE_1016,2026-06-07 00:30:00,0.525,valid
DE_1016,2026-06-07 00:45:00,0.533,valid
DE_1016,2026-06-07 01:00:00,0.484,valid
DE_1016,2026-06-07 01:15:00,0.522,valid
DE_1016,2026-06-07 01:30:00,0.448,valid
DE_1016,2026-06-07 01:45:00,0.507,valid
DE_1016,2026-06-07 02:00:00,0.478,valid
DE_1016,2026-06-07 02:15:00,0.44,valid
DE_1016,2026-06-07 02:30:00,0.412,valid
DE_1016,2026-06-07 02:45:00,0.408,valid
DE_1016,2026-06-07 03:00:00,0.386,valid
DE_1016,2026-06-07 03:15:00,0.44,valid
DE_1016,2026-06-07 03:30:00,0.422,valid
DE_1016,2026-06-07 03:45:00,0.348,valid
DE_1016,2026-06-07 04:00:00,0.425,valid
DE_1016,2026-06-07 04:15:00,0.433,valid
DE_1016,2026-06-07 04:30:00,0.347,valid
DE_1016,2026-06-07 04:45:00,0.447,valid
DE_1016,2026-06-07 05:00:00,0.409,valid
DE_1016,2026-06-07 05:15:00,0.381,valid
DE_1016,2026-06-07 05:30:00,0.353,valid
DE_1016,2026-06-07 05:45:00,0.438,valid
DE_1016,2026-06-07 06:00:00,0.345,valid
DE_1016,2026-06-07 06:15:00,0.43,valid
DE_1016,2026-06-07 06:30:00,0.345,valid
DE_1016,2026-06-07 06:45:00,0.183,valid
DE_1016,2026-06-07 07:00:00,0.267,valid
DE_1016,2026-06-07 07:15:00,0.364,valid
DE_1016,2026-06-07 07:30:00,0.347,valid
DE_1016,2026-06-07 07:45:00,0.365,valid
DE_1016,2026-06-07 08:00:00,0.355,valid
DE_1016,2026-06-07 08:15:00,0.381,valid
DE_1016,2026-06-07 08:30:00,0.281,valid
DE_1016,2026-06-07 08:45:00,0.345,valid
DE_1016,2026-06-07 09:00:00,0.313,valid
DE_1016,2026-06-07 09:15:00,0.232,valid
DE_1016,2026-06-07 09:30:00,0.305,valid
DE_1016,2026-06-07 09:45:00,0.328,valid
DE_1016,2026-06-07 10:00:00,0.298,valid
DE_1016,2026-06-07 10:15:00,0.345,valid
DE_1016,2026-06-07 10:30:00,0.371,valid
DE_1016,2026-06-07 10:45:00,0.261,valid
DE_1016,2026-06-07 11:00:00,0.201,valid
DE_1016,2026-06-07 11:15:00,0.261,valid
DE_1016,2026-06-07 11:30:00,0.231,valid
DE_1016,2026-06-07 11:45:00,0.265,valid
DE_1016,2026-06-07 12:00:00,0.215,valid
DE_1016,2026-06-07 12:15:00,0.113,valid
DE_1016,2026-06-07 12:30:00,0.172,valid
DE_1016,2026-06-07 12:45:00,0.162,valid
DE_1016,2026-06-07 13:00:00,0.118,valid
DE_1016,2026-06-07 13:15:00,0.253,valid
DE_1016,2026-06-07 13:30:00,0.305,valid
DE_1016,2026-06-07 13:45:00,0.172,valid
DE_1016,2026-06-07 14:00:00,0.299,valid
DE_1016,2026-06-07 14:15:00,0.178,valid
DE_1016,2026-06-07 14:30:00,0.214,valid
DE_1016,2026-06-07 14:45:00,0.245,valid
DE_1016,2026-06-07 15:00:00,0.297,valid
DE_1016,2026-06-07 15:15:00,0.346,valid
DE_1016,2026-06-07 15:30:00,0.257,valid
DE_1016,2026-06-07 15:45:00,0.289,valid
DE_1016,2026-06-07 16:00:00,0.291,valid
DE_1016,2026-06-07 16:15:00,0.316,valid
DE_1016,2026-06-07 16:30:00,0.242,valid
DE_1016,2026-06-07 16:45:00,0.28,valid
DE_1016,2026-06-07 17:00:00,0.319,valid
DE_1016,2026-06-07 17:15:00,0.224,valid
DE_1016,2026-06-07 17:30:00,0.342,valid
DE_1016,2026-06-07 17:45:00,0.322,valid
DE_1016,2026-06-07 18:00:00,0.316,valid
DE_1016,2026-06-07 18:15:00,0.335,valid
DE_1016,2026-06-07 18:30:00,0.347,valid
DE_1016,2026-06-07 18:45:00,0.432,valid
DE_1016,2026-06-07 19:00:00,0.348,valid
DE_1016,2026-06-07 19:15:00,0.308,valid
DE_1016,2026-06-07 19:30:00,0.377,valid
DE_1016,2026-06-07 19:45:00,0.451,valid
DE_1016,2026-06-07 20:00:00,0.386,valid
DE_1016,2026-06-07 20:15:00,0.404,valid
DE_1016,2026-06-07 20:30:00,0.351,valid
DE_1016,2026-06-07 20:45:00,0.36,valid
DE_1016,2026-06-07 21:00:00,0.452,valid
DE_1016,2026-06-07 21:15:00,0.443,valid
DE_1016,2026-06-07 21:30:00,0.434,valid
DE_1016,2026-06-07 21:45:00,0.409,valid
DE_1016,2026-06-07 22:00:00,0.5,valid
DE_1016,2026-06-07 22:15:00,0.415,valid
DE_1016,2026-06-07 22:30:00,0.483,valid
DE_1016,2026-06-07 22:45:00,0.463,valid
DE_1016,2026-06-07 23:00:00,0.418,valid
DE_1016,2026-06-07 23:15:00,0.441,valid
DE_1016,2026-06-07 23:30:00,0.415,valid
DE_1016,2026-06-07 23:45:00,0.489,valid
DE_1017,2026-06-01 00:00:00,0.509,valid
DE_1017,2026-06-01 00:15:00,0.457,valid
DE_1017,2026-06-01 00:30:00,0.478,valid
DE_1017,2026-06-01 00:45:00,0.475,valid
DE_1017,2026-06-01 01:00:00,0.491,valid
DE_1017,2026-06-01 01:15:00,0.489,valid
DE_1017,2026-06-01 01:30:00,0.495,valid
DE_1017,2026-06-01 01:45:00,0.534,valid
DE_1017,2026-06-01 02:00:00,0.463,valid
DE_1017,2026-06-01 02:15:00,0.506,valid
DE_1017,2026-06-01 02:30:00,0.39,valid
DE_1017,2026-06-01 02:45:00,0.422,valid
DE_1017,2026-06-01 03:00:00,0.441,valid
DE_1017,2026-06-01 03:15:00,0.406,valid
DE_1017,2026-06-01 03:30:00,0.491,valid
DE_1017,2026-06-01 03:45:00,0.368,valid
DE_1017,2026-06-01 04:00:00,0.431,valid
DE_1017,2026-06-01 04:15:00,0.485,valid
DE_1017,2026-06-01 04:30:00,0.358,valid
DE_1017,2026-06-01 04:45:00,0.364,valid
DE_1017,2026-06-01 05:00:00,0.459,valid
DE_1017,2026-06-01 05:15:00,0.375,valid
DE_1017,2026-06-01 05:30:00,0.328,valid
DE_1017,2026-06-01 05:45:00,0.34,valid
DE_1017,2026-06-01 06:00:00,0.376,valid
DE_1017,2026-06-01 06:15:00,0.403,valid
DE_1017,2026-06-01 06:30:00,0.228,valid
DE_1017,2026-06-01 06:45:00,0.339,valid
DE_1017,2026-06-01 07:00:00,0.294,valid
DE_1017,2026-06-01 07:15:00,0.421,valid
DE_1017,2026-06-01 07:30:00,0.325,valid
DE_1017,2026-06-01 07:45:00,0.365,valid
DE_1017,2026-06-01 08:00:00,0.26,valid
DE_1017,2026-06-01 08:15:00,0.284,valid
DE_1017,2026-06-01 08:30:00,0.172,valid
DE_1017,2026-06-01 08:45:00,0.351,valid
DE_1017,2026-06-01 09:00:00,0.329,valid
DE_1017,2026-06-01 09:15:00,0.256,valid
DE_1017,2026-06-01 09:30:00,0.218,valid
DE_1017,2026-06-01 09:45:00,0.398,valid
DE_1017,2026-06-01 10:00:00,0.221,valid
DE_1017,2026-06-01 10:15:00,0.255,valid
DE_1017,2026-06-01 10:30:00,0.299,valid
DE_1017,2026-06-01 10:45:00,0.271,valid
DE_1017,2026-06-01 11:00:00,0.187,valid
DE_1017,2026-06-01 11:15:00,0.332,valid
DE_1017,2026-06-01 11:30:00,0.158,valid
DE_1017,2026-06-01 11:45:00,0.25,valid
DE_1017,2026-06-01 12:00:00,0.169,valid
DE_1017,2026-06-01 12:15:00,0.192,valid
DE_1017,2026-06-01 12:30:00,0.215,valid
DE_1017,2026-06-01 12:45:00,0.117,valid
DE_1017,2026-06-01 13:00:00,0.239,valid
DE_1017,2026-06-01 13:15:00,0.282,valid
DE_1017,2026-06-01 13:30:00,0.199,valid
DE_1017,2026-06-01 13:45:00,0.281,valid
DE_1017,2026-06-01 14:00:00,0.284,valid
DE_1017,2026-06-01 14:15:00,0.275,valid
DE_1017,2026-06-01 14:30:00,0.2,valid
DE_1017,2026-06-01 14:45:00,0.209,valid
DE_1017,2026-06-01 15:00:00,0.291,valid
DE_1017,2026-06-01 15:15:00,0.299,valid
DE_1017,2026-06-01 15:30:00,0.284,valid
DE_1017,2026-06-01 15:45:00,0.188,valid
DE_1017,2026-06-01 16:00:00,0.341,valid
DE_1017,2026-06-01 16:15:00,0.245,valid
DE_1017,2026-06-01 16:30:00,0.369,valid
DE_1017,2026-06-01 16:45:00,0.405,valid
DE_1017,2026-06-01 17:00:00,0.397,valid
DE_1017,2026-06-01 17:15:00,0.316,valid
DE_1017,2026-06-01 17:30:00,0.346,valid
DE_1017,2026-06-01 17:45:00,0.241,valid
DE_1017,2026-06-01 18:00:00,0.336,valid
DE_1017,2026-06-01 18:15:00,0.465,valid
DE_1017,2026-06-01 18:30:00,0.253,valid
DE_1017,2026-06-01 18:45:00,0.367,valid
DE_1017,2026-06-01 19:00:00,0.366,valid
DE_1017,2026-06-01 19:15:00,0.401,valid
DE_1017,2026-06-01 19:30:00,0.352,valid
DE_1017,2026-06-01 19:45:00,0.415,valid
DE_1017,2026-06-01 20:00:00,0.398,valid
DE_1017,2026-06-01 20:15:00,0.345,valid
DE_1017,2026-06-01 20:30:00,0.355,valid
DE_1017,2026-06-01 20:45:00,0.423,valid
DE_1017,2026-06-01 21:00:00,0.351,valid
DE_1017,2026-06-01 21:15:00,0.467,valid
DE_1017,2026-06-01 21:30:00,0.317,valid
DE_1017,2026-06-01 21:45:00,0.5,valid
DE_1017,2026-06-01 22:00:00,0.395,valid
DE_1017,2026-06-01 22:15:00,0.522,valid
DE_1017,2026-06-01 22:30:00,0.534,valid
DE_1017,2026-06-01 22:45:00,0.437,valid
DE_1017,2026-06-01 23:00:00,0.552,valid
DE_1017,2026-06-01 23:15:00,0.485,valid
DE_1017,2026-06-01 23:30:00,0.495,valid
DE_1017,2026-06-01 23:45:00,0.552,valid
DE_1017,2026-06-02 00:00:00,0.487,valid
DE_1017,2026-06-02 00:15:00,0.546,valid
DE_1017,2026-06-02 00:30:00,0.461,valid
DE_1017,2026-06-02 00:45:00,0.58,valid
DE_1017,2026-06-02 01:00:00,0.446,valid
DE_1017,2026-06-02 01:15:00,0.532,valid
DE_1017,2026-06-02 01:30:00,0.486,valid
DE_1017,2026-06-02 01:45:00,0.508,valid
DE_1017,2026-06-02 02:00:00,0.352,valid
DE_1017,2026-06-02 02:15:00,0.448,valid
DE_1017,2026-06-02 02:30:00,0.479,valid
DE_1017,2026-06-02 02:45:00,0.473,valid
DE_1017,2026-06-02 03:00:00,0.399,valid
DE_1017,2026-06-02 03:15:00,0.476,valid
DE_1017,2026-06-02 03:30:00,0.415,valid
DE_1017,2026-06-02 03:45:00,0.37,valid
DE_1017,2026-06-02 04:00:00,0.415,valid
DE_1017,2026-06-02 04:15:00,0.397,valid
DE_1017,2026-06-02 04:30:00,0.359,valid
DE_1017,2026-06-02 04:45:00,0.336,valid
DE_1017,2026-06-02 05:00:00,0.424,valid
DE_1017,2026-06-02 05:15:00,0.344,valid
DE_1017,2026-06-02 05:30:00,0.362,valid
DE_1017,2026-06-02 05:45:00,0.442,valid
DE_1017,2026-06-02 06:00:00,0.334,valid
DE_1017,2026-06-02 06:15:00,0.366,valid
DE_1017,2026-06-02 06:30:00,0.324,valid
DE_1017,2026-06-02 06:45:00,0.319,valid
DE_1017,2026-06-02 07:00:00,0.248,valid
DE_1017,2026-06-02 07:15:00,0.408,valid
DE_1017,2026-06-02 07:30:00,0.346,valid
DE_1017,2026-06-02 07:45:00,0.342,valid
DE_1017,2026-06-02 08:00:00,0.3,valid
DE_1017,2026-06-02 08:15:00,0.256,valid
DE_1017,2026-06-02 08:30:00,0.308,valid
DE_1017,2026-06-02 08:45:00,0.249,valid
DE_1017,2026-06-02 09:00:00,0.292,valid
DE_1017,2026-06-02 09:15:00,0.298,valid
DE_1017,2026-06-02 09:30:00,0.265,valid
DE_1017,2026-06-02 09:45:00,0.307,valid
DE_1017,2026-06-02 10:00:00,0.282,valid
DE_1017,2026-06-02 10:15:00,0.27,valid
DE_1017,2026-06-02 10:30:00,0.174,valid
DE_1017,2026-06-02 10:45:00,0.213,valid
DE_1017,2026-06-02 11:00:00,0.221,valid
DE_1017,2026-06-02 11:15:00,0.286,valid
DE_1017,2026-06-02 11:45:00,0.235,valid
DE_1017,2026-06-02 12:00:00,0.203,valid
DE_1017,2026-06-02 12:15:00,0.181,valid
DE_1017,2026-06-02 12:30:00,0.218,valid
DE_1017,2026-06-02 12:45:00,0.123,valid
DE_1017,2026-06-02 13:00:00,0.187,valid
DE_1017,2026-06-02 13:15:00,0.315,valid
DE_1017,2026-06-02 13:30:00,0.27,valid
DE_1017,2026-06-02 13:45:00,0.194,valid
DE_1017,2026-06-02 14:00:00,0.274,valid
DE_1017,2026-06-02 14:15:00,0.229,valid
DE_1017,2026-06-02 14:30:00,0.196,valid
DE_1017,2026-06-02 14:45:00,0.261,valid
DE_1017,2026-06-02 15:00:00,0.238,valid
DE_1017,2026-06-02 15:15:00,0.34,valid
DE_1017,2026-06-02 15:30:00,0.264,valid
DE_1017,2026-06-02 15:45:00,0.238,valid
DE_1017,2026-06-02 16:00:00,0.3,valid
DE_1017,2026-06-02 16:15:00,0.289,valid
DE_1017,2026-06-02 16:30:00,0.338,valid
DE_1017,2026-06-02 16:45:00,0.335,valid
DE_1017,2026-06-02 17:00:00,0.279,valid
DE_1017,2026-06-02 17:15:00,0.36,valid
DE_1017,2026-06-02 17:30:00,0.384,valid
DE_1017,2026-06-02 17:45:00,0.343,valid
DE_1017,2026-06-02 18:00:00,0.401,valid
DE_1017,2026-06-02 18:15:00,0.319,valid
DE_1017,2026-06-02 18:30:00,0.403,valid
DE_1017,2026-06-02 18:45:00,0.355,valid
DE_1017,2026-06-02 19:00:00,0.433,valid
DE_1017,2026-06-02 19:15:00,0.387,valid
DE_1017,2026-06-02 19:30:00,0.401,valid
DE_1017,2026-06-02 19:45:00,0.291,valid
DE_1017,2026-06-02 20:00:00,0.335,valid
DE_1017,2026-06-02 20:15:00,0.403,valid
DE_1017,2026-06-02 20:30:00,0.346,valid
DE_1017,2026-06-02 20:45:00,0.339,valid
DE_1017,2026-06-02 21:00:00,26.818,valid
DE_1017,2026-06-02 21:15:00,0.371,valid
DE_1017,2026-06-02 21:30:00,0.437,valid
DE_1017,2026-06-02 21:45:00,0.365,valid
DE_1017,2026-06-02 22:00:00,0.479,valid
DE_1017,2026-06-02 22:15:00,0.358,valid
DE_1017,2026-06-02 22:30:00,0.546,valid
DE_1017,2026-06-02 22:45:00,0.509,valid
DE_1017,2026-06-02 23:00:00,0.354,valid
DE_1017,2026-06-02 23:15:00,0.375,valid
DE_1017,2026-06-02 23:30:00,0.476,valid
DE_1017,2026-06-02 23:45:00,0.39,valid
DE_1017,2026-06-03 00:00:00,0.463,valid
DE_1017,2026-06-03 00:15:00,0.517,valid
DE_1017,2026-06-03 00:30:00,0.402,valid
DE_1017,2026-06-03 00:45:00,0.531,valid
DE_1017,2026-06-03 01:00:00,0.47,valid
DE_1017,2026-06-03 01:15:00,0.403,valid
DE_1017,2026-06-03 01:30:00,0.54,valid
DE_1017,2026-06-03 01:45:00,0.507,valid
DE_1017,2026-06-03 02:00:00,0.417,valid
DE_1017,2026-06-03 02:15:00,0.502,valid
DE_1017,2026-06-03 02:30:00,0.417,valid
DE_1017,2026-06-03 02:45:00,0.363,valid
DE_1017,2026-06-03 03:00:00,0.416,valid
DE_1017,2026-06-03 03:15:00,0.429,valid
DE_1017,2026-06-03 03:30:00,0.42,valid
DE_1017,2026-06-03 03:45:00,0.422,valid
DE_1017,2026-06-03 04:00:00,0.405,valid
DE_1017,2026-06-03 04:15:00,0.391,valid
DE_1017,2026-06-03 04:30:00,0.408,valid
DE_1017,2026-06-03 04:45:00,0.452,valid
DE_1017,2026-06-03 05:00:00,0.373,valid
DE_1017,2026-06-03 05:15:00,0.41,valid
DE_1017,2026-06-03 05:30:00,0.355,valid
DE_1017,2026-06-03 05:45:00,0.335,valid
DE_1017,2026-06-03 06:00:00,0.279,valid
DE_1017,2026-06-03 06:15:00,0.369,valid
DE_1017,2026-06-03 06:30:00,0.358,valid
DE_1017,2026-06-03 06:45:00,0.285,valid
DE_1017,2026-06-03 07:00:00,0.262,valid
DE_1017,2026-06-03 07:15:00,0.407,valid
DE_1017,2026-06-03 07:30:00,0.344,valid
DE_1017,2026-06-03 07:45:00,0.304,valid
DE_1017,2026-06-03 08:00:00,0.305,valid
DE_1017,2026-06-03 08:15:00,0.266,valid
DE_1017,2026-06-03 08:30:00,0.305,valid
DE_1017,2026-06-03 08:45:00,0.31,valid
DE_1017,2026-06-03 09:00:00,0.198,valid
DE_1017,2026-06-03 09:15:00,0.217,valid
DE_1017,2026-06-03 09:30:00,0.286,valid
DE_1017,2026-06-03 09:45:00,0.214,valid
DE_1017,2026-06-03 10:00:00,0.293,valid
DE_1017,2026-06-03 10:15:00,0.237,valid
DE_1017,2026-06-03 10:30:00,0.236,valid
DE_1017,2026-06-03 10:45:00,0.283,valid
DE_1017,2026-06-03 11:00:00,0.236,valid
DE_1017,2026-06-03 11:15:00,0.266,valid
DE_1017,2026-06-03 11:30:00,0.19,valid
DE_1017,2026-06-03 12:00:00,0.232,valid
DE_1017,2026-06-03 12:15:00,0.186,valid
DE_1017,2026-06-03 12:30:00,0.183,valid
DE_1017,2026-06-03 12:45:00,0.221,valid
DE_1017,2026-06-03 13:00:00,0.268,valid
DE_1017,2026-06-03 13:15:00,0.193,valid
DE_1017,2026-06-03 13:30:00,0.249,valid
DE_1017,2026-06-03 13:45:00,0.183,valid
DE_1017,2026-06-03 14:00:00,0.173,valid
DE_1017,2026-06-03 14:15:00,0.278,valid
DE_1017,2026-06-03 14:30:00,0.247,valid
DE_1017,2026-06-03 14:45:00,0.201,valid
DE_1017,2026-06-03 15:00:00,0.227,valid
DE_1017,2026-06-03 15:15:00,0.292,valid
DE_1017,2026-06-03 15:30:00,0.288,valid
DE_1017,2026-06-03 15:45:00,0.322,valid
DE_1017,2026-06-03 16:00:00,0.309,valid
DE_1017,2026-06-03 16:15:00,0.28,valid
DE_1017,2026-06-03 16:30:00,0.35,valid
DE_1017,2026-06-03 16:45:00,0.399,valid
DE_1017,2026-06-03 17:00:00,0.321,valid
DE_1017,2026-06-03 17:15:00,0.3,valid
DE_1017,2026-06-03 17:30:00,0.326,valid
DE_1017,2026-06-03 17:45:00,0.3,valid
DE_1017,2026-06-03 18:00:00,0.282,valid
DE_1017,2026-06-03 18:15:00,0.355,valid
DE_1017,2026-06-03 18:30:00,0.35,valid
DE_1017,2026-06-03 18:45:00,0.306,valid
DE_1017,2026-06-03 19:00:00,0.428,valid
DE_1017,2026-06-03 19:15:00,0.51,valid
DE_1017,2026-06-03 19:30:00,0.39,valid
DE_1017,2026-06-03 19:45:00,0.33,valid
DE_1017,2026-06-03 20:00:00,0.399,valid
DE_1017,2026-06-03 20:15:00,0.424,valid
DE_1017,2026-06-03 20:30:00,0.394,valid
DE_1017,2026-06-03 20:45:00,0.402,valid
DE_1017,2026-06-03 21:00:00,0.442,valid
DE_1017,2026-06-03 21:15:00,0.377,valid
DE_1017,2026-06-03 21:30:00,0.454,valid
DE_1017,2026-06-03 21:45:00,0.388,valid
DE_1017,2026-06-03 22:00:00,0.54,valid
DE_1017,2026-06-03 22:15:00,0.418,valid
DE_1017,2026-06-03 22:30:00,0.361,valid
DE_1017,2026-06-03 22:45:00,0.489,valid
DE_1017,2026-06-03 23:00:00,0.412,valid
DE_1017,2026-06-03 23:15:00,0.667,valid
DE_1017,2026-06-03 23:30:00,0.537,valid
DE_1017,2026-06-03 23:45:00,0.511,valid
DE_1017,2026-06-04 00:00:00,0.457,valid
DE_1017,2026-06-04 00:15:00,0.536,valid
DE_1017,2026-06-04 00:30:00,0.538,valid
DE_1017,2026-06-04 00:45:00,0.488,valid
DE_1017,2026-06-04 01:00:00,0.448,valid
DE_1017,2026-06-04 01:15:00,0.44,valid
DE_1017,2026-06-04 01:30:00,0.499,valid
DE_1017,2026-06-04 01:45:00,0.504,valid
DE_1017,2026-06-04 02:00:00,0.426,valid
DE_1017,2026-06-04 02:15:00,0.44,valid
DE_1017,2026-06-04 02:30:00,0.493,valid
DE_1017,2026-06-04 02:45:00,0.514,valid
DE_1017,2026-06-04 03:00:00,0.426,valid
DE_1017,2026-06-04 03:15:00,0.407,valid
DE_1017,2026-06-04 03:30:00,0.457,valid
DE_1017,2026-06-04 03:45:00,0.33,valid
DE_1017,2026-06-04 04:00:00,0.374,valid
DE_1017,2026-06-04 04:15:00,0.359,valid
DE_1017,2026-06-04 04:30:00,0.375,valid
DE_1017,2026-06-04 04:45:00,0.415,valid
DE_1017,2026-06-04 05:00:00,0.43,valid
DE_1017,2026-06-04 05:15:00,0.479,valid
DE_1017,2026-06-04 05:30:00,0.455,valid
DE_1017,2026-06-04 05:45:00,0.357,valid
DE_1017,2026-06-04 06:00:00,0.362,valid
DE_1017,2026-06-04 06:15:00,0.321,valid
DE_1017,2026-06-04 06:30:00,0.367,valid
DE_1017,2026-06-04 06:45:00,0.333,valid
DE_1017,2026-06-04 07:00:00,0.356,valid
DE_1017,2026-06-04 07:15:00,0.375,valid
DE_1017,2026-06-04 07:45:00,0.391,valid
DE_1017,2026-06-04 08:00:00,0.333,valid
DE_1017,2026-06-04 08:15:00,0.279,valid
DE_1017,2026-06-04 08:30:00,0.262,valid
DE_1017,2026-06-04 08:45:00,0.379,valid
DE_1017,2026-06-04 09:00:00,0.224,valid
DE_1017,2026-06-04 09:15:00,0.366,valid
DE_1017,2026-06-04 09:30:00,0.374,valid
DE_1017,2026-06-04 09:45:00,0.297,valid
DE_1017,2026-06-04 10:00:00,0.263,valid
DE_1017,2026-06-04 10:15:00,0.242,valid
DE_1017,2026-06-04 10:30:00,0.202,valid
DE_1017,2026-06-04 10:45:00,0.297,valid
DE_1017,2026-06-04 11:00:00,0.196,valid
DE_1017,2026-06-04 11:15:00,0.22,valid
DE_1017,2026-06-04 11:30:00,0.331,valid
DE_1017,2026-06-04 11:45:00,0.235,valid
DE_1017,2026-06-04 12:00:00,0.325,valid
DE_1017,2026-06-04 12:15:00,0.281,valid
DE_1017,2026-06-04 12:30:00,0.243,valid
DE_1017,2026-06-04 12:45:00,0.237,valid
DE_1017,2026-06-04 13:00:00,0.323,valid
DE_1017,2026-06-04 13:15:00,0.215,valid
DE_1017,2026-06-04 13:30:00,0.199,valid
DE_1017,2026-06-04 13:45:00,0.219,valid
DE_1017,2026-06-04 14:00:00,0.193,valid
DE_1017,2026-06-04 14:15:00,0.207,valid
DE_1017,2026-06-04 14:30:00,0.229,valid
DE_1017,2026-06-04 14:45:00,0.302,valid
DE_1017,2026-06-04 15:00:00,0.296,valid
DE_1017,2026-06-04 15:15:00,0.26,valid
DE_1017,2026-06-04 15:30:00,0.249,valid
DE_1017,2026-06-04 15:45:00,0.235,valid
DE_1017,2026-06-04 16:00:00,0.24,valid
DE_1017,2026-06-04 16:15:00,0.248,valid
DE_1017,2026-06-04 16:30:00,0.218,valid
DE_1017,2026-06-04 16:45:00,0.312,valid
DE_1017,2026-06-04 17:00:00,0.345,valid
DE_1017,2026-06-04 17:15:00,0.299,valid
DE_1017,2026-06-04 17:30:00,0.33,valid
DE_1017,2026-06-04 17:45:00,0.351,valid
DE_1017,2026-06-04 18:00:00,0.383,valid
DE_1017,2026-06-04 18:15:00,0.337,valid
DE_1017,2026-06-04 18:30:00,0.369,valid
DE_1017,2026-06-04 18:45:00,0.361,valid
DE_1017,2026-06-04 19:00:00,0.289,valid
DE_1017,2026-06-04 19:15:00,0.434,valid
DE_1017,2026-06-04 19:30:00,0.403,valid
DE_1017,2026-06-04 19:45:00,0.397,valid
DE_1017,2026-06-04 20:00:00,0.429,valid
DE_1017,2026-06-04 20:15:00,0.467,valid
DE_1017,2026-06-04 20:30:00,0.336,valid
DE_1017,2026-06-04 20:45:00,0.519,valid
DE_1017,2026-06-04 21:00:00,0.395,valid
DE_1017,2026-06-04 21:15:00,0.372,valid
DE_1017,2026-06-04 21:30:00,0.333,valid
DE_1017,2026-06-04 21:45:00,0.377,valid
DE_1017,2026-06-04 22:00:00,0.452,valid
DE_1017,2026-06-04 22:15:00,0.423,valid
DE_1017,2026-06-04 22:30:00,0.385,valid
DE_1017,2026-06-04 22:45:00,0.485,valid
DE_1017,2026-06-04 23:00:00,0.372,valid
DE_1017,2026-06-04 23:15:00,0.419,valid
DE_1017,2026-06-04 23:30:00,0.581,valid
DE_1017,2026-06-04 23:45:00,0.498,valid
DE_1017,2026-06-05 00:00:00,0.488,valid
DE_1017,2026-06-05 00:15:00,0.51,valid
DE_1017,2026-06-05 00:30:00,0.51,valid
DE_1017,2026-06-05 00:45:00,0.53,valid
DE_1017,2026-06-05 01:00:00,0.483,valid
DE_1017,2026-06-05 01:15:00,0.485,valid
DE_1017,2026-06-05 01:30:00,0.483,valid
DE_1017,2026-06-05 01:45:00,0.446,valid
DE_1017,2026-06-05 02:00:00,0.421,valid
DE_1017,2026-06-05 02:15:00,0.508,valid
DE_1017,2026-06-05 02:30:00,0.404,valid
DE_1017,2026-06-05 02:45:00,0.455,valid
DE_1017,2026-06-05 03:00:00,0.361,valid
DE_1017,2026-06-05 03:15:00,0.358,valid
DE_1017,2026-06-05 03:30:00,0.376,valid
DE_1017,2026-06-05 03:45:00,0.399,valid
DE_1017,2026-06-05 04:00:00,0.415,valid
DE_1017,2026-06-05 04:15:00,0.468,valid
DE_1017,2026-06-05 04:30:00,0.376,valid
DE_1017,2026-06-05 04:45:00,0.393,valid
DE_1017,2026-06-05 05:00:00,0.359,valid
DE_1017,2026-06-05 05:15:00,0.459,valid
DE_1017,2026-06-05 05:30:00,0.415,valid
DE_1017,2026-06-05 05:45:00,0.354,valid
DE_1017,2026-06-05 06:00:00,0.38,valid
DE_1017,2026-06-05 06:15:00,0.326,valid
DE_1017,2026-06-05 06:30:00,0.37,valid
DE_1017,2026-06-05 06:45:00,0.296,valid
DE_1017,2026-06-05 07:00:00,0.255,valid
DE_1017,2026-06-05 07:15:00,0.303,valid
DE_1017,2026-06-05 07:30:00,0.302,valid
DE_1017,2026-06-05 07:45:00,0.285,valid
DE_1017,2026-06-05 08:00:00,0.282,valid
DE_1017,2026-06-05 08:15:00,0.298,valid
DE_1017,2026-06-05 08:30:00,0.252,valid
DE_1017,2026-06-05 08:45:00,0.354,valid
DE_1017,2026-06-05 09:00:00,0.3,valid
DE_1017,2026-06-05 09:15:00,0.269,valid
DE_1017,2026-06-05 09:30:00,0.283,valid
DE_1017,2026-06-05 09:45:00,0.33,valid
DE_1017,2026-06-05 10:00:00,0.298,valid
DE_1017,2026-06-05 10:15:00,0.291,valid
DE_1017,2026-06-05 10:30:00,0.221,valid
DE_1017,2026-06-05 10:45:00,0.347,valid
DE_1017,2026-06-05 11:00:00,0.206,valid
DE_1017,2026-06-05 11:15:00,0.275,valid
DE_1017,2026-06-05 11:30:00,0.246,valid
DE_1017,2026-06-05 11:45:00,0.223,valid
DE_1017,2026-06-05 12:00:00,0.24,valid
DE_1017,2026-06-05 12:15:00,0.156,valid
DE_1017,2026-06-05 12:30:00,0.105,valid
DE_1017,2026-06-05 12:45:00,0.271,valid
DE_1017,2026-06-05 13:00:00,0.258,valid
DE_1017,2026-06-05 13:15:00,0.225,valid
DE_1017,2026-06-05 13:30:00,0.244,valid
DE_1017,2026-06-05 13:45:00,0.195,valid
DE_1017,2026-06-05 14:00:00,0.331,valid
DE_1017,2026-06-05 14:15:00,0.259,valid
DE_1017,2026-06-05 14:30:00,0.209,valid
DE_1017,2026-06-05 14:45:00,0.304,valid
DE_1017,2026-06-05 15:00:00,0.332,valid
DE_1017,2026-06-05 15:15:00,0.356,valid
DE_1017,2026-06-05 15:30:00,0.186,valid
DE_1017,2026-06-05 15:45:00,0.261,valid
DE_1017,2026-06-05 16:00:00,0.276,valid
DE_1017,2026-06-05 16:15:00,0.327,valid
DE_1017,2026-06-05 16:30:00,0.358,valid
DE_1017,2026-06-05 16:45:00,0.28,valid
DE_1017,2026-06-05 17:00:00,0.309,valid
DE_1017,2026-06-05 17:15:00,0.341,valid
DE_1017,2026-06-05 17:30:00,0.361,valid
DE_1017,2026-06-05 17:45:00,0.386,valid
DE_1017,2026-06-05 18:00:00,0.279,valid
DE_1017,2026-06-05 18:15:00,0.285,valid
DE_1017,2026-06-05 18:30:00,0.35,valid
DE_1017,2026-06-05 18:45:00,0.321,valid
DE_1017,2026-06-05 19:00:00,0.439,valid
DE_1017,2026-06-05 19:15:00,0.351,valid
DE_1017,2026-06-05 19:30:00,0.4,valid
DE_1017,2026-06-05 19:45:00,0.344,valid
DE_1017,2026-06-05 20:00:00,0.518,valid
DE_1017,2026-06-05 20:15:00,0.369,valid
DE_1017,2026-06-05 20:30:00,0.369,valid
DE_1017,2026-06-05 20:45:00,0.503,valid
DE_1017,2026-06-05 21:00:00,0.529,valid
DE_1017,2026-06-05 21:15:00,0.406,valid
DE_1017,2026-06-05 21:30:00,0.398,valid
DE_1017,2026-06-05 21:45:00,0.43,valid
DE_1017,2026-06-05 22:15:00,0.449,valid
DE_1017,2026-06-05 22:30:00,0.449,valid
DE_1017,2026-06-05 22:45:00,0.514,valid
DE_1017,2026-06-05 23:00:00,0.432,valid
DE_1017,2026-06-05 23:15:00,0.58,valid
DE_1017,2026-06-05 23:30:00,0.379,valid
DE_1017,2026-06-05 23:45:00,0.392,valid
DE_1017,2026-06-06 00:00:00,0.548,valid
DE_1017,2026-06-06 00:15:00,0.519,valid
DE_1017,2026-06-06 00:30:00,0.558,valid
DE_1017,2026-06-06 00:45:00,0.573,valid
DE_1017,2026-06-06 01:00:00,0.483,valid
DE_1017,2026-06-06 01:15:00,0.385,valid
DE_1017,2026-06-06 01:30:00,0.511,valid
DE_1017,2026-06-06 01:45:00,0.464,valid
DE_1017,2026-06-06 02:00:00,0.466,valid
DE_1017,2026-06-06 02:15:00,0.38,valid
DE_1017,2026-06-06 02:30:00,0.425,valid
DE_1017,2026-06-06 02:45:00,0.471,valid
DE_1017,2026-06-06 03:00:00,0.435,valid
DE_1017,2026-06-06 03:15:00,0.408,valid
DE_1017,2026-06-06 03:30:00,0.464,valid
DE_1017,2026-06-06 03:45:00,0.416,valid
DE_1017,2026-06-06 04:00:00,0.42,valid
DE_1017,2026-06-06 04:15:00,0.384,valid
DE_1017,2026-06-06 04:30:00,0.392,valid
DE_1017,2026-06-06 04:45:00,0.28,valid
DE_1017,2026-06-06 05:00:00,0.406,valid
DE_1017,2026-06-06 05:15:00,0.419,valid
DE_1017,2026-06-06 05:30:00,0.335,valid
DE_1017,2026-06-06 05:45:00,0.3,valid
DE_1017,2026-06-06 06:00:00,0.375,valid
DE_1017,2026-06-06 06:15:00,0.352,valid
DE_1017,2026-06-06 06:30:00,0.341,valid
DE_1017,2026-06-06 06:45:00,0.372,valid
DE_1017,2026-06-06 07:00:00,0.286,valid
DE_1017,2026-06-06 07:30:00,0.303,valid
DE_1017,2026-06-06 07:45:00,0.289,valid
DE_1017,2026-06-06 08:00:00,0.358,valid
DE_1017,2026-06-06 08:15:00,0.358,valid
DE_1017,2026-06-06 08:30:00,0.282,valid
DE_1017,2026-06-06 08:45:00,0.305,valid
DE_1017,2026-06-06 09:00:00,0.384,valid
DE_1017,2026-06-06 09:15:00,0.261,valid
DE_1017,2026-06-06 09:30:00,0.253,valid
DE_1017,2026-06-06 09:45:00,0.308,valid
DE_1017,2026-06-06 10:00:00,0.299,valid
DE_1017,2026-06-06 10:15:00,0.246,valid
DE_1017,2026-06-06 10:30:00,0.269,valid
DE_1017,2026-06-06 10:45:00,0.235,valid
DE_1017,2026-06-06 11:00:00,0.16,valid
DE_1017,2026-06-06 11:15:00,0.239,valid
DE_1017,2026-06-06 11:30:00,0.28,valid
DE_1017,2026-06-06 11:45:00,0.171,valid
DE_1017,2026-06-06 12:00:00,0.223,valid
DE_1017,2026-06-06 12:15:00,0.119,valid
DE_1017,2026-06-06 12:30:00,0.204,valid
DE_1017,2026-06-06 12:45:00,0.223,valid
DE_1017,2026-06-06 13:00:00,0.293,valid
DE_1017,2026-06-06 13:15:00,0.224,valid
DE_1017,2026-06-06 13:30:00,0.186,valid
DE_1017,2026-06-06 13:45:00,0.197,valid
DE_1017,2026-06-06 14:00:00,0.3,valid
DE_1017,2026-06-06 14:15:00,0.196,valid
DE_1017,2026-06-06 14:30:00,0.317,valid
DE_1017,2026-06-06 14:45:00,0.14,valid
DE_1017,2026-06-06 15:00:00,0.212,valid
DE_1017,2026-06-06 15:15:00,0.309,valid
DE_1017,2026-06-06 15:30:00,0.302,valid
DE_1017,2026-06-06 15:45:00,0.245,valid
DE_1017,2026-06-06 16:00:00,0.293,valid
DE_1017,2026-06-06 16:15:00,0.26,valid
DE_1017,2026-06-06 16:30:00,0.299,valid
DE_1017,2026-06-06 16:45:00,0.36,valid
DE_1017,2026-06-06 17:00:00,0.242,valid
DE_1017,2026-06-06 17:15:00,0.371,valid
DE_1017,2026-06-06 17:30:00,0.346,valid
DE_1017,2026-06-06 17:45:00,0.323,valid
DE_1017,2026-06-06 18:00:00,0.423,valid
DE_1017,2026-06-06 18:15:00,0.404,valid
DE_1017,2026-06-06 18:30:00,0.353,valid
DE_1017,2026-06-06 18:45:00,0.408,valid
DE_1017,2026-06-06 19:00:00,0.313,valid
DE_1017,2026-06-06 19:15:00,0.335,valid
DE_1017,2026-06-06 19:30:00,0.444,valid
DE_1017,2026-06-06 19:45:00,0.428,valid
DE_1017,2026-06-06 20:00:00,0.383,valid
DE_1017,2026-06-06 20:15:00,0.338,valid
DE_1017,2026-06-06 20:30:00,0.425,valid
DE_1017,2026-06-06 20:45:00,0.359,valid
DE_1017,2026-06-06 21:00:00,0.312,valid
DE_1017,2026-06-06 21:15:00,0.411,valid
DE_1017,2026-06-06 21:30:00,0.375,valid
DE_1017,2026-06-06 21:45:00,0.471,valid
DE_1017,2026-06-06 22:00:00,0.375,valid
DE_1017,2026-06-06 22:15:00,0.402,valid
DE_1017,2026-06-06 22:30:00,0.513,valid
DE_1017,2026-06-06 22:45:00,0.431,valid
DE_1017,2026-06-06 23:00:00,0.538,valid
DE_1017,2026-06-06 23:15:00,0.532,valid
DE_1017,2026-06-06 23:30:00,0.427,valid
DE_1017,2026-06-06 23:45:00,0.532,valid
DE_1017,2026-06-07 00:00:00,0.543,valid
DE_1017,2026-06-07 00:15:00,0.47,valid
DE_1017,2026-06-07 00:30:00,0.435,valid
DE_1017,2026-06-07 00:45:00,0.551,valid
DE_1017,2026-06-07 01:00:00,0.424,valid
DE_1017,2026-06-07 01:15:00,0.547,valid
DE_1017,2026-06-07 01:30:00,0.514,valid
DE_1017,2026-06-07 01:45:00,0.423,valid
DE_1017,2026-06-07 02:00:00,0.333,valid
DE_1017,2026-06-07 02:15:00,0.433,valid
DE_1017,2026-06-07 02:30:00,0.477,valid
DE_1017,2026-06-07 02:45:00,0.385,valid
DE_1017,2026-06-07 03:00:00,0.438,valid
DE_1017,2026-06-07 03:15:00,0.352,valid
DE_1017,2026-06-07 03:30:00,0.489,valid
DE_1017,2026-06-07 03:45:00,0.435,valid
DE_1017,2026-06-07 04:00:00,0.519,valid
DE_1017,2026-06-07 04:15:00,0.418,valid
DE_1017,2026-06-07 04:30:00,0.492,valid
DE_1017,2026-06-07 04:45:00,0.465,valid
DE_1017,2026-06-07 05:00:00,0.401,valid
DE_1017,2026-06-07 05:15:00,0.298,valid
DE_1017,2026-06-07 05:30:00,0.397,valid
DE_1017,2026-06-07 05:45:00,0.344,valid
DE_1017,2026-06-07 06:00:00,0.369,valid
DE_1017,2026-06-07 06:15:00,0.308,valid
DE_1017,2026-06-07 06:30:00,0.387,valid
DE_1017,2026-06-07 06:45:00,0.344,valid
DE_1017,2026-06-07 07:00:00,0.31,valid
DE_1017,2026-06-07 07:15:00,0.33,valid
DE_1017,2026-06-07 07:30:00,0.177,valid
DE_1017,2026-06-07 07:45:00,0.365,valid
DE_1017,2026-06-07 08:00:00,0.293,valid
DE_1017,2026-06-07 08:15:00,0.389,valid
DE_1017,2026-06-07 08:30:00,0.322,valid
DE_1017,2026-06-07 08:45:00,0.383,valid
DE_1017,2026-06-07 09:00:00,0.233,valid
DE_1017,2026-06-07 09:15:00,0.262,valid
DE_1017,2026-06-07 09:30:00,0.237,valid
DE_1017,2026-06-07 09:45:00,0.302,valid
DE_1017,2026-06-07 10:00:00,0.289,valid
DE_1017,2026-06-07 10:15:00,0.162,valid
DE_1017,2026-06-07 10:30:00,0.278,valid
DE_1017,2026-06-07 10:45:00,0.215,valid
DE_1017,2026-06-07 11:00:00,0.164,valid
DE_1017,2026-06-07 11:15:00,0.17,valid
DE_1017,2026-06-07 11:30:00,0.244,valid
DE_1017,2026-06-07 11:45:00,0.194,valid
DE_1017,2026-06-07 12:00:00,0.211,valid
DE_1017,2026-06-07 12:15:00,0.18,valid
DE_1017,2026-06-07 12:30:00,0.187,valid
DE_1017,2026-06-07 12:45:00,0.13,valid
DE_1017,2026-06-07 13:00:00,0.202,valid
DE_1017,2026-06-07 13:15:00,0.279,valid
DE_1017,2026-06-07 13:30:00,0.244,valid
DE_1017,2026-06-07 13:45:00,0.27,valid
DE_1017,2026-06-07 14:00:00,0.243,valid
DE_1017,2026-06-07 14:15:00,0.328,valid
DE_1017,2026-06-07 14:30:00,0.197,valid
DE_1017,2026-06-07 14:45:00,0.323,valid
DE_1017,2026-06-07 15:00:00,0.341,valid
DE_1017,2026-06-07 15:15:00,0.224,valid
DE_1017,2026-06-07 15:30:00,0.318,valid
DE_1017,2026-06-07 15:45:00,0.264,valid
DE_1017,2026-06-07 16:00:00,0.35,valid
DE_1017,2026-06-07 16:15:00,0.343,valid
DE_1017,2026-06-07 16:30:00,0.365,valid
DE_1017,2026-06-07 16:45:00,0.258,valid
DE_1017,2026-06-07 17:00:00,0.247,valid
DE_1017,2026-06-07 17:15:00,0.294,valid
DE_1017,2026-06-07 17:30:00,0.276,valid
DE_1017,2026-06-07 17:45:00,0.313,valid
DE_1017,2026-06-07 18:00:00,0.339,valid
DE_1017,2026-06-07 18:15:00,0.319,valid
DE_1017,2026-06-07 18:30:00,0.407,valid
DE_1017,2026-06-07 18:45:00,0.386,valid
DE_1017,2026-06-07 19:00:00,0.411,valid
DE_1017,2026-06-07 19:15:00,0.339,valid
DE_1017,2026-06-07 19:30:00,0.368,valid
DE_1017,2026-06-07 19:45:00,0.454,valid
DE_1017,2026-06-07 20:00:00,0.351,valid
DE_1017,2026-06-07 20:15:00,0.39,valid
DE_1017,2026-06-07 20:30:00,0.421,valid
DE_1017,2026-06-07 20:45:00,0.389,valid
DE_1017,2026-06-07 21:00:00,0.513,valid
DE_1017,2026-06-07 21:15:00,0.4,valid
DE_1017,2026-06-07 21:30:00,0.457,valid
DE_1017,2026-06-07 21:45:00,0.398,valid
DE_1017,2026-06-07 22:00:00,0.431,valid
DE_1017,2026-06-07 22:15:00,0.441,valid
DE_1017,2026-06-07 22:30:00,0.504,valid
DE_1017,2026-06-07 22:45:00,0.45,valid
DE_1017,2026-06-07 23:00:00,0.536,valid
DE_1017,2026-06-07 23:15:00,0.491,valid
DE_1017,2026-06-07 23:30:00,0.455,valid
DE_1017,2026-06-07 23:45:00,0.44,valid
DE_1018,2026-06-01 00:00:00,0.405,valid
DE_1018,2026-06-01 00:15:00,0.503,valid
DE_1018,2026-06-01 00:30:00,0.537,valid
DE_1018,2026-06-01 00:45:00,0.496,valid
DE_1018,2026-06-01 01:00:00,0.486,valid
DE_1018,2026-06-01 01:15:00,0.546,valid
DE_1018,2026-06-01 01:45:00,0.483,valid
DE_1018,2026-06-01 02:00:00,0.45,valid
DE_1018,2026-06-01 02:15:00,0.46,valid
DE_1018,2026-06-01 02:30:00,0.377,valid
DE_1018,2026-06-01 02:30:00,0.377,valid
DE_1018,2026-06-01 02:45:00,0.388,valid
DE_1018,2026-06-01 03:00:00,0.371,valid
DE_1018,2026-06-01 03:15:00,0.457,valid
DE_1018,2026-06-01 03:30:00,0.378,valid
DE_1018,2026-06-01 03:45:00,0.404,valid
DE_1018,2026-06-01 04:00:00,0.438,valid
DE_1018,2026-06-01 04:15:00,0.346,valid
DE_1018,2026-06-01 04:30:00,0.327,valid
DE_1018,2026-06-01 04:45:00,0.325,valid
DE_1018,2026-06-01 05:00:00,0.457,valid
DE_1018,2026-06-01 05:15:00,0.364,valid
DE_1018,2026-06-01 05:30:00,0.337,valid
DE_1018,2026-06-01 05:45:00,0.239,valid
DE_1018,2026-06-01 06:00:00,0.363,valid
DE_1018,2026-06-01 06:15:00,0.313,valid
DE_1018,2026-06-01 06:30:00,0.276,valid
DE_1018,2026-06-01 06:45:00,0.428,valid
DE_1018,2026-06-01 07:00:00,0.366,valid
DE_1018,2026-06-01 07:15:00,0.308,valid
DE_1018,2026-06-01 07:30:00,0.247,valid
DE_1018,2026-06-01 07:45:00,0.423,valid
DE_1018,2026-06-01 08:00:00,0.366,valid
DE_1018,2026-06-01 08:15:00,0.374,valid
DE_1018,2026-06-01 08:30:00,0.338,valid
DE_1018,2026-06-01 08:45:00,0.297,valid
DE_1018,2026-06-01 09:00:00,0.25,valid
DE_1018,2026-06-01 09:15:00,0.269,valid
DE_1018,2026-06-01 09:30:00,0.362,valid
DE_1018,2026-06-01 09:45:00,0.265,valid
DE_1018,2026-06-01 10:00:00,0.193,valid
DE_1018,2026-06-01 10:15:00,0.247,valid
DE_1018,2026-06-01 10:30:00,0.215,valid
DE_1018,2026-06-01 10:45:00,0.334,valid
DE_1018,2026-06-01 11:00:00,0.162,valid
DE_1018,2026-06-01 11:15:00,0.176,valid
DE_1018,2026-06-01 11:30:00,0.21,valid
DE_1018,2026-06-01 11:45:00,0.155,valid
DE_1018,2026-06-01 12:00:00,0.063,valid
DE_1018,2026-06-01 12:15:00,0.152,valid
DE_1018,2026-06-01 12:30:00,0.136,valid
DE_1018,2026-06-01 12:45:00,0.214,valid
DE_1018,2026-06-01 13:00:00,0.291,valid
DE_1018,2026-06-01 13:15:00,0.248,valid
DE_1018,2026-06-01 13:30:00,0.171,valid
DE_1018,2026-06-01 13:45:00,0.226,valid
DE_1018,2026-06-01 14:00:00,0.279,valid
DE_1018,2026-06-01 14:15:00,0.241,valid
DE_1018,2026-06-01 14:30:00,0.191,valid
DE_1018,2026-06-01 14:45:00,0.226,valid
DE_1018,2026-06-01 15:00:00,0.318,valid
DE_1018,2026-06-01 15:15:00,0.291,valid
DE_1018,2026-06-01 15:30:00,0.294,valid
DE_1018,2026-06-01 15:45:00,0.254,valid
DE_1018,2026-06-01 16:00:00,0.292,valid
DE_1018,2026-06-01 16:15:00,0.283,valid
DE_1018,2026-06-01 16:30:00,0.287,valid
DE_1018,2026-06-01 16:45:00,0.236,valid
DE_1018,2026-06-01 17:00:00,0.401,valid
DE_1018,2026-06-01 17:15:00,0.299,valid
DE_1018,2026-06-01 17:30:00,0.312,valid
DE_1018,2026-06-01 17:45:00,0.268,valid
DE_1018,2026-06-01 18:00:00,0.316,valid
DE_1018,2026-06-01 18:15:00,0.235,valid
DE_1018,2026-06-01 18:30:00,0.385,valid
DE_1018,2026-06-01 18:45:00,0.347,valid
DE_1018,2026-06-01 19:00:00,0.316,valid
DE_1018,2026-06-01 19:15:00,0.393,valid
DE_1018,2026-06-01 19:30:00,0.355,valid
DE_1018,2026-06-01 19:45:00,0.335,valid
DE_1018,2026-06-01 20:00:00,0.308,valid
DE_1018,2026-06-01 20:15:00,0.357,valid
DE_1018,2026-06-01 20:30:00,0.426,valid
DE_1018,2026-06-01 20:45:00,0.391,valid
DE_1018,2026-06-01 21:00:00,0.352,valid
DE_1018,2026-06-01 21:15:00,0.406,valid
DE_1018,2026-06-01 21:30:00,0.423,valid
DE_1018,2026-06-01 21:45:00,0.43,valid
DE_1018,2026-06-01 22:00:00,0.389,valid
DE_1018,2026-06-01 22:15:00,0.4,valid
DE_1018,2026-06-01 22:30:00,0.434,valid
DE_1018,2026-06-01 22:45:00,0.47,valid
DE_1018,2026-06-01 23:00:00,0.543,valid
DE_1018,2026-06-01 23:15:00,0.465,valid
DE_1018,2026-06-01 23:30:00,0.395,valid
DE_1018,2026-06-01 23:45:00,0.46,valid
DE_1018,2026-06-02 00:00:00,0.496,valid
DE_1018,2026-06-02 00:15:00,0.462,valid
DE_1018,2026-06-02 00:30:00,0.432,valid
DE_1018,2026-06-02 00:45:00,0.45,valid
DE_1018,2026-06-02 01:00:00,0.489,valid
DE_1018,2026-06-02 01:15:00,0.504,valid
DE_1018,2026-06-02 01:30:00,0.44,valid
DE_1018,2026-06-02 01:45:00,0.428,valid
DE_1018,2026-06-02 02:00:00,0.466,valid
DE_1018,2026-06-02 02:15:00,0.465,valid
DE_1018,2026-06-02 02:30:00,0.512,valid
DE_1018,2026-06-02 02:45:00,0.428,valid
DE_1018,2026-06-02 03:00:00,0.472,valid
DE_1018,2026-06-02 03:15:00,0.409,valid
DE_1018,2026-06-02 03:30:00,0.36,valid
DE_1018,2026-06-02 03:45:00,0.467,valid
DE_1018,2026-06-02 04:00:00,0.43,valid
DE_1018,2026-06-02 04:15:00,0.435,valid
DE_1018,2026-06-02 04:30:00,0.439,valid
DE_1018,2026-06-02 04:45:00,0.427,valid
DE_1018,2026-06-02 05:00:00,0.348,valid
DE_1018,2026-06-02 05:15:00,0.276,valid
DE_1018,2026-06-02 05:30:00,0.343,valid
DE_1018,2026-06-02 05:45:00,0.375,valid
DE_1018,2026-06-02 06:00:00,0.321,valid
DE_1018,2026-06-02 06:15:00,0.371,valid
DE_1018,2026-06-02 06:30:00,0.421,valid
DE_1018,2026-06-02 06:45:00,0.344,valid
DE_1018,2026-06-02 07:00:00,0.28,valid
DE_1018,2026-06-02 07:15:00,0.396,valid
DE_1018,2026-06-02 07:30:00,0.315,valid
DE_1018,2026-06-02 07:45:00,0.323,valid
DE_1018,2026-06-02 08:00:00,0.189,valid
DE_1018,2026-06-02 08:15:00,0.212,valid
DE_1018,2026-06-02 08:30:00,0.345,valid
DE_1018,2026-06-02 08:45:00,0.318,valid
DE_1018,2026-06-02 09:00:00,0.338,valid
DE_1018,2026-06-02 09:15:00,0.387,valid
DE_1018,2026-06-02 09:30:00,0.27,valid
DE_1018,2026-06-02 09:45:00,0.274,valid
DE_1018,2026-06-02 10:00:00,0.241,valid
DE_1018,2026-06-02 10:15:00,0.258,valid
DE_1018,2026-06-02 10:30:00,0.303,valid
DE_1018,2026-06-02 10:45:00,0.214,valid
DE_1018,2026-06-02 11:00:00,0.304,valid
DE_1018,2026-06-02 11:15:00,0.128,valid
DE_1018,2026-06-02 11:30:00,0.251,valid
DE_1018,2026-06-02 11:45:00,0.29,valid
DE_1018,2026-06-02 12:00:00,0.215,valid
DE_1018,2026-06-02 12:15:00,0.232,valid
DE_1018,2026-06-02 12:30:00,0.143,valid
DE_1018,2026-06-02 12:45:00,0.284,valid
DE_1018,2026-06-02 13:00:00,0.283,valid
DE_1018,2026-06-02 13:15:00,0.19,valid
DE_1018,2026-06-02 13:30:00,0.131,valid
DE_1018,2026-06-02 13:45:00,0.178,valid
DE_1018,2026-06-02 14:00:00,0.222,valid
DE_1018,2026-06-02 14:15:00,0.151,valid
DE_1018,2026-06-02 14:30:00,0.262,valid
DE_1018,2026-06-02 14:45:00,0.275,valid
DE_1018,2026-06-02 15:00:00,0.28,valid
DE_1018,2026-06-02 15:15:00,0.264,valid
DE_1018,2026-06-02 15:30:00,0.335,valid
DE_1018,2026-06-02 15:45:00,0.29,valid
DE_1018,2026-06-02 16:00:00,0.415,valid
DE_1018,2026-06-02 16:15:00,0.269,valid
DE_1018,2026-06-02 16:30:00,0.315,valid
DE_1018,2026-06-02 16:45:00,0.26,valid
DE_1018,2026-06-02 17:00:00,0.313,valid
DE_1018,2026-06-02 17:15:00,0.37,valid
DE_1018,2026-06-02 17:30:00,0.351,valid
DE_1018,2026-06-02 17:45:00,0.38,valid
DE_1018,2026-06-02 18:00:00,0.398,valid
DE_1018,2026-06-02 18:15:00,0.316,valid
DE_1018,2026-06-02 18:30:00,0.213,valid
DE_1018,2026-06-02 18:45:00,0.246,valid
DE_1018,2026-06-02 19:00:00,0.478,valid
DE_1018,2026-06-02 19:15:00,0.318,valid
DE_1018,2026-06-02 19:30:00,0.432,valid
DE_1018,2026-06-02 19:45:00,0.348,valid
DE_1018,2026-06-02 20:00:00,0.358,valid
DE_1018,2026-06-02 20:15:00,0.435,valid
DE_1018,2026-06-02 20:30:00,0.447,valid
DE_1018,2026-06-02 20:45:00,0.442,valid
DE_1018,2026-06-02 21:00:00,0.4,valid
DE_1018,2026-06-02 21:15:00,0.466,valid
DE_1018,2026-06-02 21:30:00,0.431,valid
DE_1018,2026-06-02 21:45:00,0.517,valid
DE_1018,2026-06-02 22:00:00,0.469,valid
DE_1018,2026-06-02 22:15:00,0.497,valid
DE_1018,2026-06-02 22:30:00,0.38,valid
DE_1018,2026-06-02 22:45:00,0.537,valid
DE_1018,2026-06-02 23:00:00,0.555,valid
DE_1018,2026-06-02 23:15:00,0.432,valid
DE_1018,2026-06-02 23:30:00,0.541,valid
DE_1018,2026-06-02 23:45:00,0.433,valid
DE_1018,2026-06-03 00:00:00,0.512,valid
DE_1018,2026-06-03 00:15:00,0.481,valid
DE_1018,2026-06-03 00:30:00,0.427,valid
DE_1018,2026-06-03 00:45:00,0.491,valid
DE_1018,2026-06-03 01:00:00,0.449,valid
DE_1018,2026-06-03 01:15:00,0.53,valid
DE_1018,2026-06-03 01:30:00,0.42,valid
DE_1018,2026-06-03 01:45:00,0.447,valid
DE_1018,2026-06-03 02:00:00,0.401,valid
DE_1018,2026-06-03 02:15:00,0.489,valid
DE_1018,2026-06-03 02:30:00,0.463,valid
DE_1018,2026-06-03 02:45:00,0.492,valid
DE_1018,2026-06-03 03:00:00,0.394,valid
DE_1018,2026-06-03 03:15:00,0.436,valid
DE_1018,2026-06-03 03:30:00,0.475,valid
DE_1018,2026-06-03 03:45:00,0.407,valid
DE_1018,2026-06-03 04:00:00,0.381,valid
DE_1018,2026-06-03 04:15:00,0.408,valid
DE_1018,2026-06-03 04:30:00,0.423,valid
DE_1018,2026-06-03 04:45:00,0.404,valid
DE_1018,2026-06-03 05:00:00,0.311,valid
DE_1018,2026-06-03 05:15:00,0.349,valid
DE_1018,2026-06-03 05:30:00,0.321,valid
DE_1018,2026-06-03 05:45:00,0.521,valid
DE_1018,2026-06-03 06:00:00,0.361,valid
DE_1018,2026-06-03 06:15:00,0.265,valid
DE_1018,2026-06-03 06:30:00,0.331,valid
DE_1018,2026-06-03 06:45:00,0.292,valid
DE_1018,2026-06-03 07:00:00,0.442,valid
DE_1018,2026-06-03 07:15:00,0.356,valid
DE_1018,2026-06-03 07:30:00,0.302,valid
DE_1018,2026-06-03 07:45:00,0.387,valid
DE_1018,2026-06-03 08:00:00,0.351,valid
DE_1018,2026-06-03 08:15:00,0.263,valid
DE_1018,2026-06-03 08:30:00,0.248,valid
DE_1018,2026-06-03 08:45:00,0.237,valid
DE_1018,2026-06-03 09:00:00,0.26,valid
DE_1018,2026-06-03 09:15:00,0.272,valid
DE_1018,2026-06-03 09:30:00,0.264,valid
DE_1018,2026-06-03 09:45:00,0.306,valid
DE_1018,2026-06-03 10:00:00,0.266,valid
DE_1018,2026-06-03 10:15:00,0.246,valid
DE_1018,2026-06-03 10:30:00,0.296,valid
DE_1018,2026-06-03 10:45:00,0.159,valid
DE_1018,2026-06-03 11:00:00,0.221,valid
DE_1018,2026-06-03 11:15:00,0.164,valid
DE_1018,2026-06-03 11:30:00,0.246,valid
DE_1018,2026-06-03 11:45:00,0.268,valid
DE_1018,2026-06-03 12:00:00,0.166,valid
DE_1018,2026-06-03 12:15:00,0.096,valid
DE_1018,2026-06-03 12:30:00,0.3,valid
DE_1018,2026-06-03 12:45:00,0.271,valid
DE_1018,2026-06-03 13:00:00,0.287,valid
DE_1018,2026-06-03 13:15:00,0.176,valid
DE_1018,2026-06-03 13:30:00,0.255,valid
DE_1018,2026-06-03 13:45:00,0.24,valid
DE_1018,2026-06-03 14:00:00,0.269,valid
DE_1018,2026-06-03 14:15:00,0.319,valid
DE_1018,2026-06-03 14:30:00,0.362,valid
DE_1018,2026-06-03 14:45:00,0.261,valid
DE_1018,2026-06-03 15:00:00,0.296,valid
DE_1018,2026-06-03 15:15:00,0.349,valid
DE_1018,2026-06-03 15:30:00,0.279,valid
DE_1018,2026-06-03 15:45:00,0.273,valid
DE_1018,2026-06-03 16:00:00,0.306,valid
DE_1018,2026-06-03 16:15:00,0.391,valid
DE_1018,2026-06-03 16:30:00,0.371,valid
DE_1018,2026-06-03 16:45:00,0.174,valid
DE_1018,2026-06-03 17:00:00,0.418,valid
DE_1018,2026-06-03 17:15:00,0.317,valid
DE_1018,2026-06-03 17:30:00,0.259,valid
DE_1018,2026-06-03 17:45:00,0.394,valid
DE_1018,2026-06-03 18:00:00,0.377,valid
DE_1018,2026-06-03 18:15:00,0.358,valid
DE_1018,2026-06-03 18:30:00,0.352,valid
DE_1018,2026-06-03 18:45:00,0.424,valid
DE_1018,2026-06-03 19:00:00,0.414,valid
DE_1018,2026-06-03 19:15:00,0.34,valid
DE_1018,2026-06-03 19:30:00,0.285,valid
DE_1018,2026-06-03 19:45:00,0.332,valid
DE_1018,2026-06-03 20:00:00,0.376,valid
DE_1018,2026-06-03 20:15:00,0.376,valid
DE_1018,2026-06-03 20:30:00,0.459,valid
DE_1018,2026-06-03 20:45:00,0.344,valid
DE_1018,2026-06-03 21:00:00,0.414,valid
DE_1018,2026-06-03 21:15:00,0.501,valid
DE_1018,2026-06-03 21:30:00,0.38,valid
DE_1018,2026-06-03 21:45:00,0.451,valid
DE_1018,2026-06-03 22:00:00,0.431,valid
DE_1018,2026-06-03 22:15:00,0.556,valid
DE_1018,2026-06-03 22:30:00,0.474,valid
DE_1018,2026-06-03 22:45:00,0.397,valid
DE_1018,2026-06-03 23:00:00,0.418,valid
DE_1018,2026-06-03 23:15:00,0.434,valid
DE_1018,2026-06-03 23:30:00,0.414,valid
DE_1018,2026-06-03 23:45:00,0.522,valid
DE_1018,2026-06-04 00:00:00,0.43,valid
DE_1018,2026-06-04 00:15:00,0.523,valid
DE_1018,2026-06-04 00:30:00,0.512,valid
DE_1018,2026-06-04 00:45:00,0.57,valid
DE_1018,2026-06-04 01:00:00,0.556,valid
DE_1018,2026-06-04 01:15:00,0.546,valid
DE_1018,2026-06-04 01:30:00,0.443,valid
DE_1018,2026-06-04 01:45:00,0.477,valid
DE_1018,2026-06-04 02:00:00,0.394,valid
DE_1018,2026-06-04 02:15:00,0.556,valid
DE_1018,2026-06-04 02:30:00,0.447,valid
DE_1018,2026-06-04 02:45:00,0.526,valid
DE_1018,2026-06-04 03:00:00,0.471,valid
DE_1018,2026-06-04 03:15:00,0.404,valid
DE_1018,2026-06-04 03:30:00,0.385,valid
DE_1018,2026-06-04 03:45:00,0.416,valid
DE_1018,2026-06-04 04:00:00,0.378,valid
DE_1018,2026-06-04 04:15:00,0.39,valid
DE_1018,2026-06-04 04:30:00,0.468,valid
DE_1018,2026-06-04 04:45:00,0.463,valid
DE_1018,2026-06-04 05:00:00,0.466,valid
DE_1018,2026-06-04 05:15:00,0.293,valid
DE_1018,2026-06-04 05:30:00,0.32,valid
DE_1018,2026-06-04 05:45:00,0.355,valid
DE_1018,2026-06-04 06:00:00,0.465,valid
DE_1018,2026-06-04 06:15:00,0.468,valid
DE_1018,2026-06-04 06:30:00,0.326,valid
DE_1018,2026-06-04 06:45:00,0.355,valid
DE_1018,2026-06-04 07:00:00,0.338,valid
DE_1018,2026-06-04 07:15:00,0.419,valid
DE_1018,2026-06-04 07:30:00,0.359,valid
DE_1018,2026-06-04 07:45:00,0.403,valid
DE_1018,2026-06-04 08:00:00,0.313,valid
DE_1018,2026-06-04 08:15:00,0.265,valid
DE_1018,2026-06-04 08:30:00,0.26,valid
DE_1018,2026-06-04 08:45:00,0.264,valid
DE_1018,2026-06-04 09:00:00,0.317,valid
DE_1018,2026-06-04 09:15:00,0.328,valid
DE_1018,2026-06-04 09:30:00,0.388,valid
DE_1018,2026-06-04 09:45:00,0.305,valid
DE_1018,2026-06-04 10:00:00,0.253,valid
DE_1018,2026-06-04 10:15:00,0.218,valid
DE_1018,2026-06-04 10:30:00,0.261,valid
DE_1018,2026-06-04 10:45:00,0.292,valid
DE_1018,2026-06-04 11:00:00,0.114,valid
DE_1018,2026-06-04 11:15:00,0.174,valid
DE_1018,2026-06-04 11:30:00,0.158,valid
DE_1018,2026-06-04 11:45:00,0.328,valid
DE_1018,2026-06-04 12:00:00,0.241,valid
DE_1018,2026-06-04 12:15:00,0.178,valid
DE_1018,2026-06-04 12:30:00,0.222,valid
DE_1018,2026-06-04 12:45:00,0.268,valid
DE_1018,2026-06-04 13:00:00,0.203,valid
DE_1018,2026-06-04 13:15:00,0.243,valid
DE_1018,2026-06-04 13:30:00,0.22,valid
DE_1018,2026-06-04 13:45:00,0.243,valid
DE_1018,2026-06-04 14:15:00,0.28,valid
DE_1018,2026-06-04 14:30:00,0.221,valid
DE_1018,2026-06-04 14:45:00,0.205,valid
DE_1018,2026-06-04 15:00:00,0.288,valid
DE_1018,2026-06-04 15:15:00,0.261,valid
DE_1018,2026-06-04 15:30:00,0.277,valid
DE_1018,2026-06-04 15:45:00,0.336,valid
DE_1018,2026-06-04 16:00:00,0.274,valid
DE_1018,2026-06-04 16:15:00,0.29,valid
DE_1018,2026-06-04 16:30:00,0.317,valid
DE_1018,2026-06-04 16:45:00,0.296,valid
DE_1018,2026-06-04 17:00:00,0.305,valid
DE_1018,2026-06-04 17:15:00,0.278,valid
DE_1018,2026-06-04 17:30:00,0.257,valid
DE_1018,2026-06-04 17:45:00,0.31,valid
DE_1018,2026-06-04 18:00:00,0.406,valid
DE_1018,2026-06-04 18:15:00,0.452,valid
DE_1018,2026-06-04 18:30:00,0.331,valid
DE_1018,2026-06-04 18:45:00,0.37,valid
DE_1018,2026-06-04 19:00:00,0.404,valid
DE_1018,2026-06-04 19:15:00,0.397,valid
DE_1018,2026-06-04 19:30:00,0.328,valid
DE_1018,2026-06-04 19:45:00,0.419,valid
DE_1018,2026-06-04 20:00:00,0.433,valid
DE_1018,2026-06-04 20:15:00,0.321,valid
DE_1018,2026-06-04 20:30:00,0.426,valid
DE_1018,2026-06-04 20:45:00,0.424,valid
DE_1018,2026-06-04 21:00:00,0.38,valid
DE_1018,2026-06-04 21:15:00,0.379,valid
DE_1018,2026-06-04 21:30:00,0.49,valid
DE_1018,2026-06-04 21:45:00,0.457,valid
DE_1018,2026-06-04 22:00:00,0.55,valid
DE_1018,2026-06-04 22:15:00,0.387,valid
DE_1018,2026-06-04 22:30:00,0.425,valid
DE_1018,2026-06-04 22:45:00,0.418,valid
DE_1018,2026-06-04 23:00:00,0.434,valid
DE_1018,2026-06-04 23:15:00,0.439,valid
DE_1018,2026-06-04 23:30:00,0.474,valid
DE_1018,2026-06-04 23:45:00,0.399,valid
DE_1018,2026-06-05 00:00:00,0.465,valid
DE_1018,2026-06-05 00:15:00,0.47,valid
DE_1018,2026-06-05 00:30:00,0.555,valid
DE_1018,2026-06-05 00:45:00,0.496,valid
DE_1018,2026-06-05 01:00:00,0.5,valid
DE_1018,2026-06-05 01:15:00,0.461,valid
DE_1018,2026-06-05 01:30:00,0.429,valid
DE_1018,2026-06-05 01:45:00,0.464,valid
DE_1018,2026-06-05 02:00:00,0.494,valid
DE_1018,2026-06-05 02:15:00,0.506,valid
DE_1018,2026-06-05 02:30:00,0.51,valid
DE_1018,2026-06-05 02:45:00,0.566,valid
DE_1018,2026-06-05 03:15:00,0.424,valid
DE_1018,2026-06-05 03:30:00,0.418,valid
DE_1018,2026-06-05 03:45:00,0.433,valid
DE_1018,2026-06-05 04:00:00,0.41,valid
DE_1018,2026-06-05 04:15:00,0.374,valid
DE_1018,2026-06-05 04:30:00,0.324,valid
DE_1018,2026-06-05 04:45:00,0.42,valid
DE_1018,2026-06-05 05:00:00,0.34,valid
DE_1018,2026-06-05 05:15:00,0.366,valid
DE_1018,2026-06-05 05:30:00,0.297,valid
DE_1018,2026-06-05 05:45:00,0.43,valid
DE_1018,2026-06-05 06:00:00,0.278,valid
DE_1018,2026-06-05 06:15:00,0.445,valid
DE_1018,2026-06-05 06:30:00,0.304,valid
DE_1018,2026-06-05 06:45:00,0.375,valid
DE_1018,2026-06-05 07:00:00,0.319,valid
DE_1018,2026-06-05 07:15:00,0.271,valid
DE_1018,2026-06-05 07:30:00,0.289,valid
DE_1018,2026-06-05 07:45:00,0.356,valid
DE_1018,2026-06-05 08:00:00,0.277,valid
DE_1018,2026-06-05 08:15:00,0.345,valid
DE_1018,2026-06-05 08:30:00,0.294,valid
DE_1018,2026-06-05 08:45:00,0.267,valid
DE_1018,2026-06-05 09:00:00,0.282,valid
DE_1018,2026-06-05 09:15:00,0.307,valid
DE_1018,2026-06-05 09:30:00,0.31,valid
DE_1018,2026-06-05 09:45:00,0.371,valid
DE_1018,2026-06-05 10:00:00,0.213,valid
DE_1018,2026-06-05 10:15:00,0.192,valid
DE_1018,2026-06-05 10:30:00,0.301,valid
DE_1018,2026-06-05 10:45:00,0.213,valid
DE_1018,2026-06-05 11:00:00,0.229,valid
DE_1018,2026-06-05 11:15:00,0.174,valid
DE_1018,2026-06-05 11:30:00,0.204,valid
DE_1018,2026-06-05 11:45:00,0.198,valid
DE_1018,2026-06-05 12:00:00,0.215,valid
DE_1018,2026-06-05 12:15:00,0.219,valid
DE_1018,2026-06-05 12:30:00,0.176,valid
DE_1018,2026-06-05 12:45:00,0.165,valid
DE_1018,2026-06-05 13:00:00,0.268,valid
DE_1018,2026-06-05 13:15:00,0.15,valid
DE_1018,2026-06-05 13:30:00,0.213,valid
DE_1018,2026-06-05 13:45:00,0.214,valid
DE_1018,2026-06-05 14:00:00,0.263,valid
DE_1018,2026-06-05 14:15:00,0.312,valid
DE_1018,2026-06-05 14:30:00,0.277,valid
DE_1018,2026-06-05 14:45:00,0.291,valid
DE_1018,2026-06-05 15:00:00,0.244,valid
DE_1018,2026-06-05 15:15:00,0.272,valid
DE_1018,2026-06-05 15:30:00,0.203,valid
DE_1018,2026-06-05 15:45:00,0.302,valid
DE_1018,2026-06-05 16:00:00,0.244,valid
DE_1018,2026-06-05 16:15:00,0.349,valid
DE_1018,2026-06-05 16:30:00,0.288,valid
DE_1018,2026-06-05 16:45:00,0.382,valid
DE_1018,2026-06-05 17:00:00,0.298,valid
DE_1018,2026-06-05 17:15:00,0.314,valid
DE_1018,2026-06-05 17:30:00,0.254,valid
DE_1018,2026-06-05 17:45:00,0.375,valid
DE_1018,2026-06-05 18:00:00,0.367,valid
DE_1018,2026-06-05 18:15:00,0.399,valid
DE_1018,2026-06-05 18:30:00,0.251,valid
DE_1018,2026-06-05 18:45:00,0.37,valid
DE_1018,2026-06-05 19:00:00,0.454,valid
DE_1018,2026-06-05 19:15:00,0.46,valid
DE_1018,2026-06-05 19:30:00,0.328,valid
DE_1018,2026-06-05 19:45:00,0.481,valid
DE_1018,2026-06-05 20:00:00,0.338,valid
DE_1018,2026-06-05 20:15:00,0.347,valid
DE_1018,2026-06-05 20:30:00,0.453,valid
DE_1018,2026-06-05 20:45:00,0.347,valid
DE_1018,2026-06-05 21:00:00,0.43,valid
DE_1018,2026-06-05 21:15:00,0.404,valid
DE_1018,2026-06-05 21:30:00,0.524,valid
DE_1018,2026-06-05 21:45:00,0.43,valid
DE_1018,2026-06-05 22:00:00,0.543,valid
DE_1018,2026-06-05 22:15:00,0.482,valid
DE_1018,2026-06-05 22:30:00,0.408,valid
DE_1018,2026-06-05 22:45:00,0.549,valid
DE_1018,2026-06-05 23:00:00,0.483,valid
DE_1018,2026-06-05 23:15:00,0.502,valid
DE_1018,2026-06-05 23:30:00,0.497,valid
DE_1018,2026-06-05 23:45:00,0.568,valid
DE_1018,2026-06-06 00:00:00,0.429,valid
DE_1018,2026-06-06 00:15:00,0.583,valid
DE_1018,2026-06-06 00:30:00,0.419,valid
DE_1018,2026-06-06 00:45:00,0.453,valid
DE_1018,2026-06-06 01:00:00,0.398,valid
DE_1018,2026-06-06 01:15:00,0.487,valid
DE_1018,2026-06-06 01:30:00,0.469,valid
DE_1018,2026-06-06 01:45:00,0.497,valid
DE_1018,2026-06-06 02:00:00,0.351,valid
DE_1018,2026-06-06 02:15:00,0.409,valid
DE_1018,2026-06-06 02:30:00,0.48,valid
DE_1018,2026-06-06 02:45:00,0.492,valid
DE_1018,2026-06-06 03:00:00,0.357,valid
DE_1018,2026-06-06 03:15:00,0.411,valid
DE_1018,2026-06-06 03:30:00,0.46,valid
DE_1018,2026-06-06 03:45:00,0.478,valid
DE_1018,2026-06-06 04:00:00,0.26,valid
DE_1018,2026-06-06 04:15:00,0.427,valid
DE_1018,2026-06-06 04:30:00,0.36,valid
DE_1018,2026-06-06 04:45:00,0.299,valid
DE_1018,2026-06-06 05:00:00,0.448,valid
DE_1018,2026-06-06 05:15:00,0.364,valid
DE_1018,2026-06-06 05:30:00,0.408,valid
DE_1018,2026-06-06 05:45:00,0.418,valid
DE_1018,2026-06-06 06:00:00,0.351,valid
DE_1018,2026-06-06 06:15:00,0.323,valid
DE_1018,2026-06-06 06:30:00,0.314,valid
DE_1018,2026-06-06 06:45:00,0.383,valid
DE_1018,2026-06-06 07:00:00,0.33,valid
DE_1018,2026-06-06 07:15:00,0.334,valid
DE_1018,2026-06-06 07:30:00,0.29,valid
DE_1018,2026-06-06 07:45:00,0.24,valid
DE_1018,2026-06-06 08:00:00,0.36,valid
DE_1018,2026-06-06 08:15:00,0.272,valid
DE_1018,2026-06-06 08:30:00,0.344,valid
DE_1018,2026-06-06 08:45:00,-0.414,valid
DE_1018,2026-06-06 09:00:00,0.394,valid
DE_1018,2026-06-06 09:15:00,0.253,valid
DE_1018,2026-06-06 09:30:00,0.18,valid
DE_1018,2026-06-06 09:45:00,0.233,valid
DE_1018,2026-06-06 10:00:00,0.354,valid
DE_1018,2026-06-06 10:15:00,0.242,valid
DE_1018,2026-06-06 10:30:00,0.274,valid
DE_1018,2026-06-06 10:45:00,0.261,valid
DE_1018,2026-06-06 11:00:00,0.21,valid
DE_1018,2026-06-06 11:15:00,0.273,valid
DE_1018,2026-06-06 11:30:00,0.318,valid
DE_1018,2026-06-06 11:45:00,0.352,valid
DE_1018,2026-06-06 12:00:00,0.219,valid
DE_1018,2026-06-06 12:15:00,0.128,valid
DE_1018,2026-06-06 12:30:00,0.243,valid
DE_1018,2026-06-06 12:45:00,0.189,valid
DE_1018,2026-06-06 13:00:00,0.196,valid
DE_1018,2026-06-06 13:15:00,0.107,valid
DE_1018,2026-06-06 13:30:00,0.284,valid
DE_1018,2026-06-06 13:45:00,0.259,valid
DE_1018,2026-06-06 14:00:00,0.253,valid
DE_1018,2026-06-06 14:15:00,0.241,valid
DE_1018,2026-06-06 14:30:00,0.29,valid
DE_1018,2026-06-06 14:45:00,0.217,valid
DE_1018,2026-06-06 15:00:00,0.323,valid
DE_1018,2026-06-06 15:30:00,0.289,valid
DE_1018,2026-06-06 15:45:00,0.313,valid
DE_1018,2026-06-06 16:00:00,0.19,valid
DE_1018,2026-06-06 16:15:00,0.286,valid
DE_1018,2026-06-06 16:30:00,0.192,valid
DE_1018,2026-06-06 16:45:00,0.307,valid
DE_1018,2026-06-06 17:00:00,0.36,valid
DE_1018,2026-06-06 17:15:00,0.337,valid
DE_1018,2026-06-06 17:30:00,0.306,valid
DE_1018,2026-06-06 17:45:00,0.376,valid
DE_1018,2026-06-06 18:00:00,0.337,valid
DE_1018,2026-06-06 18:15:00,0.356,valid
DE_1018,2026-06-06 18:30:00,0.35,valid
DE_1018,2026-06-06 18:45:00,0.266,valid
DE_1018,2026-06-06 19:00:00,0.355,valid
DE_1018,2026-06-06 19:15:00,0.38,valid
DE_1018,2026-06-06 19:30:00,0.35,valid
DE_1018,2026-06-06 19:45:00,0.367,valid
DE_1018,2026-06-06 20:00:00,0.469,valid
DE_1018,2026-06-06 20:15:00,0.39,valid
DE_1018,2026-06-06 20:30:00,0.399,valid
DE_1018,2026-06-06 20:45:00,0.39,valid
DE_1018,2026-06-06 21:00:00,0.346,valid
DE_1018,2026-06-06 21:15:00,0.499,valid
DE_1018,2026-06-06 21:30:00,0.415,valid
DE_1018,2026-06-06 21:45:00,0.434,valid
DE_1018,2026-06-06 22:00:00,0.414,valid
DE_1018,2026-06-06 22:15:00,0.382,valid
DE_1018,2026-06-06 22:30:00,0.404,valid
DE_1018,2026-06-06 22:45:00,0.527,valid
DE_1018,2026-06-06 23:00:00,0.528,valid
DE_1018,2026-06-06 23:15:00,0.405,valid
DE_1018,2026-06-06 23:30:00,0.437,valid
DE_1018,2026-06-06 23:45:00,0.5,valid
DE_1018,2026-06-07 00:00:00,0.575,valid
DE_1018,2026-06-07 00:15:00,0.472,valid
DE_1018,2026-06-07 00:30:00,0.445,valid
DE_1018,2026-06-07 00:45:00,0.481,valid
DE_1018,2026-06-07 01:00:00,0.463,valid
DE_1018,2026-06-07 01:15:00,0.585,valid
DE_1018,2026-06-07 01:30:00,0.493,valid
DE_1018,2026-06-07 01:45:00,0.465,valid
DE_1018,2026-06-07 02:00:00,0.428,valid
DE_1018,2026-06-07 02:15:00,0.412,valid
DE_1018,2026-06-07 02:30:00,0.425,valid
DE_1018,2026-06-07 02:45:00,0.449,valid
DE_1018,2026-06-07 03:00:00,0.459,valid
DE_1018,2026-06-07 03:15:00,0.341,valid
DE_1018,2026-06-07 03:30:00,0.44,valid
DE_1018,2026-06-07 03:45:00,0.437,valid
DE_1018,2026-06-07 04:00:00,0.38,valid
DE_1018,2026-06-07 04:15:00,0.421,valid
DE_1018,2026-06-07 04:30:00,0.428,valid
DE_1018,2026-06-07 04:45:00,0.318,valid
DE_1018,2026-06-07 05:00:00,0.38,valid
DE_1018,2026-06-07 05:15:00,0.37,valid
DE_1018,2026-06-07 05:30:00,0.465,valid
DE_1018,2026-06-07 05:45:00,0.383,valid
DE_1018,2026-06-07 06:00:00,0.398,valid
DE_1018,2026-06-07 06:15:00,0.3,valid
DE_1018,2026-06-07 06:30:00,0.389,valid
DE_1018,2026-06-07 06:45:00,0.408,valid
DE_1018,2026-06-07 07:00:00,0.363,valid
DE_1018,2026-06-07 07:15:00,0.285,valid
DE_1018,2026-06-07 07:30:00,0.386,valid
DE_1018,2026-06-07 07:45:00,0.262,valid
DE_1018,2026-06-07 08:00:00,0.32,valid
DE_1018,2026-06-07 08:15:00,0.316,valid
DE_1018,2026-06-07 08:30:00,0.291,valid
DE_1018,2026-06-07 08:45:00,0.268,valid
DE_1018,2026-06-07 09:00:00,0.274,valid
DE_1018,2026-06-07 09:15:00,0.254,valid
DE_1018,2026-06-07 09:30:00,0.378,valid
DE_1018,2026-06-07 09:45:00,0.342,valid
DE_1018,2026-06-07 10:00:00,0.339,valid
DE_1018,2026-06-07 10:15:00,0.252,valid
DE_1018,2026-06-07 10:30:00,0.252,valid
DE_1018,2026-06-07 10:45:00,0.266,valid
DE_1018,2026-06-07 11:00:00,0.264,valid
DE_1018,2026-06-07 11:15:00,0.246,valid
DE_1018,2026-06-07 11:30:00,0.169,valid
DE_1018,2026-06-07 11:45:00,0.215,valid
DE_1018,2026-06-07 12:00:00,0.248,valid
DE_1018,2026-06-07 12:15:00,0.341,valid
DE_1018,2026-06-07 12:30:00,0.175,valid
DE_1018,2026-06-07 12:45:00,0.18,valid
DE_1018,2026-06-07 13:00:00,0.207,valid
DE_1018,2026-06-07 13:15:00,0.298,valid
DE_1018,2026-06-07 13:30:00,0.237,valid
DE_1018,2026-06-07 13:45:00,0.212,valid
DE_1018,2026-06-07 14:00:00,0.252,valid
DE_1018,2026-06-07 14:15:00,0.255,valid
DE_1018,2026-06-07 14:30:00,0.265,valid
DE_1018,2026-06-07 14:45:00,0.28,valid
DE_1018,2026-06-07 15:00:00,0.314,valid
DE_1018,2026-06-07 15:15:00,0.324,valid
DE_1018,2026-06-07 15:30:00,0.351,valid
DE_1018,2026-06-07 15:45:00,0.262,valid
DE_1018,2026-06-07 16:00:00,0.294,valid
DE_1018,2026-06-07 16:15:00,0.281,valid
DE_1018,2026-06-07 16:30:00,0.317,valid
DE_1018,2026-06-07 16:45:00,0.341,valid
DE_1018,2026-06-07 17:00:00,0.355,valid
DE_1018,2026-06-07 17:15:00,0.324,valid
DE_1018,2026-06-07 17:30:00,0.281,valid
DE_1018,2026-06-07 17:45:00,0.275,valid
DE_1018,2026-06-07 18:00:00,0.302,valid
DE_1018,2026-06-07 18:15:00,0.315,valid
DE_1018,2026-06-07 18:30:00,0.338,valid
DE_1018,2026-06-07 18:45:00,0.401,valid
DE_1018,2026-06-07 19:00:00,0.412,valid
DE_1018,2026-06-07 19:15:00,0.302,valid
DE_1018,2026-06-07 19:30:00,0.303,valid
DE_1018,2026-06-07 19:45:00,0.361,valid
DE_1018,2026-06-07 20:00:00,0.437,valid
DE_1018,2026-06-07 20:15:00,0.392,valid
DE_1018,2026-06-07 20:30:00,0.4,valid
DE_1018,2026-06-07 20:45:00,0.382,valid
DE_1018,2026-06-07 21:00:00,0.467,valid
DE_1018,2026-06-07 21:15:00,0.443,valid
DE_1018,2026-06-07 21:45:00,0.356,valid
DE_1018,2026-06-07 22:00:00,0.458,valid
DE_1018,2026-06-07 22:15:00,0.431,valid
DE_1018,2026-06-07 22:30:00,0.457,valid
DE_1018,2026-06-07 22:45:00,0.371,valid
DE_1018,2026-06-07 23:00:00,0.557,valid
DE_1018,2026-06-07 23:15:00,0.481,valid
DE_1018,2026-06-07 23:30:00,0.532,valid
DE_1018,2026-06-07 23:45:00,0.51,valid
DE_1019,2026-06-01 00:00:00,0.541,valid
DE_1019,2026-06-01 00:15:00,0.476,valid
DE_1019,2026-06-01 00:30:00,0.468,valid
DE_1019,2026-06-01 00:45:00,0.432,valid
DE_1019,2026-06-01 01:00:00,0.511,valid
DE_1019,2026-06-01 01:15:00,0.491,valid
DE_1019,2026-06-01 01:30:00,0.504,valid
DE_1019,2026-06-01 01:45:00,0.429,valid
DE_1019,2026-06-01 02:00:00,0.447,valid
DE_1019,2026-06-01 02:15:00,0.393,valid
DE_1019,2026-06-01 02:30:00,0.365,valid
DE_1019,2026-06-01 02:45:00,0.45,valid
DE_1019,2026-06-01 03:00:00,0.352,valid
DE_1019,2026-06-01 03:15:00,0.598,valid
DE_1019,2026-06-01 03:30:00,0.449,valid
DE_1019,2026-06-01 03:45:00,0.487,valid
DE_1019,2026-06-01 04:00:00,0.445,valid
DE_1019,2026-06-01 04:15:00,0.412,valid
DE_1019,2026-06-01 04:30:00,0.346,valid
DE_1019,2026-06-01 04:45:00,0.412,valid
DE_1019,2026-06-01 05:00:00,0.461,valid
DE_1019,2026-06-01 05:15:00,0.33,valid
DE_1019,2026-06-01 05:30:00,0.43,valid
DE_1019,2026-06-01 05:45:00,0.365,valid
DE_1019,2026-06-01 06:00:00,0.394,valid
DE_1019,2026-06-01 06:15:00,0.318,valid
DE_1019,2026-06-01 06:30:00,0.402,valid
DE_1019,2026-06-01 06:45:00,0.415,valid
DE_1019,2026-06-01 07:00:00,0.315,valid
DE_1019,2026-06-01 07:15:00,0.33,valid
DE_1019,2026-06-01 07:30:00,0.353,valid
DE_1019,2026-06-01 07:45:00,0.359,valid
DE_1019,2026-06-01 08:00:00,0.371,valid
DE_1019,2026-06-01 08:15:00,0.295,valid
DE_1019,2026-06-01 08:30:00,0.293,valid
DE_1019,2026-06-01 08:45:00,0.305,valid
DE_1019,2026-06-01 09:00:00,0.294,valid
DE_1019,2026-06-01 09:15:00,0.204,valid
DE_1019,2026-06-01 09:30:00,0.306,valid
DE_1019,2026-06-01 09:45:00,0.334,valid
DE_1019,2026-06-01 10:00:00,0.259,valid
DE_1019,2026-06-01 10:15:00,0.27,valid
DE_1019,2026-06-01 10:30:00,0.228,valid
DE_1019,2026-06-01 10:45:00,0.268,valid
DE_1019,2026-06-01 11:00:00,0.22,valid
DE_1019,2026-06-01 11:15:00,0.234,valid
DE_1019,2026-06-01 11:30:00,0.192,valid
DE_1019,2026-06-01 11:45:00,0.252,valid
DE_1019,2026-06-01 12:00:00,0.261,valid
DE_1019,2026-06-01 12:15:00,0.182,valid
DE_1019,2026-06-01 12:30:00,0.208,valid
DE_1019,2026-06-01 12:45:00,0.257,valid
DE_1019,2026-06-01 13:00:00,0.216,valid
DE_1019,2026-06-01 13:15:00,0.172,valid
DE_1019,2026-06-01 13:30:00,0.253,valid
DE_1019,2026-06-01 13:45:00,0.215,valid
DE_1019,2026-06-01 14:00:00,0.267,valid
DE_1019,2026-06-01 14:15:00,0.247,valid
DE_1019,2026-06-01 14:30:00,0.268,valid
DE_1019,2026-06-01 14:45:00,0.246,valid
DE_1019,2026-06-01 15:00:00,0.25,valid
DE_1019,2026-06-01 15:15:00,0.326,valid
DE_1019,2026-06-01 15:30:00,0.266,valid
DE_1019,2026-06-01 15:45:00,0.31,valid
DE_1019,2026-06-01 16:00:00,0.385,valid
DE_1019,2026-06-01 16:15:00,0.269,valid
DE_1019,2026-06-01 16:30:00,0.293,valid
DE_1019,2026-06-01 16:45:00,0.304,valid
DE_1019,2026-06-01 17:00:00,0.315,valid
DE_1019,2026-06-01 17:15:00,0.352,valid
DE_1019,2026-06-01 17:30:00,0.273,valid
DE_1019,2026-06-01 17:45:00,0.27,valid
DE_1019,2026-06-01 18:00:00,0.327,valid
DE_1019,2026-06-01 18:15:00,0.361,valid
DE_1019,2026-06-01 18:30:00,0.378,valid
DE_1019,2026-06-01 18:45:00,0.38,valid
DE_1019,2026-06-01 19:00:00,0.361,valid
DE_1019,2026-06-01 19:15:00,0.285,valid
DE_1019,2026-06-01 19:30:00,0.407,valid
DE_1019,2026-06-01 19:45:00,0.339,valid
DE_1019,2026-06-01 20:00:00,0.418,valid
DE_1019,2026-06-01 20:15:00,0.397,valid
DE_1019,2026-06-01 20:30:00,0.351,valid
DE_1019,2026-06-01 20:45:00,0.417,valid
DE_1019,2026-06-01 21:00:00,0.436,valid
DE_1019,2026-06-01 21:15:00,0.468,valid
DE_1019,2026-06-01 21:30:00,0.436,valid
DE_1019,2026-06-01 21:45:00,0.526,valid
DE_1019,2026-06-01 22:00:00,0.407,valid
DE_1019,2026-06-01 22:15:00,0.553,valid
DE_1019,2026-06-01 22:30:00,0.537,valid
DE_1019,2026-06-01 22:45:00,0.435,valid
DE_1019,2026-06-01 23:00:00,0.413,valid
DE_1019,2026-06-01 23:15:00,0.453,valid
DE_1019,2026-06-01 23:30:00,0.459,valid
DE_1019,2026-06-01 23:45:00,0.504,valid
DE_1019,2026-06-02 00:00:00,0.531,valid
DE_1019,2026-06-02 00:15:00,0.532,valid
DE_1019,2026-06-02 00:30:00,0.411,valid
DE_1019,2026-06-02 00:45:00,0.401,valid
DE_1019,2026-06-02 01:00:00,0.484,valid
DE_1019,2026-06-02 01:15:00,0.541,valid
DE_1019,2026-06-02 01:30:00,0.483,valid
DE_1019,2026-06-02 01:45:00,0.567,valid
DE_1019,2026-06-02 02:00:00,0.394,valid
DE_1019,2026-06-02 02:15:00,0.454,valid
DE_1019,2026-06-02 02:30:00,0.509,valid
DE_1019,2026-06-02 02:45:00,0.457,valid
DE_1019,2026-06-02 03:00:00,0.494,valid
DE_1019,2026-06-02 03:15:00,0.472,valid
DE_1019,2026-06-02 03:30:00,0.41,valid
DE_1019,2026-06-02 03:45:00,0.411,valid
DE_1019,2026-06-02 04:00:00,0.332,valid
DE_1019,2026-06-02 04:15:00,0.404,valid
DE_1019,2026-06-02 04:30:00,0.498,valid
DE_1019,2026-06-02 04:45:00,0.32,valid
DE_1019,2026-06-02 05:00:00,0.37,valid
DE_1019,2026-06-02 05:15:00,0.429,valid
DE_1019,2026-06-02 05:30:00,0.39,valid
DE_1019,2026-06-02 05:45:00,0.288,valid
DE_1019,2026-06-02 06:00:00,0.345,valid
DE_1019,2026-06-02 06:15:00,0.377,valid
DE_1019,2026-06-02 06:30:00,0.36,valid
DE_1019,2026-06-02 06:45:00,0.336,valid
DE_1019,2026-06-02 07:00:00,0.327,valid
DE_1019,2026-06-02 07:15:00,0.396,valid
DE_1019,2026-06-02 07:30:00,0.281,valid
DE_1019,2026-06-02 07:45:00,0.408,valid
DE_1019,2026-06-02 08:00:00,0.272,valid
DE_1019,2026-06-02 08:15:00,0.303,valid
DE_1019,2026-06-02 08:30:00,0.294,valid
DE_1019,2026-06-02 08:45:00,0.343,valid
DE_1019,2026-06-02 09:00:00,0.343,valid
DE_1019,2026-06-02 09:15:00,0.269,valid
DE_1019,2026-06-02 09:30:00,0.184,valid
DE_1019,2026-06-02 09:45:00,0.254,valid
DE_1019,2026-06-02 10:00:00,0.173,valid
DE_1019,2026-06-02 10:15:00,0.15,valid
DE_1019,2026-06-02 10:30:00,0.229,valid
DE_1019,2026-06-02 10:45:00,0.235,valid
DE_1019,2026-06-02 11:00:00,0.217,valid
DE_1019,2026-06-02 11:15:00,0.144,valid
DE_1019,2026-06-02 11:30:00,0.255,valid
DE_1019,2026-06-02 11:45:00,0.309,valid
DE_1019,2026-06-02 12:00:00,0.182,valid
DE_1019,2026-06-02 12:15:00,0.287,valid
DE_1019,2026-06-02 12:30:00,0.118,valid
DE_1019,2026-06-02 12:45:00,0.243,valid
DE_1019,2026-06-02 13:00:00,0.264,valid
DE_1019,2026-06-02 13:15:00,0.228,valid
DE_1019,2026-06-02 13:30:00,0.232,valid
DE_1019,2026-06-02 13:45:00,0.234,valid
DE_1019,2026-06-02 14:00:00,0.201,valid
DE_1019,2026-06-02 14:15:00,0.181,valid
DE_1019,2026-06-02 14:30:00,0.299,valid
DE_1019,2026-06-02 14:45:00,0.277,valid
DE_1019,2026-06-02 15:00:00,0.299,valid
DE_1019,2026-06-02 15:15:00,0.26,valid
DE_1019,2026-06-02 15:30:00,0.23,valid
DE_1019,2026-06-02 15:45:00,0.23,valid
DE_1019,2026-06-02 16:00:00,0.23,valid
DE_1019,2026-06-02 16:15:00,0.253,valid
DE_1019,2026-06-02 16:30:00,0.331,valid
DE_1019,2026-06-02 16:45:00,0.325,valid
DE_1019,2026-06-02 17:00:00,0.312,valid
DE_1019,2026-06-02 17:15:00,0.402,valid
DE_1019,2026-06-02 17:30:00,0.296,valid
DE_1019,2026-06-02 17:45:00,0.334,valid
DE_1019,2026-06-02 18:00:00,0.436,valid
DE_1019,2026-06-02 18:15:00,0.44,valid
DE_1019,2026-06-02 18:30:00,0.422,valid
DE_1019,2026-06-02 18:45:00,0.421,valid
DE_1019,2026-06-02 19:00:00,0.33,valid
DE_1019,2026-06-02 19:15:00,0.359,valid
DE_1019,2026-06-02 19:30:00,0.343,valid
DE_1019,2026-06-02 19:45:00,0.448,valid
DE_1019,2026-06-02 20:00:00,0.333,valid
DE_1019,2026-06-02 20:15:00,0.378,valid
DE_1019,2026-06-02 20:30:00,0.37,valid
DE_1019,2026-06-02 20:45:00,0.36,valid
DE_1019,2026-06-02 21:00:00,0.381,valid
DE_1019,2026-06-02 21:15:00,0.509,valid
DE_1019,2026-06-02 21:30:00,0.465,valid
DE_1019,2026-06-02 21:45:00,0.434,valid
DE_1019,2026-06-02 22:00:00,0.391,valid
DE_1019,2026-06-02 22:15:00,0.424,valid
DE_1019,2026-06-02 22:30:00,0.463,valid
DE_1019,2026-06-02 22:45:00,0.439,valid
DE_1019,2026-06-02 23:00:00,0.47,valid
DE_1019,2026-06-02 23:15:00,0.449,valid
DE_1019,2026-06-02 23:30:00,0.492,valid
DE_1019,2026-06-02 23:45:00,0.482,valid
DE_1019,2026-06-03 00:00:00,0.535,valid
DE_1019,2026-06-03 00:15:00,0.55,valid
DE_1019,2026-06-03 00:30:00,0.534,valid
DE_1019,2026-06-03 00:45:00,0.487,valid
DE_1019,2026-06-03 01:00:00,0.479,valid
DE_1019,2026-06-03 01:15:00,0.341,valid
DE_1019,2026-06-03 01:30:00,0.448,valid
DE_1019,2026-06-03 01:45:00,0.519,valid
DE_1019,2026-06-03 02:00:00,0.45,valid
DE_1019,2026-06-03 02:15:00,0.392,valid
DE_1019,2026-06-03 02:30:00,0.391,valid
DE_1019,2026-06-03 02:45:00,0.433,valid
DE_1019,2026-06-03 03:00:00,0.393,valid
DE_1019,2026-06-03 03:15:00,0.386,valid
DE_1019,2026-06-03 03:30:00,0.477,valid
DE_1019,2026-06-03 03:45:00,0.502,valid
DE_1019,2026-06-03 04:00:00,0.421,valid
DE_1019,2026-06-03 04:15:00,0.35,valid
DE_1019,2026-06-03 04:30:00,0.482,valid
DE_1019,2026-06-03 04:45:00,0.473,valid
DE_1019,2026-06-03 05:00:00,0.373,valid
DE_1019,2026-06-03 05:15:00,0.412,valid
DE_1019,2026-06-03 05:30:00,0.336,valid
DE_1019,2026-06-03 05:45:00,0.325,valid
DE_1019,2026-06-03 06:00:00,0.441,valid
DE_1019,2026-06-03 06:15:00,0.381,valid
DE_1019,2026-06-03 06:30:00,0.352,valid
DE_1019,2026-06-03 06:45:00,0.365,valid
DE_1019,2026-06-03 07:00:00,0.332,valid
DE_1019,2026-06-03 07:15:00,0.361,valid
DE_1019,2026-06-03 07:30:00,0.383,valid
DE_1019,2026-06-03 07:45:00,0.408,valid
DE_1019,2026-06-03 08:00:00,0.256,valid
DE_1019,2026-06-03 08:15:00,0.3,valid
DE_1019,2026-06-03 08:30:00,0.303,valid
DE_1019,2026-06-03 08:45:00,0.226,valid
DE_1019,2026-06-03 09:00:00,0.36,valid
DE_1019,2026-06-03 09:15:00,0.285,valid
DE_1019,2026-06-03 09:30:00,0.201,valid
DE_1019,2026-06-03 09:45:00,0.279,valid
DE_1019,2026-06-03 10:00:00,0.229,valid
DE_1019,2026-06-03 10:15:00,0.19,valid
DE_1019,2026-06-03 10:30:00,0.315,valid
DE_1019,2026-06-03 10:45:00,0.267,valid
DE_1019,2026-06-03 11:00:00,0.242,valid
DE_1019,2026-06-03 11:15:00,0.289,valid
DE_1019,2026-06-03 11:30:00,0.303,valid
DE_1019,2026-06-03 11:45:00,0.228,valid
DE_1019,2026-06-03 12:00:00,0.158,valid
DE_1019,2026-06-03 12:15:00,0.177,valid
DE_1019,2026-06-03 12:30:00,0.224,valid
DE_1019,2026-06-03 12:45:00,0.182,valid
DE_1019,2026-06-03 13:00:00,0.239,valid
DE_1019,2026-06-03 13:15:00,0.285,valid
DE_1019,2026-06-03 13:30:00,0.296,valid
DE_1019,2026-06-03 13:45:00,0.183,valid
DE_1019,2026-06-03 14:00:00,0.237,valid
DE_1019,2026-06-03 14:15:00,0.313,valid
DE_1019,2026-06-03 14:30:00,0.221,valid
DE_1019,2026-06-03 14:45:00,0.248,valid
DE_1019,2026-06-03 15:00:00,0.295,valid
DE_1019,2026-06-03 15:15:00,0.34,valid
DE_1019,2026-06-03 15:30:00,0.252,valid
DE_1019,2026-06-03 15:45:00,0.313,valid
DE_1019,2026-06-03 16:00:00,0.298,valid
DE_1019,2026-06-03 16:15:00,0.325,valid
DE_1019,2026-06-03 16:30:00,0.297,valid
DE_1019,2026-06-03 16:45:00,0.312,valid
DE_1019,2026-06-03 17:00:00,0.267,valid
DE_1019,2026-06-03 17:15:00,0.281,valid
DE_1019,2026-06-03 17:30:00,0.274,valid
DE_1019,2026-06-03 17:45:00,0.321,valid
DE_1019,2026-06-03 18:00:00,0.356,valid
DE_1019,2026-06-03 18:15:00,0.363,valid
DE_1019,2026-06-03 18:30:00,0.378,valid
DE_1019,2026-06-03 18:45:00,0.272,valid
DE_1019,2026-06-03 19:15:00,0.351,valid
DE_1019,2026-06-03 19:30:00,0.3,valid
DE_1019,2026-06-03 19:45:00,0.34,valid
DE_1019,2026-06-03 20:00:00,0.437,valid
DE_1019,2026-06-03 20:15:00,0.335,valid
DE_1019,2026-06-03 20:30:00,0.47,valid
DE_1019,2026-06-03 20:45:00,0.34,valid
DE_1019,2026-06-03 21:00:00,0.414,valid
DE_1019,2026-06-03 21:15:00,0.438,valid
DE_1019,2026-06-03 21:30:00,0.38,valid
DE_1019,2026-06-03 21:45:00,0.379,valid
DE_1019,2026-06-03 22:00:00,0.479,valid
DE_1019,2026-06-03 22:15:00,0.425,valid
DE_1019,2026-06-03 22:30:00,0.407,valid
DE_1019,2026-06-03 22:45:00,0.447,valid
DE_1019,2026-06-03 23:00:00,0.482,valid
DE_1019,2026-06-03 23:15:00,0.506,valid
DE_1019,2026-06-03 23:30:00,0.445,valid
DE_1019,2026-06-03 23:45:00,0.526,valid
DE_1019,2026-06-04 00:00:00,0.485,valid
DE_1019,2026-06-04 00:15:00,0.422,valid
DE_1019,2026-06-04 00:30:00,0.452,valid
DE_1019,2026-06-04 00:45:00,0.513,valid
DE_1019,2026-06-04 01:00:00,0.478,valid
DE_1019,2026-06-04 01:15:00,0.362,valid
DE_1019,2026-06-04 01:30:00,0.408,valid
DE_1019,2026-06-04 01:45:00,0.483,valid
DE_1019,2026-06-04 02:00:00,0.471,valid
DE_1019,2026-06-04 02:15:00,0.379,valid
DE_1019,2026-06-04 02:30:00,0.469,valid
DE_1019,2026-06-04 02:45:00,0.442,valid
DE_1019,2026-06-04 03:00:00,0.426,valid
DE_1019,2026-06-04 03:15:00,0.426,valid
DE_1019,2026-06-04 03:30:00,0.441,valid
DE_1019,2026-06-04 03:45:00,0.428,valid
DE_1019,2026-06-04 04:00:00,0.44,valid
DE_1019,2026-06-04 04:15:00,0.403,valid
DE_1019,2026-06-04 04:30:00,0.454,valid
DE_1019,2026-06-04 04:45:00,0.4,valid
DE_1019,2026-06-04 05:00:00,0.358,valid
DE_1019,2026-06-04 05:15:00,0.249,valid
DE_1019,2026-06-04 05:45:00,0.402,valid
DE_1019,2026-06-04 06:00:00,0.269,valid
DE_1019,2026-06-04 06:15:00,0.245,valid
DE_1019,2026-06-04 06:30:00,0.348,valid
DE_1019,2026-06-04 06:45:00,0.302,valid
DE_1019,2026-06-04 07:00:00,0.311,valid
DE_1019,2026-06-04 07:15:00,0.397,valid
DE_1019,2026-06-04 07:30:00,0.321,valid
DE_1019,2026-06-04 07:45:00,0.338,valid
DE_1019,2026-06-04 08:00:00,0.32,valid
DE_1019,2026-06-04 08:15:00,0.319,valid
DE_1019,2026-06-04 08:30:00,0.188,valid
DE_1019,2026-06-04 08:45:00,0.331,valid
DE_1019,2026-06-04 09:00:00,0.385,valid
DE_1019,2026-06-04 09:15:00,0.263,valid
DE_1019,2026-06-04 09:30:00,0.327,valid
DE_1019,2026-06-04 09:45:00,0.324,valid
DE_1019,2026-06-04 10:00:00,0.335,valid
DE_1019,2026-06-04 10:15:00,0.224,valid
DE_1019,2026-06-04 10:30:00,0.335,valid
DE_1019,2026-06-04 10:45:00,0.171,valid
DE_1019,2026-06-04 11:00:00,0.236,valid
DE_1019,2026-06-04 11:15:00,0.247,valid
DE_1019,2026-06-04 11:30:00,0.216,valid
DE_1019,2026-06-04 11:45:00,0.171,valid
DE_1019,2026-06-04 12:00:00,0.258,valid
DE_1019,2026-06-04 12:15:00,0.15,valid
DE_1019,2026-06-04 12:30:00,0.198,valid
DE_1019,2026-06-04 12:45:00,0.211,valid
DE_1019,2026-06-04 13:00:00,0.208,valid
DE_1019,2026-06-04 13:15:00,0.218,valid
DE_1019,2026-06-04 13:30:00,0.213,valid
DE_1019,2026-06-04 13:45:00,0.192,valid
DE_1019,2026-06-04 14:00:00,0.211,valid
DE_1019,2026-06-04 14:15:00,0.279,valid
DE_1019,2026-06-04 14:30:00,0.302,valid
DE_1019,2026-06-04 14:45:00,0.262,valid
DE_1019,2026-06-04 15:00:00,0.245,valid
DE_1019,2026-06-04 15:15:00,0.282,valid
DE_1019,2026-06-04 15:30:00,0.381,valid
DE_1019,2026-06-04 15:45:00,0.284,valid
DE_1019,2026-06-04 16:00:00,0.23,valid
DE_1019,2026-06-04 16:15:00,0.195,valid
DE_1019,2026-06-04 16:30:00,0.356,valid
DE_1019,2026-06-04 16:45:00,0.245,valid
DE_1019,2026-06-04 17:00:00,0.318,valid
DE_1019,2026-06-04 17:15:00,0.292,valid
DE_1019,2026-06-04 17:30:00,0.317,valid
DE_1019,2026-06-04 17:45:00,0.399,valid
DE_1019,2026-06-04 18:00:00,0.381,valid
DE_1019,2026-06-04 18:15:00,0.343,valid
DE_1019,2026-06-04 18:30:00,0.316,valid
DE_1019,2026-06-04 18:45:00,0.265,valid
DE_1019,2026-06-04 19:00:00,0.39,valid
DE_1019,2026-06-04 19:15:00,0.375,valid
DE_1019,2026-06-04 19:30:00,0.284,valid
DE_1019,2026-06-04 19:45:00,0.337,valid
DE_1019,2026-06-04 20:00:00,0.327,valid
DE_1019,2026-06-04 20:15:00,0.372,valid
DE_1019,2026-06-04 20:30:00,0.421,valid
DE_1019,2026-06-04 20:45:00,0.323,valid
DE_1019,2026-06-04 21:00:00,0.423,valid
DE_1019,2026-06-04 21:15:00,0.384,valid
DE_1019,2026-06-04 21:30:00,0.466,valid
DE_1019,2026-06-04 21:45:00,0.45,valid
DE_1019,2026-06-04 22:00:00,0.477,valid
DE_1019,2026-06-04 22:15:00,0.393,valid
DE_1019,2026-06-04 22:30:00,0.375,valid
DE_1019,2026-06-04 22:45:00,0.527,valid
DE_1019,2026-06-04 23:00:00,0.466,valid
DE_1019,2026-06-04 23:15:00,0.413,valid
DE_1019,2026-06-04 23:30:00,0.444,valid
DE_1019,2026-06-04 23:45:00,0.539,valid
DE_1019,2026-06-05 00:00:00,0.445,valid
DE_1019,2026-06-05 00:15:00,0.536,valid
DE_1019,2026-06-05 00:30:00,0.401,valid
DE_1019,2026-06-05 00:45:00,0.603,valid
DE_1019,2026-06-05 01:00:00,0.478,valid
DE_1019,2026-06-05 01:15:00,0.447,valid
DE_1019,2026-06-05 01:30:00,0.426,valid
DE_1019,2026-06-05 01:45:00,0.382,valid
DE_1019,2026-06-05 02:00:00,0.427,valid
DE_1019,2026-06-05 02:15:00,0.404,valid
DE_1019,2026-06-05 02:30:00,0.471,valid
DE_1019,2026-06-05 02:45:00,0.445,valid
DE_1019,2026-06-05 03:00:00,0.424,valid
DE_1019,2026-06-05 03:15:00,0.452,valid
DE_1019,2026-06-05 03:30:00,0.489,valid
DE_1019,2026-06-05 03:45:00,0.392,valid
DE_1019,2026-06-05 04:00:00,0.341,valid
DE_1019,2026-06-05 04:15:00,0.419,valid
DE_1019,2026-06-05 04:30:00,0.355,valid
DE_1019,2026-06-05 04:45:00,0.305,valid
DE_1019,2026-06-05 05:00:00,0.313,valid
DE_1019,2026-06-05 05:15:00,0.468,valid
DE_1019,2026-06-05 05:30:00,0.403,valid
DE_1019,2026-06-05 05:45:00,0.372,valid
DE_1019,2026-06-05 06:00:00,0.311,valid
DE_1019,2026-06-05 06:15:00,0.409,valid
DE_1019,2026-06-05 06:30:00,0.347,valid
DE_1019,2026-06-05 06:45:00,0.252,valid
DE_1019,2026-06-05 07:00:00,0.202,valid
DE_1019,2026-06-05 07:15:00,0.264,valid
DE_1019,2026-06-05 07:30:00,0.349,valid
DE_1019,2026-06-05 07:45:00,0.235,valid
DE_1019,2026-06-05 07:45:00,0.235,valid
DE_1019,2026-06-05 08:00:00,0.226,valid
DE_1019,2026-06-05 08:15:00,0.356,valid
DE_1019,2026-06-05 08:30:00,0.412,valid
DE_1019,2026-06-05 08:45:00,0.196,valid
DE_1019,2026-06-05 09:00:00,0.217,valid
DE_1019,2026-06-05 09:15:00,0.258,valid
DE_1019,2026-06-05 09:30:00,0.241,valid
DE_1019,2026-06-05 09:45:00,0.257,valid
DE_1019,2026-06-05 10:00:00,0.137,valid
DE_1019,2026-06-05 10:15:00,0.213,valid
DE_1019,2026-06-05 10:30:00,0.245,valid
DE_1019,2026-06-05 10:45:00,0.174,valid
DE_1019,2026-06-05 11:00:00,0.239,valid
DE_1019,2026-06-05 11:15:00,0.169,valid
DE_1019,2026-06-05 11:30:00,0.182,valid
DE_1019,2026-06-05 11:45:00,0.31,valid
DE_1019,2026-06-05 12:00:00,0.118,valid
DE_1019,2026-06-05 12:15:00,0.284,valid
DE_1019,2026-06-05 12:30:00,0.108,valid
DE_1019,2026-06-05 12:45:00,0.187,valid
DE_1019,2026-06-05 13:00:00,0.234,valid
DE_1019,2026-06-05 13:15:00,0.271,valid
DE_1019,2026-06-05 13:30:00,0.155,valid
DE_1019,2026-06-05 13:45:00,0.271,valid
DE_1019,2026-06-05 14:00:00,0.306,valid
DE_1019,2026-06-05 14:15:00,0.294,valid
DE_1019,2026-06-05 14:30:00,0.159,valid
DE_1019,2026-06-05 14:45:00,0.277,valid
DE_1019,2026-06-05 15:00:00,0.301,valid
DE_1019,2026-06-05 15:15:00,0.255,valid
DE_1019,2026-06-05 15:30:00,0.364,valid
DE_1019,2026-06-05 15:45:00,0.275,valid
DE_1019,2026-06-05 16:00:00,0.276,valid
DE_1019,2026-06-05 16:15:00,0.299,valid
DE_1019,2026-06-05 16:30:00,0.312,valid
DE_1019,2026-06-05 16:45:00,0.315,valid
DE_1019,2026-06-05 17:00:00,0.36,valid
DE_1019,2026-06-05 17:15:00,0.314,valid
DE_1019,2026-06-05 17:30:00,0.247,valid
DE_1019,2026-06-05 17:45:00,0.377,valid
DE_1019,2026-06-05 18:00:00,0.328,valid
DE_1019,2026-06-05 18:15:00,0.344,valid
DE_1019,2026-06-05 18:30:00,0.354,valid
DE_1019,2026-06-05 18:45:00,0.34,valid
DE_1019,2026-06-05 19:00:00,0.4,valid
DE_1019,2026-06-05 19:15:00,0.38,valid
DE_1019,2026-06-05 19:30:00,0.409,valid
DE_1019,2026-06-05 19:45:00,0.455,valid
DE_1019,2026-06-05 20:00:00,0.434,valid
DE_1019,2026-06-05 20:15:00,0.417,valid
DE_1019,2026-06-05 20:30:00,0.45,valid
DE_1019,2026-06-05 20:45:00,0.384,valid
DE_1019,2026-06-05 21:00:00,0.393,valid
DE_1019,2026-06-05 21:15:00,0.465,valid
DE_1019,2026-06-05 21:30:00,0.411,valid
DE_1019,2026-06-05 21:45:00,0.385,valid
DE_1019,2026-06-05 22:00:00,0.424,valid
DE_1019,2026-06-05 22:15:00,0.472,valid
DE_1019,2026-06-05 22:30:00,0.39,valid
DE_1019,2026-06-05 22:45:00,0.479,valid
DE_1019,2026-06-05 23:00:00,0.407,valid
DE_1019,2026-06-05 23:15:00,0.484,valid
DE_1019,2026-06-05 23:30:00,0.531,valid
DE_1019,2026-06-05 23:45:00,0.49,valid
DE_1019,2026-06-06 00:00:00,0.543,valid
DE_1019,2026-06-06 00:15:00,0.509,valid
DE_1019,2026-06-06 00:30:00,0.576,valid
DE_1019,2026-06-06 00:45:00,0.515,valid
DE_1019,2026-06-06 01:00:00,0.507,valid
DE_1019,2026-06-06 01:15:00,0.437,valid
DE_1019,2026-06-06 01:30:00,0.453,valid
DE_1019,2026-06-06 01:45:00,0.469,valid
DE_1019,2026-06-06 02:00:00,0.424,valid
DE_1019,2026-06-06 02:15:00,0.386,valid
DE_1019,2026-06-06 02:30:00,0.371,valid
DE_1019,2026-06-06 02:45:00,0.557,valid
DE_1019,2026-06-06 03:00:00,0.413,valid
DE_1019,2026-06-06 03:15:00,0.426,valid
DE_1019,2026-06-06 03:45:00,0.439,valid
DE_1019,2026-06-06 04:00:00,0.447,valid
DE_1019,2026-06-06 04:15:00,0.368,valid
DE_1019,2026-06-06 04:30:00,0.38,valid
DE_1019,2026-06-06 04:45:00,0.394,valid
DE_1019,2026-06-06 05:00:00,0.362,valid
DE_1019,2026-06-06 05:15:00,0.297,valid
DE_1019,2026-06-06 05:30:00,0.424,valid
DE_1019,2026-06-06 05:45:00,0.349,valid
DE_1019,2026-06-06 06:00:00,0.35,valid
DE_1019,2026-06-06 06:15:00,0.313,valid
DE_1019,2026-06-06 06:45:00,0.349,valid
DE_1019,2026-06-06 07:00:00,0.293,valid
DE_1019,2026-06-06 07:15:00,0.406,valid
DE_1019,2026-06-06 07:30:00,0.346,valid
DE_1019,2026-06-06 07:45:00,0.297,valid
DE_1019,2026-06-06 08:00:00,0.294,valid
DE_1019,2026-06-06 08:15:00,0.304,valid
DE_1019,2026-06-06 08:30:00,0.369,valid
DE_1019,2026-06-06 08:45:00,0.372,valid
DE_1019,2026-06-06 09:00:00,0.298,valid
DE_1019,2026-06-06 09:15:00,0.16,valid
DE_1019,2026-06-06 09:30:00,0.22,valid
DE_1019,2026-06-06 09:45:00,0.295,valid
DE_1019,2026-06-06 10:00:00,0.175,valid
DE_1019,2026-06-06 10:15:00,0.268,valid
DE_1019,2026-06-06 10:30:00,0.163,valid
DE_1019,2026-06-06 10:45:00,0.324,valid
DE_1019,2026-06-06 11:00:00,0.216,valid
DE_1019,2026-06-06 11:15:00,0.212,valid
DE_1019,2026-06-06 11:30:00,0.159,valid
DE_1019,2026-06-06 11:45:00,0.185,valid
DE_1019,2026-06-06 12:00:00,0.092,valid
DE_1019,2026-06-06 12:15:00,0.206,valid
DE_1019,2026-06-06 12:30:00,0.192,valid
DE_1019,2026-06-06 12:45:00,0.229,valid
DE_1019,2026-06-06 13:00:00,0.214,valid
DE_1019,2026-06-06 13:15:00,0.268,valid
DE_1019,2026-06-06 13:30:00,0.247,valid
DE_1019,2026-06-06 13:45:00,0.243,valid
DE_1019,2026-06-06 14:00:00,0.267,valid
DE_1019,2026-06-06 14:15:00,0.222,valid
DE_1019,2026-06-06 14:30:00,0.245,valid
DE_1019,2026-06-06 14:45:00,0.25,valid
DE_1019,2026-06-06 15:00:00,0.29,valid
DE_1019,2026-06-06 15:15:00,0.186,valid
DE_1019,2026-06-06 15:30:00,0.346,valid
DE_1019,2026-06-06 15:45:00,0.227,valid
DE_1019,2026-06-06 16:00:00,0.331,valid
DE_1019,2026-06-06 16:15:00,0.309,valid
DE_1019,2026-06-06 16:30:00,0.259,valid
DE_1019,2026-06-06 16:45:00,0.364,valid
DE_1019,2026-06-06 17:00:00,0.345,valid
DE_1019,2026-06-06 17:15:00,0.295,valid
DE_1019,2026-06-06 17:30:00,0.252,valid
DE_1019,2026-06-06 17:45:00,0.351,valid
DE_1019,2026-06-06 18:00:00,0.37,valid
DE_1019,2026-06-06 18:15:00,0.338,valid
DE_1019,2026-06-06 18:30:00,0.403,valid
DE_1019,2026-06-06 18:45:00,0.413,valid
DE_1019,2026-06-06 19:00:00,0.436,valid
DE_1019,2026-06-06 19:15:00,0.354,valid
DE_1019,2026-06-06 19:30:00,0.331,valid
DE_1019,2026-06-06 19:45:00,0.393,valid
DE_1019,2026-06-06 20:00:00,0.397,valid
DE_1019,2026-06-06 20:15:00,0.39,valid
DE_1019,2026-06-06 20:30:00,0.324,valid
DE_1019,2026-06-06 20:45:00,0.388,valid
DE_1019,2026-06-06 21:00:00,0.409,valid
DE_1019,2026-06-06 21:15:00,0.407,valid
DE_1019,2026-06-06 21:30:00,0.385,valid
DE_1019,2026-06-06 21:45:00,0.432,valid
DE_1019,2026-06-06 22:00:00,0.401,valid
DE_1019,2026-06-06 22:15:00,0.432,valid
DE_1019,2026-06-06 22:30:00,0.486,valid
DE_1019,2026-06-06 22:45:00,0.466,valid
DE_1019,2026-06-06 23:00:00,0.52,valid
DE_1019,2026-06-06 23:15:00,0.46,valid
DE_1019,2026-06-06 23:30:00,0.384,valid
DE_1019,2026-06-06 23:45:00,0.54,valid
DE_1019,2026-06-07 00:00:00,0.585,valid
DE_1019,2026-06-07 00:15:00,0.443,valid
DE_1019,2026-06-07 00:30:00,0.522,valid
DE_1019,2026-06-07 00:45:00,0.52,valid
DE_1019,2026-06-07 01:00:00,0.408,valid
DE_1019,2026-06-07 01:15:00,0.443,valid
DE_1019,2026-06-07 01:30:00,0.316,valid
DE_1019,2026-06-07 01:45:00,0.531,valid
DE_1019,2026-06-07 02:00:00,0.423,valid
DE_1019,2026-06-07 02:15:00,0.478,valid
DE_1019,2026-06-07 02:30:00,0.531,valid
DE_1019,2026-06-07 02:45:00,0.486,valid
DE_1019,2026-06-07 03:00:00,0.445,valid
DE_1019,2026-06-07 03:15:00,0.472,valid
DE_1019,2026-06-07 03:30:00,0.391,valid
DE_1019,2026-06-07 03:45:00,0.412,valid
DE_1019,2026-06-07 04:00:00,0.416,valid
DE_1019,2026-06-07 04:15:00,0.421,valid
DE_1019,2026-06-07 04:30:00,0.398,valid
DE_1019,2026-06-07 04:45:00,0.393,valid
DE_1019,2026-06-07 05:00:00,0.457,valid
DE_1019,2026-06-07 05:15:00,0.407,valid
DE_1019,2026-06-07 05:30:00,0.431,valid
DE_1019,2026-06-07 05:45:00,0.423,valid
DE_1019,2026-06-07 06:00:00,0.344,valid
DE_1019,2026-06-07 06:15:00,0.347,valid
DE_1019,2026-06-07 06:30:00,0.37,valid
DE_1019,2026-06-07 06:45:00,0.331,valid
DE_1019,2026-06-07 07:00:00,0.412,valid
DE_1019,2026-06-07 07:15:00,0.278,valid
DE_1019,2026-06-07 07:30:00,0.335,valid
DE_1019,2026-06-07 07:45:00,0.294,valid
DE_1019,2026-06-07 08:00:00,0.244,valid
DE_1019,2026-06-07 08:15:00,0.309,valid
DE_1019,2026-06-07 08:30:00,0.34,valid
DE_1019,2026-06-07 08:45:00,0.329,valid
DE_1019,2026-06-07 09:00:00,0.233,valid
DE_1019,2026-06-07 09:15:00,0.229,valid
DE_1019,2026-06-07 09:30:00,0.284,valid
DE_1019,2026-06-07 09:45:00,0.248,valid
DE_1019,2026-06-07 10:00:00,0.292,valid
DE_1019,2026-06-07 10:15:00,0.293,valid
DE_1019,2026-06-07 10:30:00,0.262,valid
DE_1019,2026-06-07 10:45:00,0.236,valid
DE_1019,2026-06-07 11:00:00,0.078,valid
DE_1019,2026-06-07 11:15:00,0.213,valid
DE_1019,2026-06-07 11:30:00,0.191,valid
DE_1019,2026-06-07 11:45:00,0.21,valid
DE_1019,2026-06-07 12:00:00,0.202,valid
DE_1019,2026-06-07 12:15:00,0.104,valid
DE_1019,2026-06-07 12:45:00,0.227,valid
DE_1019,2026-06-07 13:00:00,0.224,valid
DE_1019,2026-06-07 13:15:00,0.242,valid
DE_1019,2026-06-07 13:30:00,0.133,valid
DE_1019,2026-06-07 13:45:00,0.267,valid
DE_1019,2026-06-07 14:00:00,0.252,valid
DE_1019,2026-06-07 14:15:00,0.238,valid
DE_1019,2026-06-07 14:30:00,0.195,valid
DE_1019,2026-06-07 14:45:00,0.148,valid
DE_1019,2026-06-07 15:00:00,0.222,valid
DE_1019,2026-06-07 15:15:00,0.318,valid
DE_1019,2026-06-07 15:30:00,0.331,valid
DE_1019,2026-06-07 15:45:00,0.213,valid
DE_1019,2026-06-07 16:00:00,0.348,valid
DE_1019,2026-06-07 16:15:00,0.35,valid
DE_1019,2026-06-07 16:30:00,0.326,valid
DE_1019,2026-06-07 16:45:00,0.199,valid
DE_1019,2026-06-07 17:00:00,0.274,valid
DE_1019,2026-06-07 17:15:00,0.258,valid
DE_1019,2026-06-07 17:30:00,0.362,valid
DE_1019,2026-06-07 17:45:00,0.381,valid
DE_1019,2026-06-07 18:00:00,0.33,valid
DE_1019,2026-06-07 18:15:00,0.434,valid
DE_1019,2026-06-07 18:30:00,0.339,valid
DE_1019,2026-06-07 18:45:00,0.355,valid
DE_1019,2026-06-07 19:00:00,0.394,valid
DE_1019,2026-06-07 19:15:00,0.384,valid
DE_1019,2026-06-07 19:30:00,0.397,valid
DE_1019,2026-06-07 19:45:00,0.357,valid
DE_1019,2026-06-07 20:00:00,0.37,valid
DE_1019,2026-06-07 20:15:00,0.363,valid
DE_1019,2026-06-07 20:30:00,0.356,valid
DE_1019,2026-06-07 20:45:00,0.435,valid
DE_1019,2026-06-07 21:00:00,0.464,valid
DE_1019,2026-06-07 21:15:00,0.32,valid
DE_1019,2026-06-07 21:30:00,0.405,valid
DE_1019,2026-06-07 21:45:00,0.483,valid
DE_1019,2026-06-07 22:00:00,0.43,valid
DE_1019,2026-06-07 22:15:00,0.488,valid
DE_1019,2026-06-07 22:30:00,0.507,valid
DE_1019,2026-06-07 22:45:00,0.431,valid
DE_1019,2026-06-07 23:00:00,0.399,valid
DE_1019,2026-06-07 23:15:00,0.541,valid
DE_1019,2026-06-07 23:30:00,0.446,valid
DE_1019,2026-06-07 23:45:00,0.404,valid
DE_1020,2026-06-01 00:00:00,0.56,valid
DE_1020,2026-06-01 00:15:00,0.468,valid
DE_1020,2026-06-01 00:30:00,0.465,valid
DE_1020,2026-06-01 00:45:00,0.445,valid
DE_1020,2026-06-01 01:00:00,0.454,valid
DE_1020,2026-06-01 01:15:00,0.479,valid
DE_1020,2026-06-01 01:30:00,0.429,valid
DE_1020,2026-06-01 01:45:00,0.478,valid
DE_1020,2026-06-01 02:00:00,0.38,valid
DE_1020,2026-06-01 02:15:00,0.442,valid
DE_1020,2026-06-01 02:30:00,0.45,valid
DE_1020,2026-06-01 02:45:00,0.49,valid
DE_1020,2026-06-01 03:00:00,0.42,valid
DE_1020,2026-06-01 03:15:00,0.466,valid
DE_1020,2026-06-01 03:30:00,0.382,valid
DE_1020,2026-06-01 03:45:00,0.421,valid
DE_1020,2026-06-01 04:00:00,0.49,valid
DE_1020,2026-06-01 04:15:00,0.339,valid
DE_1020,2026-06-01 04:30:00,0.358,valid
DE_1020,2026-06-01 04:45:00,0.381,valid
DE_1020,2026-06-01 05:00:00,0.343,valid
DE_1020,2026-06-01 05:15:00,0.463,valid
DE_1020,2026-06-01 05:30:00,0.324,valid
DE_1020,2026-06-01 05:45:00,0.369,valid
DE_1020,2026-06-01 06:00:00,0.345,valid
DE_1020,2026-06-01 06:15:00,0.402,valid
DE_1020,2026-06-01 06:30:00,0.304,valid
DE_1020,2026-06-01 06:45:00,0.278,valid
DE_1020,2026-06-01 07:00:00,0.346,valid
DE_1020,2026-06-01 07:15:00,0.308,valid
DE_1020,2026-06-01 07:30:00,0.33,valid
DE_1020,2026-06-01 07:45:00,0.284,valid
DE_1020,2026-06-01 08:00:00,0.282,valid
DE_1020,2026-06-01 08:15:00,0.256,valid
DE_1020,2026-06-01 08:30:00,0.258,valid
DE_1020,2026-06-01 08:45:00,0.288,valid
DE_1020,2026-06-01 09:00:00,0.295,valid
DE_1020,2026-06-01 09:15:00,0.212,valid
DE_1020,2026-06-01 09:30:00,0.312,valid
DE_1020,2026-06-01 09:45:00,0.346,valid
DE_1020,2026-06-01 10:00:00,0.301,valid
DE_1020,2026-06-01 10:15:00,0.2,valid
DE_1020,2026-06-01 10:30:00,0.274,valid
DE_1020,2026-06-01 10:45:00,0.335,valid
DE_1020,2026-06-01 11:00:00,0.24,valid
DE_1020,2026-06-01 11:15:00,0.197,valid
DE_1020,2026-06-01 11:30:00,0.19,valid
DE_1020,2026-06-01 11:45:00,0.178,valid
DE_1020,2026-06-01 12:00:00,0.202,valid
DE_1020,2026-06-01 12:15:00,0.258,valid
DE_1020,2026-06-01 12:30:00,0.192,valid
DE_1020,2026-06-01 12:45:00,0.264,valid
DE_1020,2026-06-01 13:00:00,0.198,valid
DE_1020,2026-06-01 13:15:00,0.218,valid
DE_1020,2026-06-01 13:30:00,0.195,valid
DE_1020,2026-06-01 13:45:00,0.201,valid
DE_1020,2026-06-01 14:00:00,0.34,valid
DE_1020,2026-06-01 14:15:00,0.231,valid
DE_1020,2026-06-01 14:30:00,0.254,valid
DE_1020,2026-06-01 14:45:00,0.25,valid
DE_1020,2026-06-01 15:00:00,0.319,valid
DE_1020,2026-06-01 15:15:00,0.383,valid
DE_1020,2026-06-01 15:30:00,0.325,valid
DE_1020,2026-06-01 15:45:00,0.251,valid
DE_1020,2026-06-01 16:00:00,0.366,valid
DE_1020,2026-06-01 16:15:00,0.296,valid
DE_1020,2026-06-01 16:30:00,0.289,valid
DE_1020,2026-06-01 16:45:00,0.364,valid
DE_1020,2026-06-01 17:00:00,0.33,valid
DE_1020,2026-06-01 17:15:00,0.34,valid
DE_1020,2026-06-01 17:30:00,0.198,valid
DE_1020,2026-06-01 17:45:00,0.387,valid
DE_1020,2026-06-01 18:00:00,0.303,valid
DE_1020,2026-06-01 18:15:00,0.318,valid
DE_1020,2026-06-01 18:30:00,0.331,valid
DE_1020,2026-06-01 18:45:00,0.366,valid
DE_1020,2026-06-01 19:00:00,0.395,valid
DE_1020,2026-06-01 19:15:00,0.418,valid
DE_1020,2026-06-01 19:30:00,0.38,valid
DE_1020,2026-06-01 19:45:00,0.359,valid
DE_1020,2026-06-01 20:00:00,0.423,valid
DE_1020,2026-06-01 20:15:00,0.367,valid
DE_1020,2026-06-01 20:30:00,0.362,valid
DE_1020,2026-06-01 20:45:00,0.388,valid
DE_1020,2026-06-01 21:00:00,0.449,valid
DE_1020,2026-06-01 21:15:00,0.314,valid
DE_1020,2026-06-01 21:30:00,0.412,valid
DE_1020,2026-06-01 21:45:00,0.394,valid
DE_1020,2026-06-01 22:00:00,0.5,valid
DE_1020,2026-06-01 22:15:00,0.409,valid
DE_1020,2026-06-01 22:30:00,0.495,valid
DE_1020,2026-06-01 22:45:00,0.453,valid
DE_1020,2026-06-01 23:00:00,0.446,valid
DE_1020,2026-06-01 23:15:00,0.447,valid
DE_1020,2026-06-01 23:30:00,0.442,valid
DE_1020,2026-06-01 23:45:00,0.49,valid
DE_1020,2026-06-02 00:00:00,0.452,valid
DE_1020,2026-06-02 00:15:00,0.456,valid
DE_1020,2026-06-02 00:30:00,0.493,valid
DE_1020,2026-06-02 00:45:00,0.563,valid
DE_1020,2026-06-02 01:00:00,0.49,valid
DE_1020,2026-06-02 01:15:00,0.451,valid
DE_1020,2026-06-02 01:30:00,0.434,valid
DE_1020,2026-06-02 01:45:00,0.461,valid
DE_1020,2026-06-02 02:00:00,0.467,valid
DE_1020,2026-06-02 02:15:00,0.539,valid
DE_1020,2026-06-02 02:30:00,0.465,valid
DE_1020,2026-06-02 02:45:00,0.42,valid
DE_1020,2026-06-02 03:00:00,0.332,valid
DE_1020,2026-06-02 03:15:00,0.342,valid
DE_1020,2026-06-02 03:30:00,0.494,valid
DE_1020,2026-06-02 03:45:00,0.47,valid
DE_1020,2026-06-02 04:15:00,0.395,valid
DE_1020,2026-06-02 04:30:00,0.378,valid
DE_1020,2026-06-02 04:45:00,0.402,valid
DE_1020,2026-06-02 05:00:00,0.395,valid
DE_1020,2026-06-02 05:15:00,0.346,valid
DE_1020,2026-06-02 05:30:00,0.346,valid
DE_1020,2026-06-02 05:45:00,0.383,valid
DE_1020,2026-06-02 06:00:00,0.366,valid
DE_1020,2026-06-02 06:15:00,0.381,valid
DE_1020,2026-06-02 06:30:00,0.379,valid
DE_1020,2026-06-02 06:45:00,0.373,valid
DE_1020,2026-06-02 07:00:00,0.301,valid
DE_1020,2026-06-02 07:15:00,0.386,valid
DE_1020,2026-06-02 07:30:00,0.285,valid
DE_1020,2026-06-02 07:45:00,0.296,valid
DE_1020,2026-06-02 08:00:00,0.305,valid
DE_1020,2026-06-02 08:15:00,0.322,valid
DE_1020,2026-06-02 08:30:00,0.369,valid
DE_1020,2026-06-02 08:45:00,0.339,valid
DE_1020,2026-06-02 09:00:00,0.198,valid
DE_1020,2026-06-02 09:15:00,0.304,valid
DE_1020,2026-06-02 09:30:00,0.223,valid
DE_1020,2026-06-02 09:45:00,0.321,valid
DE_1020,2026-06-02 10:00:00,0.204,valid
DE_1020,2026-06-02 10:15:00,0.293,valid
DE_1020,2026-06-02 10:30:00,0.236,valid
DE_1020,2026-06-02 10:45:00,0.352,valid
DE_1020,2026-06-02 11:00:00,0.137,valid
DE_1020,2026-06-02 11:15:00,0.23,valid
DE_1020,2026-06-02 11:30:00,0.181,valid
DE_1020,2026-06-02 11:45:00,0.218,valid
DE_1020,2026-06-02 12:00:00,0.131,valid
DE_1020,2026-06-02 12:15:00,0.2,valid
DE_1020,2026-06-02 12:30:00,0.236,valid
DE_1020,2026-06-02 12:45:00,0.142,valid
DE_1020,2026-06-02 13:00:00,0.171,valid
DE_1020,2026-06-02 13:15:00,0.281,valid
DE_1020,2026-06-02 13:30:00,0.163,valid
DE_1020,2026-06-02 13:45:00,0.179,valid
DE_1020,2026-06-02 14:00:00,0.187,valid
DE_1020,2026-06-02 14:15:00,0.311,valid
DE_1020,2026-06-02 14:30:00,0.262,valid
DE_1020,2026-06-02 14:45:00,0.292,valid
DE_1020,2026-06-02 15:00:00,0.244,valid
DE_1020,2026-06-02 15:15:00,0.296,valid
DE_1020,2026-06-02 15:30:00,0.266,valid
DE_1020,2026-06-02 15:45:00,0.31,valid
DE_1020,2026-06-02 16:00:00,0.255,valid
DE_1020,2026-06-02 16:15:00,0.267,valid
DE_1020,2026-06-02 16:30:00,0.416,valid
DE_1020,2026-06-02 16:45:00,0.318,valid
DE_1020,2026-06-02 17:00:00,0.328,valid
DE_1020,2026-06-02 17:15:00,0.402,valid
DE_1020,2026-06-02 17:30:00,0.239,valid
DE_1020,2026-06-02 17:45:00,0.352,valid
DE_1020,2026-06-02 18:00:00,0.315,valid
DE_1020,2026-06-02 18:15:00,0.38,valid
DE_1020,2026-06-02 18:30:00,0.307,valid
DE_1020,2026-06-02 18:45:00,0.39,valid
DE_1020,2026-06-02 19:00:00,0.357,valid
DE_1020,2026-06-02 19:15:00,0.267,valid
DE_1020,2026-06-02 19:30:00,0.407,valid
DE_1020,2026-06-02 19:45:00,0.395,valid
DE_1020,2026-06-02 20:00:00,0.406,valid
DE_1020,2026-06-02 20:30:00,0.457,valid
DE_1020,2026-06-02 20:45:00,0.399,valid
DE_1020,2026-06-02 21:00:00,0.473,valid
DE_1020,2026-06-02 21:15:00,0.51,valid
DE_1020,2026-06-02 21:30:00,0.384,valid
DE_1020,2026-06-02 21:45:00,0.372,valid
DE_1020,2026-06-02 22:00:00,0.486,valid
DE_1020,2026-06-02 22:15:00,0.36,valid
DE_1020,2026-06-02 22:30:00,0.497,valid
DE_1020,2026-06-02 22:45:00,0.444,valid
DE_1020,2026-06-02 23:00:00,0.476,valid
DE_1020,2026-06-02 23:15:00,0.453,valid
DE_1020,2026-06-02 23:30:00,0.494,valid
DE_1020,2026-06-03 00:00:00,0.495,valid
DE_1020,2026-06-03 00:15:00,0.485,valid
DE_1020,2026-06-03 00:30:00,0.602,valid
DE_1020,2026-06-03 00:45:00,0.555,valid
DE_1020,2026-06-03 01:00:00,0.435,valid
DE_1020,2026-06-03 01:15:00,0.487,valid
DE_1020,2026-06-03 01:30:00,0.5,valid
DE_1020,2026-06-03 01:45:00,0.444,valid
DE_1020,2026-06-03 02:00:00,0.481,valid
DE_1020,2026-06-03 02:15:00,0.432,valid
DE_1020,2026-06-03 02:30:00,0.427,valid
DE_1020,2026-06-03 02:45:00,0.506,valid
DE_1020,2026-06-03 03:00:00,0.428,valid
DE_1020,2026-06-03 03:15:00,0.447,valid
DE_1020,2026-06-03 03:30:00,0.494,valid
DE_1020,2026-06-03 03:45:00,0.448,valid
DE_1020,2026-06-03 04:00:00,0.426,valid
DE_1020,2026-06-03 04:15:00,0.279,valid
DE_1020,2026-06-03 04:30:00,0.429,valid
DE_1020,2026-06-03 04:45:00,0.389,valid
DE_1020,2026-06-03 05:00:00,0.261,valid
DE_1020,2026-06-03 05:15:00,0.34,valid
DE_1020,2026-06-03 05:30:00,0.404,valid
DE_1020,2026-06-03 05:45:00,0.352,valid
DE_1020,2026-06-03 06:00:00,0.362,valid
DE_1020,2026-06-03 06:15:00,0.319,valid
DE_1020,2026-06-03 06:30:00,0.346,valid
DE_1020,2026-06-03 06:45:00,0.332,valid
DE_1020,2026-06-03 07:00:00,0.399,valid
DE_1020,2026-06-03 07:15:00,0.38,valid
DE_1020,2026-06-03 07:30:00,0.336,valid
DE_1020,2026-06-03 07:45:00,0.348,valid
DE_1020,2026-06-03 08:00:00,0.218,valid
DE_1020,2026-06-03 08:15:00,0.32,valid
DE_1020,2026-06-03 08:30:00,0.295,valid
DE_1020,2026-06-03 08:45:00,0.272,valid
DE_1020,2026-06-03 09:00:00,0.309,valid
DE_1020,2026-06-03 09:15:00,0.259,valid
DE_1020,2026-06-03 09:30:00,0.373,valid
DE_1020,2026-06-03 09:45:00,0.28,valid
DE_1020,2026-06-03 10:00:00,0.256,valid
DE_1020,2026-06-03 10:15:00,0.19,valid
DE_1020,2026-06-03 10:30:00,0.309,valid
DE_1020,2026-06-03 10:45:00,0.258,valid
DE_1020,2026-06-03 11:00:00,0.25,valid
DE_1020,2026-06-03 11:15:00,0.234,valid
DE_1020,2026-06-03 11:30:00,0.253,valid
DE_1020,2026-06-03 11:45:00,0.234,valid
DE_1020,2026-06-03 12:00:00,0.267,valid
DE_1020,2026-06-03 12:15:00,0.273,valid
DE_1020,2026-06-03 12:30:00,0.233,valid
DE_1020,2026-06-03 12:45:00,0.144,valid
DE_1020,2026-06-03 13:00:00,0.218,valid
DE_1020,2026-06-03 13:15:00,0.262,valid
DE_1020,2026-06-03 13:30:00,0.236,valid
DE_1020,2026-06-03 13:45:00,0.247,valid
DE_1020,2026-06-03 14:00:00,0.251,valid
DE_1020,2026-06-03 14:15:00,0.321,valid
DE_1020,2026-06-03 14:30:00,0.251,valid
DE_1020,2026-06-03 14:45:00,0.231,valid
DE_1020,2026-06-03 15:00:00,0.274,valid
DE_1020,2026-06-03 15:15:00,0.276,valid
DE_1020,2026-06-03 15:30:00,0.188,valid
DE_1020,2026-06-03 15:45:00,0.297,valid
DE_1020,2026-06-03 16:00:00,0.278,valid
DE_1020,2026-06-03 16:15:00,0.255,valid
DE_1020,2026-06-03 16:30:00,0.251,valid
DE_1020,2026-06-03 16:45:00,0.287,valid
DE_1020,2026-06-03 17:00:00,0.199,valid
DE_1020,2026-06-03 17:15:00,0.305,valid
DE_1020,2026-06-03 17:30:00,0.369,valid
DE_1020,2026-06-03 17:45:00,0.309,valid
DE_1020,2026-06-03 18:00:00,0.287,valid
DE_1020,2026-06-03 18:15:00,0.301,valid
DE_1020,2026-06-03 18:30:00,0.35,valid
DE_1020,2026-06-03 18:45:00,0.267,valid
DE_1020,2026-06-03 19:00:00,0.324,valid
DE_1020,2026-06-03 19:15:00,0.367,valid
DE_1020,2026-06-03 19:30:00,0.316,valid
DE_1020,2026-06-03 19:45:00,0.374,valid
DE_1020,2026-06-03 20:00:00,0.411,valid
DE_1020,2026-06-03 20:15:00,0.368,valid
DE_1020,2026-06-03 20:30:00,0.361,valid
DE_1020,2026-06-03 20:45:00,0.372,valid
DE_1020,2026-06-03 21:00:00,0.405,valid
DE_1020,2026-06-03 21:15:00,0.49,valid
DE_1020,2026-06-03 21:30:00,0.384,valid
DE_1020,2026-06-03 21:45:00,0.45,valid
DE_1020,2026-06-03 22:00:00,0.42,valid
DE_1020,2026-06-03 22:15:00,0.481,valid
DE_1020,2026-06-03 22:30:00,0.453,valid
DE_1020,2026-06-03 22:45:00,0.459,valid
DE_1020,2026-06-03 23:00:00,0.409,valid
DE_1020,2026-06-03 23:15:00,0.503,valid
DE_1020,2026-06-03 23:30:00,0.535,valid
DE_1020,2026-06-03 23:45:00,0.555,valid
DE_1020,2026-06-04 00:00:00,0.521,valid
DE_1020,2026-06-04 00:15:00,0.42,valid
DE_1020,2026-06-04 00:30:00,0.475,valid
DE_1020,2026-06-04 00:45:00,0.466,valid
DE_1020,2026-06-04 01:00:00,0.475,valid
DE_1020,2026-06-04 01:15:00,0.484,valid
DE_1020,2026-06-04 01:30:00,0.483,valid
DE_1020,2026-06-04 01:45:00,0.528,valid
DE_1020,2026-06-04 02:00:00,0.394,valid
DE_1020,2026-06-04 02:15:00,0.455,valid
DE_1020,2026-06-04 02:30:00,0.349,valid
DE_1020,2026-06-04 02:45:00,0.472,valid
DE_1020,2026-06-04 03:00:00,0.375,valid
DE_1020,2026-06-04 03:15:00,0.437,valid
DE_1020,2026-06-04 03:30:00,0.54,valid
DE_1020,2026-06-04 03:45:00,0.464,valid
DE_1020,2026-06-04 04:00:00,0.49,valid
DE_1020,2026-06-04 04:15:00,0.332,valid
DE_1020,2026-06-04 04:30:00,0.395,valid
DE_1020,2026-06-04 04:45:00,0.416,valid
DE_1020,2026-06-04 05:00:00,0.327,valid
DE_1020,2026-06-04 05:15:00,0.386,valid
DE_1020,2026-06-04 05:30:00,0.345,valid
DE_1020,2026-06-04 05:45:00,0.331,valid
DE_1020,2026-06-04 06:00:00,0.312,valid
DE_1020,2026-06-04 06:15:00,0.323,valid
DE_1020,2026-06-04 06:30:00,0.293,valid
DE_1020,2026-06-04 06:45:00,0.346,valid
DE_1020,2026-06-04 07:00:00,0.417,valid
DE_1020,2026-06-04 07:15:00,0.284,valid
DE_1020,2026-06-04 07:30:00,0.279,valid
DE_1020,2026-06-04 07:45:00,0.331,valid
DE_1020,2026-06-04 08:00:00,0.339,valid
DE_1020,2026-06-04 08:15:00,0.406,valid
DE_1020,2026-06-04 08:30:00,0.378,valid
DE_1020,2026-06-04 08:45:00,0.434,valid
DE_1020,2026-06-04 09:00:00,0.323,valid
DE_1020,2026-06-04 09:15:00,0.338,valid
DE_1020,2026-06-04 09:30:00,0.274,valid
DE_1020,2026-06-04 09:45:00,0.286,valid
DE_1020,2026-06-04 10:00:00,0.262,valid
DE_1020,2026-06-04 10:15:00,0.31,valid
DE_1020,2026-06-04 10:30:00,-0.106,valid
DE_1020,2026-06-04 10:45:00,0.258,valid
DE_1020,2026-06-04 11:00:00,0.242,valid
DE_1020,2026-06-04 11:15:00,0.172,valid
DE_1020,2026-06-04 11:30:00,0.195,valid
DE_1020,2026-06-04 11:45:00,0.197,valid
DE_1020,2026-06-04 12:00:00,0.257,valid
DE_1020,2026-06-04 12:15:00,0.219,valid
DE_1020,2026-06-04 12:30:00,0.238,valid
DE_1020,2026-06-04 12:45:00,0.238,valid
DE_1020,2026-06-04 13:00:00,0.14,valid
DE_1020,2026-06-04 13:15:00,0.232,valid
DE_1020,2026-06-04 13:30:00,0.31,valid
DE_1020,2026-06-04 13:45:00,0.245,valid
DE_1020,2026-06-04 14:00:00,0.241,valid
DE_1020,2026-06-04 14:15:00,0.186,valid
DE_1020,2026-06-04 14:30:00,0.37,valid
DE_1020,2026-06-04 14:45:00,0.304,valid
DE_1020,2026-06-04 15:00:00,0.319,valid
DE_1020,2026-06-04 15:15:00,0.255,valid
DE_1020,2026-06-04 15:30:00,0.246,valid
DE_1020,2026-06-04 15:45:00,0.229,valid
DE_1020,2026-06-04 16:00:00,0.293,valid
DE_1020,2026-06-04 16:15:00,0.261,valid
DE_1020,2026-06-04 16:30:00,0.37,valid
DE_1020,2026-06-04 16:45:00,0.387,valid
DE_1020,2026-06-04 17:15:00,0.352,valid
DE_1020,2026-06-04 17:30:00,0.313,valid
DE_1020,2026-06-04 17:45:00,0.334,valid
DE_1020,2026-06-04 18:00:00,0.31,valid
DE_1020,2026-06-04 18:15:00,0.467,valid
DE_1020,2026-06-04 18:30:00,0.372,valid
DE_1020,2026-06-04 18:45:00,0.411,valid
DE_1020,2026-06-04 19:00:00,0.294,valid
DE_1020,2026-06-04 19:15:00,0.421,valid
DE_1020,2026-06-04 19:30:00,0.411,valid
DE_1020,2026-06-04 19:45:00,0.426,valid
DE_1020,2026-06-04 20:00:00,0.396,valid
DE_1020,2026-06-04 20:15:00,0.511,valid
DE_1020,2026-06-04 20:30:00,0.419,valid
DE_1020,2026-06-04 20:45:00,0.4,valid
DE_1020,2026-06-04 21:00:00,0.45,valid
DE_1020,2026-06-04 21:15:00,0.395,valid
DE_1020,2026-06-04 21:30:00,0.407,valid
DE_1020,2026-06-04 21:45:00,0.427,valid
DE_1020,2026-06-04 22:00:00,0.312,valid
DE_1020,2026-06-04 22:15:00,0.478,valid
DE_1020,2026-06-04 22:30:00,0.502,valid
DE_1020,2026-06-04 22:45:00,0.423,valid
DE_1020,2026-06-04 23:00:00,0.524,valid
DE_1020,2026-06-04 23:15:00,0.502,valid
DE_1020,2026-06-04 23:30:00,0.531,valid
DE_1020,2026-06-04 23:45:00,0.434,valid
DE_1020,2026-06-05 00:00:00,0.597,valid
DE_1020,2026-06-05 00:15:00,0.487,valid
DE_1020,2026-06-05 00:30:00,0.537,valid
DE_1020,2026-06-05 00:45:00,0.489,valid
DE_1020,2026-06-05 01:00:00,0.377,valid
DE_1020,2026-06-05 01:15:00,0.437,valid
DE_1020,2026-06-05 01:30:00,0.493,valid
DE_1020,2026-06-05 01:45:00,0.434,valid
DE_1020,2026-06-05 02:00:00,0.419,valid
DE_1020,2026-06-05 02:15:00,0.397,valid
DE_1020,2026-06-05 02:30:00,0.403,valid
DE_1020,2026-06-05 02:45:00,0.367,valid
DE_1020,2026-06-05 03:00:00,0.361,valid
DE_1020,2026-06-05 03:15:00,0.385,valid
DE_1020,2026-06-05 03:30:00,0.455,valid
DE_1020,2026-06-05 03:45:00,0.344,valid
DE_1020,2026-06-05 04:00:00,0.403,valid
DE_1020,2026-06-05 04:15:00,0.492,valid
DE_1020,2026-06-05 04:30:00,0.364,valid
DE_1020,2026-06-05 04:45:00,0.416,valid
DE_1020,2026-06-05 05:00:00,0.414,valid
DE_1020,2026-06-05 05:15:00,0.359,valid
DE_1020,2026-06-05 05:30:00,0.527,valid
DE_1020,2026-06-05 05:45:00,0.349,valid
DE_1020,2026-06-05 06:00:00,0.413,valid
DE_1020,2026-06-05 06:15:00,0.371,valid
DE_1020,2026-06-05 06:30:00,0.362,valid
DE_1020,2026-06-05 06:45:00,0.313,valid
DE_1020,2026-06-05 07:00:00,0.354,valid
DE_1020,2026-06-05 07:15:00,0.268,valid
DE_1020,2026-06-05 07:30:00,0.345,valid
DE_1020,2026-06-05 07:45:00,0.296,valid
DE_1020,2026-06-05 08:00:00,0.354,valid
DE_1020,2026-06-05 08:15:00,0.285,valid
DE_1020,2026-06-05 08:30:00,0.313,valid
DE_1020,2026-06-05 08:45:00,0.319,valid
DE_1020,2026-06-05 09:00:00,0.229,valid
DE_1020,2026-06-05 09:15:00,0.263,valid
DE_1020,2026-06-05 09:30:00,0.273,valid
DE_1020,2026-06-05 09:45:00,0.223,valid
DE_1020,2026-06-05 10:00:00,0.24,valid
DE_1020,2026-06-05 10:15:00,0.268,valid
DE_1020,2026-06-05 10:30:00,0.28,valid
DE_1020,2026-06-05 10:45:00,0.299,valid
DE_1020,2026-06-05 11:00:00,0.242,valid
DE_1020,2026-06-05 11:15:00,0.217,valid
DE_1020,2026-06-05 11:30:00,0.184,valid
DE_1020,2026-06-05 11:45:00,0.322,valid
DE_1020,2026-06-05 12:00:00,0.116,valid
DE_1020,2026-06-05 12:15:00,0.236,valid
DE_1020,2026-06-05 12:30:00,0.232,valid
DE_1020,2026-06-05 12:45:00,0.247,valid
DE_1020,2026-06-05 13:00:00,0.341,valid
DE_1020,2026-06-05 13:15:00,0.248,valid
DE_1020,2026-06-05 13:30:00,0.252,valid
DE_1020,2026-06-05 13:45:00,0.25,valid
DE_1020,2026-06-05 14:00:00,0.292,valid
DE_1020,2026-06-05 14:15:00,0.21,valid
DE_1020,2026-06-05 14:30:00,0.314,valid
DE_1020,2026-06-05 14:45:00,0.233,valid
DE_1020,2026-06-05 15:00:00,0.194,valid
DE_1020,2026-06-05 15:15:00,0.33,valid
DE_1020,2026-06-05 15:30:00,0.259,valid
DE_1020,2026-06-05 15:45:00,0.342,valid
DE_1020,2026-06-05 16:00:00,0.315,valid
DE_1020,2026-06-05 16:15:00,0.325,valid
DE_1020,2026-06-05 16:30:00,0.277,valid
DE_1020,2026-06-05 16:45:00,0.343,valid
DE_1020,2026-06-05 17:00:00,0.343,valid
DE_1020,2026-06-05 17:15:00,0.335,valid
DE_1020,2026-06-05 17:30:00,0.327,valid
DE_1020,2026-06-05 17:45:00,0.319,valid
DE_1020,2026-06-05 18:00:00,0.294,valid
DE_1020,2026-06-05 18:15:00,0.335,valid
DE_1020,2026-06-05 18:30:00,0.461,valid
DE_1020,2026-06-05 18:45:00,0.423,valid
DE_1020,2026-06-05 19:00:00,0.401,valid
DE_1020,2026-06-05 19:15:00,0.308,valid
DE_1020,2026-06-05 19:30:00,0.378,valid
DE_1020,2026-06-05 19:45:00,0.375,valid
DE_1020,2026-06-05 20:00:00,0.412,valid
DE_1020,2026-06-05 20:15:00,0.424,valid
DE_1020,2026-06-05 20:30:00,0.448,valid
DE_1020,2026-06-05 20:45:00,0.395,valid
DE_1020,2026-06-05 21:00:00,0.388,valid
DE_1020,2026-06-05 21:15:00,0.339,valid
DE_1020,2026-06-05 21:30:00,0.384,valid
DE_1020,2026-06-05 21:45:00,0.476,valid
DE_1020,2026-06-05 22:00:00,0.552,valid
DE_1020,2026-06-05 22:15:00,0.477,valid
DE_1020,2026-06-05 22:30:00,0.443,valid
DE_1020,2026-06-05 22:45:00,0.462,valid
DE_1020,2026-06-05 23:00:00,0.346,valid
DE_1020,2026-06-05 23:15:00,0.401,valid
DE_1020,2026-06-05 23:30:00,0.405,valid
DE_1020,2026-06-05 23:45:00,0.414,valid
DE_1020,2026-06-06 00:00:00,0.511,valid
DE_1020,2026-06-06 00:15:00,0.529,valid
DE_1020,2026-06-06 00:30:00,0.377,valid
DE_1020,2026-06-06 00:45:00,0.6,valid
DE_1020,2026-06-06 01:00:00,0.527,valid
DE_1020,2026-06-06 01:15:00,0.517,valid
DE_1020,2026-06-06 01:30:00,0.429,valid
DE_1020,2026-06-06 01:45:00,0.434,valid
DE_1020,2026-06-06 02:00:00,0.47,valid
DE_1020,2026-06-06 02:15:00,0.414,valid
DE_1020,2026-06-06 02:30:00,0.513,valid
DE_1020,2026-06-06 02:45:00,0.477,valid
DE_1020,2026-06-06 03:00:00,0.42,valid
DE_1020,2026-06-06 03:15:00,0.497,valid
DE_1020,2026-06-06 03:30:00,0.418,valid
DE_1020,2026-06-06 03:45:00,0.404,valid
DE_1020,2026-06-06 04:00:00,0.34,valid
DE_1020,2026-06-06 04:15:00,0.353,valid
DE_1020,2026-06-06 04:30:00,0.496,valid
DE_1020,2026-06-06 04:45:00,0.42,valid
DE_1020,2026-06-06 05:07:00,0.336,valid
DE_1020,2026-06-06 05:15:00,0.309,valid
DE_1020,2026-06-06 05:30:00,0.392,valid
DE_1020,2026-06-06 05:45:00,0.331,valid
DE_1020,2026-06-06 06:00:00,0.308,valid
DE_1020,2026-06-06 06:15:00,0.348,valid
DE_1020,2026-06-06 06:30:00,0.336,valid
DE_1020,2026-06-06 06:45:00,0.301,valid
DE_1020,2026-06-06 07:15:00,0.291,valid
DE_1020,2026-06-06 07:30:00,0.368,valid
DE_1020,2026-06-06 07:45:00,0.321,valid
DE_1020,2026-06-06 08:00:00,0.283,valid
DE_1020,2026-06-06 08:15:00,0.333,valid
DE_1020,2026-06-06 08:30:00,0.317,valid
DE_1020,2026-06-06 08:45:00,0.323,valid
DE_1020,2026-06-06 09:00:00,0.333,valid
DE_1020,2026-06-06 09:15:00,0.307,valid
DE_1020,2026-06-06 09:30:00,0.293,valid
DE_1020,2026-06-06 09:45:00,0.291,valid
DE_1020,2026-06-06 10:00:00,0.223,valid
DE_1020,2026-06-06 10:15:00,0.259,valid
DE_1020,2026-06-06 10:30:00,0.327,valid
DE_1020,2026-06-06 10:45:00,0.288,valid
DE_1020,2026-06-06 11:00:00,0.2,valid
DE_1020,2026-06-06 11:15:00,0.164,valid
DE_1020,2026-06-06 11:37:00,0.215,valid
DE_1020,2026-06-06 11:45:00,0.173,valid
DE_1020,2026-06-06 12:00:00,0.252,valid
DE_1020,2026-06-06 12:15:00,0.25,valid
DE_1020,2026-06-06 12:30:00,0.259,valid
DE_1020,2026-06-06 12:45:00,0.178,valid
DE_1020,2026-06-06 13:00:00,0.125,valid
DE_1020,2026-06-06 13:15:00,0.163,valid
DE_1020,2026-06-06 13:30:00,0.239,valid
DE_1020,2026-06-06 13:45:00,0.28,valid
DE_1020,2026-06-06 14:00:00,0.279,valid
DE_1020,2026-06-06 14:15:00,0.256,valid
DE_1020,2026-06-06 14:30:00,0.257,valid
DE_1020,2026-06-06 14:45:00,0.267,valid
DE_1020,2026-06-06 15:00:00,0.371,valid
DE_1020,2026-06-06 15:15:00,0.294,valid
DE_1020,2026-06-06 15:30:00,0.275,valid
DE_1020,2026-06-06 15:45:00,0.307,valid
DE_1020,2026-06-06 16:00:00,0.227,valid
DE_1020,2026-06-06 16:15:00,0.301,valid
DE_1020,2026-06-06 16:30:00,0.237,valid
DE_1020,2026-06-06 16:45:00,0.347,valid
DE_1020,2026-06-06 17:00:00,0.313,valid
DE_1020,2026-06-06 17:15:00,0.349,valid
DE_1020,2026-06-06 17:30:00,0.264,valid
DE_1020,2026-06-06 17:45:00,0.44,valid
DE_1020,2026-06-06 18:00:00,0.312,valid
DE_1020,2026-06-06 18:15:00,0.37,valid
DE_1020,2026-06-06 18:30:00,0.406,valid
DE_1020,2026-06-06 18:45:00,0.317,valid
DE_1020,2026-06-06 19:00:00,0.373,valid
DE_1020,2026-06-06 19:15:00,0.369,valid
DE_1020,2026-06-06 19:30:00,0.401,valid
DE_1020,2026-06-06 19:45:00,0.253,valid
DE_1020,2026-06-06 20:00:00,0.35,valid
DE_1020,2026-06-06 20:15:00,0.429,valid
DE_1020,2026-06-06 20:30:00,0.428,valid
DE_1020,2026-06-06 20:45:00,0.398,valid
DE_1020,2026-06-06 21:00:00,0.453,valid
DE_1020,2026-06-06 21:15:00,0.4,valid
DE_1020,2026-06-06 21:30:00,0.325,valid
DE_1020,2026-06-06 21:45:00,0.349,valid
DE_1020,2026-06-06 22:00:00,0.517,valid
DE_1020,2026-06-06 22:15:00,0.406,valid
DE_1020,2026-06-06 22:30:00,0.375,valid
DE_1020,2026-06-06 22:45:00,0.492,valid
DE_1020,2026-06-06 23:00:00,0.422,valid
DE_1020,2026-06-06 23:15:00,0.417,valid
DE_1020,2026-06-06 23:30:00,0.49,valid
DE_1020,2026-06-06 23:45:00,0.429,valid
DE_1020,2026-06-07 00:00:00,0.557,valid
DE_1020,2026-06-07 00:15:00,0.501,valid
DE_1020,2026-06-07 00:30:00,0.527,valid
DE_1020,2026-06-07 00:45:00,0.447,valid
DE_1020,2026-06-07 01:00:00,0.486,valid
DE_1020,2026-06-07 01:15:00,0.519,valid
DE_1020,2026-06-07 01:30:00,0.431,valid
DE_1020,2026-06-07 01:45:00,0.406,valid
DE_1020,2026-06-07 02:00:00,0.389,valid
DE_1020,2026-06-07 02:15:00,0.448,valid
DE_1020,2026-06-07 02:30:00,0.572,valid
DE_1020,2026-06-07 02:45:00,0.348,valid
DE_1020,2026-06-07 03:15:00,0.38,valid
DE_1020,2026-06-07 03:30:00,0.313,valid
DE_1020,2026-06-07 03:45:00,0.474,valid
DE_1020,2026-06-07 04:00:00,0.417,valid
DE_1020,2026-06-07 04:15:00,0.348,valid
DE_1020,2026-06-07 04:30:00,0.388,valid
DE_1020,2026-06-07 04:45:00,0.338,valid
DE_1020,2026-06-07 05:00:00,0.294,valid
DE_1020,2026-06-07 05:15:00,0.355,valid
DE_1020,2026-06-07 05:30:00,0.418,valid
DE_1020,2026-06-07 05:45:00,0.387,valid
DE_1020,2026-06-07 06:00:00,0.291,valid
DE_1020,2026-06-07 06:15:00,0.389,valid
DE_1020,2026-06-07 06:30:00,0.365,valid
DE_1020,2026-06-07 06:45:00,0.295,valid
DE_1020,2026-06-07 07:00:00,0.408,valid
DE_1020,2026-06-07 07:15:00,0.245,valid
DE_1020,2026-06-07 07:30:00,0.384,valid
DE_1020,2026-06-07 07:45:00,0.29,valid
DE_1020,2026-06-07 08:00:00,0.305,valid
DE_1020,2026-06-07 08:30:00,0.254,valid
DE_1020,2026-06-07 08:45:00,0.27,valid
DE_1020,2026-06-07 09:00:00,0.252,valid
DE_1020,2026-06-07 09:15:00,0.344,valid
DE_1020,2026-06-07 09:30:00,0.31,valid
DE_1020,2026-06-07 09:45:00,0.284,valid
DE_1020,2026-06-07 10:00:00,0.282,valid
DE_1020,2026-06-07 10:15:00,0.228,valid
DE_1020,2026-06-07 10:30:00,0.244,valid
DE_1020,2026-06-07 10:45:00,0.311,valid
DE_1020,2026-06-07 11:00:00,0.344,valid
DE_1020,2026-06-07 11:15:00,0.256,valid
DE_1020,2026-06-07 11:30:00,0.177,valid
DE_1020,2026-06-07 11:45:00,0.241,valid
DE_1020,2026-06-07 12:00:00,0.086,valid
DE_1020,2026-06-07 12:15:00,0.254,valid
DE_1020,2026-06-07 12:30:00,0.213,valid
DE_1020,2026-06-07 12:45:00,0.162,valid
DE_1020,2026-06-07 13:00:00,0.25,valid
DE_1020,2026-06-07 13:15:00,0.167,valid
DE_1020,2026-06-07 13:30:00,0.174,valid
DE_1020,2026-06-07 13:45:00,0.254,valid
DE_1020,2026-06-07 14:00:00,0.335,valid
DE_1020,2026-06-07 14:15:00,0.224,valid
DE_1020,2026-06-07 14:30:00,0.223,valid
DE_1020,2026-06-07 14:45:00,0.217,valid
DE_1020,2026-06-07 15:00:00,0.262,valid
DE_1020,2026-06-07 15:15:00,0.265,valid
DE_1020,2026-06-07 15:30:00,0.31,valid
DE_1020,2026-06-07 15:45:00,0.273,valid
DE_1020,2026-06-07 16:00:00,0.278,valid
DE_1020,2026-06-07 16:15:00,0.265,valid
DE_1020,2026-06-07 16:30:00,0.327,valid
DE_1020,2026-06-07 16:45:00,0.324,valid
DE_1020,2026-06-07 17:00:00,0.389,valid
DE_1020,2026-06-07 17:15:00,0.321,valid
DE_1020,2026-06-07 17:30:00,0.295,valid
DE_1020,2026-06-07 17:45:00,0.38,valid
DE_1020,2026-06-07 18:00:00,0.373,valid
DE_1020,2026-06-07 18:15:00,0.422,valid
DE_1020,2026-06-07 18:30:00,0.413,valid
DE_1020,2026-06-07 18:45:00,0.385,valid
DE_1020,2026-06-07 19:00:00,0.385,valid
DE_1020,2026-06-07 19:15:00,0.372,valid
DE_1020,2026-06-07 19:30:00,0.432,valid
DE_1020,2026-06-07 19:45:00,0.436,valid
DE_1020,2026-06-07 20:00:00,0.396,valid
DE_1020,2026-06-07 20:15:00,0.473,valid
DE_1020,2026-06-07 20:30:00,0.376,valid
DE_1020,2026-06-07 20:45:00,0.354,valid
DE_1020,2026-06-07 21:00:00,-0.915,valid
DE_1020,2026-06-07 21:15:00,0.406,valid
DE_1020,2026-06-07 21:30:00,0.437,valid
DE_1020,2026-06-07 21:45:00,0.444,valid
DE_1020,2026-06-07 22:00:00,0.489,valid
DE_1020,2026-06-07 22:15:00,0.432,valid
DE_1020,2026-06-07 22:30:00,0.389,valid
DE_1020,2026-06-07 22:45:00,0.433,valid
DE_1020,2026-06-07 23:00:00,0.605,valid
DE_1020,2026-06-07 23:15:00,0.535,valid
DE_1020,2026-06-07 23:30:00,0.543,valid
DE_1020,2026-06-07 23:45:00,0.405,valid
DE_1021,2026-06-01 00:00:00,0.537,valid
DE_1021,2026-06-01 00:15:00,0.501,valid
DE_1021,2026-06-01 00:30:00,0.516,valid
DE_1021,2026-06-01 00:45:00,0.413,valid
DE_1021,2026-06-01 01:00:00,0.597,valid
DE_1021,2026-06-01 01:15:00,0.431,valid
DE_1021,2026-06-01 01:30:00,0.516,valid
DE_1021,2026-06-01 01:45:00,0.511,valid
DE_1021,2026-06-01 02:00:00,0.512,valid
DE_1021,2026-06-01 02:15:00,0.509,valid
DE_1021,2026-06-01 02:30:00,0.46,valid
DE_1021,2026-06-01 02:45:00,0.395,valid
DE_1021,2026-06-01 03:00:00,0.478,valid
DE_1021,2026-06-01 03:15:00,0.477,valid
DE_1021,2026-06-01 03:30:00,0.421,valid
DE_1021,2026-06-01 03:45:00,0.446,valid
DE_1021,2026-06-01 04:00:00,0.411,valid
DE_1021,2026-06-01 04:15:00,0.355,valid
DE_1021,2026-06-01 04:30:00,0.375,valid
DE_1021,2026-06-01 04:45:00,0.421,valid
DE_1021,2026-06-01 05:00:00,0.451,valid
DE_1021,2026-06-01 05:15:00,0.348,valid
DE_1021,2026-06-01 05:30:00,0.434,valid
DE_1021,2026-06-01 05:45:00,0.338,valid
DE_1021,2026-06-01 06:00:00,0.434,valid
DE_1021,2026-06-01 06:15:00,0.334,valid
DE_1021,2026-06-01 06:30:00,0.38,valid
DE_1021,2026-06-01 06:45:00,0.349,valid
DE_1021,2026-06-01 07:00:00,0.292,valid
DE_1021,2026-06-01 07:15:00,0.376,valid
DE_1021,2026-06-01 07:30:00,0.313,valid
DE_1021,2026-06-01 07:45:00,0.294,valid
DE_1021,2026-06-01 08:00:00,0.384,valid
DE_1021,2026-06-01 08:15:00,0.295,valid
DE_1021,2026-06-01 08:30:00,0.273,valid
DE_1021,2026-06-01 09:00:00,0.21,valid
DE_1021,2026-06-01 09:15:00,0.329,valid
DE_1021,2026-06-01 09:30:00,0.323,valid
DE_1021,2026-06-01 09:45:00,0.311,valid
DE_1021,2026-06-01 10:00:00,0.263,valid
DE_1021,2026-06-01 10:15:00,0.218,valid
DE_1021,2026-06-01 10:30:00,0.276,valid
DE_1021,2026-06-01 10:45:00,0.316,valid
DE_1021,2026-06-01 11:00:00,0.237,valid
DE_1021,2026-06-01 11:15:00,0.143,valid
DE_1021,2026-06-01 11:30:00,0.369,valid
DE_1021,2026-06-01 11:45:00,0.289,valid
DE_1021,2026-06-01 12:00:00,0.211,valid
DE_1021,2026-06-01 12:15:00,0.272,valid
DE_1021,2026-06-01 12:30:00,0.25,valid
DE_1021,2026-06-01 12:45:00,0.17,valid
DE_1021,2026-06-01 13:00:00,0.231,valid
DE_1021,2026-06-01 13:15:00,0.176,valid
DE_1021,2026-06-01 13:30:00,0.204,valid
DE_1021,2026-06-01 13:45:00,0.199,valid
DE_1021,2026-06-01 14:00:00,0.303,valid
DE_1021,2026-06-01 14:22:00,0.264,valid
DE_1021,2026-06-01 14:30:00,0.297,valid
DE_1021,2026-06-01 14:45:00,0.251,valid
DE_1021,2026-06-01 15:00:00,0.391,valid
DE_1021,2026-06-01 15:15:00,0.266,valid
DE_1021,2026-06-01 15:30:00,0.244,valid
DE_1021,2026-06-01 15:45:00,0.233,valid
DE_1021,2026-06-01 16:00:00,0.369,valid
DE_1021,2026-06-01 16:15:00,0.187,valid
DE_1021,2026-06-01 16:30:00,0.314,valid
DE_1021,2026-06-01 16:45:00,0.284,valid
DE_1021,2026-06-01 17:00:00,0.362,valid
DE_1021,2026-06-01 17:15:00,0.269,valid
DE_1021,2026-06-01 17:30:00,0.302,valid
DE_1021,2026-06-01 17:45:00,0.316,valid
DE_1021,2026-06-01 18:00:00,0.388,valid
DE_1021,2026-06-01 18:15:00,0.394,valid
DE_1021,2026-06-01 18:30:00,0.43,valid
DE_1021,2026-06-01 18:45:00,0.348,valid
DE_1021,2026-06-01 19:00:00,0.337,valid
DE_1021,2026-06-01 19:15:00,0.434,valid
DE_1021,2026-06-01 19:30:00,0.468,valid
DE_1021,2026-06-01 19:45:00,0.394,valid
DE_1021,2026-06-01 20:00:00,0.382,valid
DE_1021,2026-06-01 20:15:00,0.439,valid
DE_1021,2026-06-01 20:30:00,0.418,valid
DE_1021,2026-06-01 20:45:00,0.363,valid
DE_1021,2026-06-01 21:00:00,0.436,valid
DE_1021,2026-06-01 21:30:00,0.385,valid
DE_1021,2026-06-01 21:45:00,0.548,valid
DE_1021,2026-06-01 22:00:00,0.475,valid
DE_1021,2026-06-01 22:15:00,0.479,valid
DE_1021,2026-06-01 22:30:00,0.429,valid
DE_1021,2026-06-01 22:45:00,0.47,valid
DE_1021,2026-06-01 23:00:00,0.447,valid
DE_1021,2026-06-01 23:15:00,0.519,valid
DE_1021,2026-06-01 23:30:00,0.53,valid
DE_1021,2026-06-01 23:45:00,0.503,valid
DE_1021,2026-06-02 00:00:00,0.538,valid
DE_1021,2026-06-02 00:15:00,0.52,valid
DE_1021,2026-06-02 00:30:00,0.497,valid
DE_1021,2026-06-02 00:45:00,0.51,valid
DE_1021,2026-06-02 01:00:00,0.519,valid
DE_1021,2026-06-02 01:15:00,0.47,valid
DE_1021,2026-06-02 01:30:00,0.451,valid
DE_1021,2026-06-02 01:45:00,0.377,valid
DE_1021,2026-06-02 02:00:00,0.512,valid
DE_1021,2026-06-02 02:15:00,0.422,valid
DE_1021,2026-06-02 02:30:00,0.478,valid
DE_1021,2026-06-02 02:45:00,0.412,valid
DE_1021,2026-06-02 03:00:00,0.457,valid
DE_1021,2026-06-02 03:15:00,0.447,valid
DE_1021,2026-06-02 03:30:00,0.372,valid
DE_1021,2026-06-02 03:45:00,0.516,valid
DE_1021,2026-06-02 04:00:00,0.414,valid
DE_1021,2026-06-02 04:15:00,0.431,valid
DE_1021,2026-06-02 04:30:00,0.411,valid
DE_1021,2026-06-02 04:45:00,0.366,valid
DE_1021,2026-06-02 05:00:00,0.359,valid
DE_1021,2026-06-02 05:15:00,0.47,valid
DE_1021,2026-06-02 05:30:00,0.316,valid
DE_1021,2026-06-02 05:45:00,0.356,valid
DE_1021,2026-06-02 06:00:00,0.408,valid
DE_1021,2026-06-02 06:15:00,0.279,valid
DE_1021,2026-06-02 06:30:00,0.287,valid
DE_1021,2026-06-02 06:45:00,0.33,valid
DE_1021,2026-06-02 07:15:00,0.286,valid
DE_1021,2026-06-02 07:30:00,0.285,valid
DE_1021,2026-06-02 07:45:00,0.311,valid
DE_1021,2026-06-02 08:00:00,0.366,valid
DE_1021,2026-06-02 08:15:00,0.249,valid
DE_1021,2026-06-02 08:30:00,0.408,valid
DE_1021,2026-06-02 08:45:00,0.328,valid
DE_1021,2026-06-02 09:00:00,0.211,valid
DE_1021,2026-06-02 09:15:00,0.31,valid
DE_1021,2026-06-02 09:30:00,0.273,valid
DE_1021,2026-06-02 09:45:00,0.291,valid
DE_1021,2026-06-02 10:00:00,0.361,valid
DE_1021,2026-06-02 10:15:00,0.301,valid
DE_1021,2026-06-02 10:30:00,0.23,valid
DE_1021,2026-06-02 10:45:00,0.237,valid
DE_1021,2026-06-02 11:00:00,0.169,valid
DE_1021,2026-06-02 11:15:00,0.233,valid
DE_1021,2026-06-02 11:30:00,0.185,valid
DE_1021,2026-06-02 11:45:00,0.273,valid
DE_1021,2026-06-02 12:00:00,0.194,valid
DE_1021,2026-06-02 12:15:00,0.267,valid
DE_1021,2026-06-02 12:30:00,0.118,valid
DE_1021,2026-06-02 12:45:00,0.167,valid
DE_1021,2026-06-02 13:00:00,0.251,valid
DE_1021,2026-06-02 13:15:00,0.24,valid
DE_1021,2026-06-02 13:30:00,0.186,valid
DE_1021,2026-06-02 13:45:00,0.173,valid
DE_1021,2026-06-02 14:00:00,0.297,valid
DE_1021,2026-06-02 14:15:00,0.198,valid
DE_1021,2026-06-02 14:30:00,0.285,valid
DE_1021,2026-06-02 14:45:00,0.254,valid
DE_1021,2026-06-02 15:00:00,0.267,valid
DE_1021,2026-06-02 15:15:00,0.246,valid
DE_1021,2026-06-02 15:30:00,0.371,valid
DE_1021,2026-06-02 15:45:00,0.249,valid
DE_1021,2026-06-02 16:00:00,0.149,valid
DE_1021,2026-06-02 16:15:00,0.291,valid
DE_1021,2026-06-02 16:30:00,0.361,valid
DE_1021,2026-06-02 16:45:00,0.302,valid
DE_1021,2026-06-02 17:00:00,0.312,valid
DE_1021,2026-06-02 17:15:00,0.413,valid
DE_1021,2026-06-02 17:30:00,0.33,valid
DE_1021,2026-06-02 17:45:00,0.293,valid
DE_1021,2026-06-02 18:00:00,0.333,valid
DE_1021,2026-06-02 18:15:00,0.345,valid
DE_1021,2026-06-02 18:30:00,0.368,valid
DE_1021,2026-06-02 18:45:00,0.422,valid
DE_1021,2026-06-02 19:00:00,0.397,valid
DE_1021,2026-06-02 19:30:00,0.347,valid
DE_1021,2026-06-02 19:45:00,0.417,valid
DE_1021,2026-06-02 20:00:00,0.307,valid
DE_1021,2026-06-02 20:15:00,0.341,valid
DE_1021,2026-06-02 20:30:00,0.391,valid
DE_1021,2026-06-02 20:45:00,0.437,valid
DE_1021,2026-06-02 21:00:00,0.441,valid
DE_1021,2026-06-02 21:15:00,0.405,valid
DE_1021,2026-06-02 21:30:00,0.362,valid
DE_1021,2026-06-02 21:45:00,0.46,valid
DE_1021,2026-06-02 22:00:00,0.312,valid
DE_1021,2026-06-02 22:15:00,0.452,valid
DE_1021,2026-06-02 22:30:00,0.423,valid
DE_1021,2026-06-02 22:45:00,0.468,valid
DE_1021,2026-06-02 23:00:00,0.475,valid
DE_1021,2026-06-02 23:15:00,0.501,valid
DE_1021,2026-06-02 23:30:00,0.504,valid
DE_1021,2026-06-02 23:45:00,0.541,valid
DE_1021,2026-06-03 00:00:00,0.554,valid
DE_1021,2026-06-03 00:15:00,0.551,valid
DE_1021,2026-06-03 00:30:00,0.51,valid
DE_1021,2026-06-03 00:45:00,0.511,valid
DE_1021,2026-06-03 01:00:00,0.558,valid
DE_1021,2026-06-03 01:15:00,0.474,valid
DE_1021,2026-06-03 01:30:00,0.466,valid
DE_1021,2026-06-03 01:45:00,0.4,valid
DE_1021,2026-06-03 02:00:00,0.474,valid
DE_1021,2026-06-03 02:15:00,0.476,valid
DE_1021,2026-06-03 02:30:00,0.513,valid
DE_1021,2026-06-03 02:45:00,0.434,valid
DE_1021,2026-06-03 03:00:00,0.379,valid
DE_1021,2026-06-03 03:15:00,0.36,valid
DE_1021,2026-06-03 03:30:00,0.429,valid
DE_1021,2026-06-03 03:45:00,0.418,valid
DE_1021,2026-06-03 04:00:00,0.427,valid
DE_1021,2026-06-03 04:15:00,0.421,valid
DE_1021,2026-06-03 04:30:00,0.449,valid
DE_1021,2026-06-03 04:45:00,0.463,valid
DE_1021,2026-06-03 05:00:00,0.397,valid
DE_1021,2026-06-03 05:15:00,0.277,valid
DE_1021,2026-06-03 05:30:00,0.352,valid
DE_1021,2026-06-03 05:45:00,0.421,valid
DE_1021,2026-06-03 06:00:00,0.309,valid
DE_1021,2026-06-03 06:15:00,0.286,valid
DE_1021,2026-06-03 06:30:00,0.319,valid
DE_1021,2026-06-03 06:45:00,0.362,valid
DE_1021,2026-06-03 07:00:00,0.303,valid
DE_1021,2026-06-03 07:15:00,0.299,valid
DE_1021,2026-06-03 07:30:00,0.264,valid
DE_1021,2026-06-03 07:45:00,0.406,valid
DE_1021,2026-06-03 08:00:00,0.346,valid
DE_1021,2026-06-03 08:15:00,0.243,valid
DE_1021,2026-06-03 08:30:00,0.178,valid
DE_1021,2026-06-03 08:45:00,0.308,valid
DE_1021,2026-06-03 09:00:00,0.24,valid
DE_1021,2026-06-03 09:15:00,0.29,valid
DE_1021,2026-06-03 09:30:00,0.248,valid
DE_1021,2026-06-03 09:45:00,0.287,valid
DE_1021,2026-06-03 10:00:00,0.269,valid
DE_1021,2026-06-03 10:15:00,0.157,valid
DE_1021,2026-06-03 10:30:00,0.249,valid
DE_1021,2026-06-03 10:45:00,0.189,valid
DE_1021,2026-06-03 11:00:00,0.232,valid
DE_1021,2026-06-03 11:15:00,0.248,valid
DE_1021,2026-06-03 11:30:00,0.216,valid
DE_1021,2026-06-03 11:45:00,0.265,valid
DE_1021,2026-06-03 12:00:00,0.238,valid
DE_1021,2026-06-03 12:30:00,0.116,valid
DE_1021,2026-06-03 12:45:00,0.214,valid
DE_1021,2026-06-03 13:00:00,0.275,valid
DE_1021,2026-06-03 13:15:00,0.247,valid
DE_1021,2026-06-03 13:30:00,0.213,valid
DE_1021,2026-06-03 13:45:00,0.259,valid
DE_1021,2026-06-03 14:00:00,0.28,valid
DE_1021,2026-06-03 14:15:00,0.345,valid
DE_1021,2026-06-03 14:30:00,0.319,valid
DE_1021,2026-06-03 14:45:00,0.141,valid
DE_1021,2026-06-03 15:00:00,0.268,valid
DE_1021,2026-06-03 15:15:00,0.332,valid
DE_1021,2026-06-03 15:30:00,0.25,valid
DE_1021,2026-06-03 15:45:00,0.285,valid
DE_1021,2026-06-03 16:00:00,0.314,valid
DE_1021,2026-06-03 16:15:00,0.229,valid
DE_1021,2026-06-03 16:30:00,0.19,valid
DE_1021,2026-06-03 16:45:00,0.397,valid
DE_1021,2026-06-03 17:00:00,0.257,valid
DE_1021,2026-06-03 17:15:00,0.302,valid
DE_1021,2026-06-03 17:30:00,0.349,valid
DE_1021,2026-06-03 17:45:00,0.356,valid
DE_1021,2026-06-03 18:00:00,0.324,valid
DE_1021,2026-06-03 18:15:00,0.378,valid
DE_1021,2026-06-03 18:30:00,0.431,valid
DE_1021,2026-06-03 18:45:00,0.408,valid
DE_1021,2026-06-03 19:00:00,0.332,valid
DE_1021,2026-06-03 19:15:00,0.371,valid
DE_1021,2026-06-03 19:30:00,0.36,valid
DE_1021,2026-06-03 19:45:00,0.385,valid
DE_1021,2026-06-03 20:00:00,0.423,valid
DE_1021,2026-06-03 20:15:00,0.394,valid
DE_1021,2026-06-03 20:30:00,0.431,valid
DE_1021,2026-06-03 20:45:00,0.377,valid
DE_1021,2026-06-03 21:00:00,0.43,valid
DE_1021,2026-06-03 21:15:00,0.551,valid
DE_1021,2026-06-03 21:30:00,0.514,valid
DE_1021,2026-06-03 21:45:00,0.384,valid
DE_1021,2026-06-03 22:00:00,0.349,valid
DE_1021,2026-06-03 22:15:00,0.399,valid
DE_1021,2026-06-03 22:30:00,0.512,valid
DE_1021,2026-06-03 22:45:00,0.417,valid
DE_1021,2026-06-03 23:00:00,0.479,valid
DE_1021,2026-06-03 23:15:00,0.474,valid
DE_1021,2026-06-03 23:30:00,0.518,valid
DE_1021,2026-06-03 23:45:00,0.464,valid
DE_1021,2026-06-04 00:00:00,0.476,valid
DE_1021,2026-06-04 00:15:00,0.441,valid
DE_1021,2026-06-04 00:30:00,0.498,valid
DE_1021,2026-06-04 00:45:00,0.499,valid
DE_1021,2026-06-04 01:00:00,0.483,valid
DE_1021,2026-06-04 01:15:00,0.497,valid
DE_1021,2026-06-04 01:30:00,0.446,valid
DE_1021,2026-06-04 01:45:00,0.555,valid
DE_1021,2026-06-04 02:00:00,0.449,valid
DE_1021,2026-06-04 02:15:00,0.54,valid
DE_1021,2026-06-04 02:30:00,0.39,valid
DE_1021,2026-06-04 02:45:00,0.414,valid
DE_1021,2026-06-04 03:00:00,0.364,valid
DE_1021,2026-06-04 03:15:00,0.314,valid
DE_1021,2026-06-04 03:30:00,0.382,valid
DE_1021,2026-06-04 03:45:00,0.406,valid
DE_1021,2026-06-04 04:00:00,0.349,valid
DE_1021,2026-06-04 04:15:00,0.448,valid
DE_1021,2026-06-04 04:30:00,0.434,valid
DE_1021,2026-06-04 04:45:00,0.372,valid
DE_1021,2026-06-04 05:00:00,0.404,valid
DE_1021,2026-06-04 05:15:00,0.338,valid
DE_1021,2026-06-04 05:30:00,0.378,valid
DE_1021,2026-06-04 05:45:00,0.313,valid
DE_1021,2026-06-04 06:00:00,0.297,valid
DE_1021,2026-06-04 06:15:00,0.352,valid
DE_1021,2026-06-04 06:30:00,0.279,valid
DE_1021,2026-06-04 06:45:00,0.321,valid
DE_1021,2026-06-04 07:00:00,0.41,valid
DE_1021,2026-06-04 07:15:00,0.389,valid
DE_1021,2026-06-04 07:30:00,0.337,valid
DE_1021,2026-06-04 07:45:00,0.425,valid
DE_1021,2026-06-04 08:00:00,0.314,valid
DE_1021,2026-06-04 08:15:00,0.35,valid
DE_1021,2026-06-04 08:30:00,0.319,valid
DE_1021,2026-06-04 08:45:00,0.3,valid
DE_1021,2026-06-04 09:00:00,0.218,valid
DE_1021,2026-06-04 09:15:00,0.151,valid
DE_1021,2026-06-04 09:30:00,0.25,valid
DE_1021,2026-06-04 09:45:00,0.285,valid
DE_1021,2026-06-04 10:00:00,0.247,valid
DE_1021,2026-06-04 10:15:00,0.215,valid
DE_1021,2026-06-04 10:30:00,0.282,valid
DE_1021,2026-06-04 10:45:00,0.272,valid
DE_1021,2026-06-04 11:00:00,0.27,valid
DE_1021,2026-06-04 11:15:00,0.2,valid
DE_1021,2026-06-04 11:30:00,0.297,valid
DE_1021,2026-06-04 11:45:00,0.221,valid
DE_1021,2026-06-04 12:00:00,0.281,valid
DE_1021,2026-06-04 12:30:00,0.294,valid
DE_1021,2026-06-04 12:45:00,0.263,valid
DE_1021,2026-06-04 13:00:00,0.208,valid
DE_1021,2026-06-04 13:15:00,0.211,valid
DE_1021,2026-06-04 13:30:00,0.225,valid
DE_1021,2026-06-04 13:45:00,0.293,valid
DE_1021,2026-06-04 14:00:00,0.247,valid
DE_1021,2026-06-04 14:15:00,0.132,valid
DE_1021,2026-06-04 14:30:00,0.253,valid
DE_1021,2026-06-04 14:45:00,0.307,valid
DE_1021,2026-06-04 15:00:00,0.27,valid
DE_1021,2026-06-04 15:15:00,0.305,valid
DE_1021,2026-06-04 15:30:00,0.279,valid
DE_1021,2026-06-04 15:45:00,0.194,valid
DE_1021,2026-06-04 16:00:00,0.352,valid
DE_1021,2026-06-04 16:15:00,0.274,valid
DE_1021,2026-06-04 16:30:00,0.389,valid
DE_1021,2026-06-04 16:45:00,0.296,valid
DE_1021,2026-06-04 17:00:00,0.342,valid
DE_1021,2026-06-04 17:15:00,0.31,valid
DE_1021,2026-06-04 17:30:00,0.289,valid
DE_1021,2026-06-04 17:45:00,0.324,valid
DE_1021,2026-06-04 18:00:00,0.349,valid
DE_1021,2026-06-04 18:15:00,0.35,valid
DE_1021,2026-06-04 18:30:00,0.311,valid
DE_1021,2026-06-04 18:45:00,0.24,valid
DE_1021,2026-06-04 19:00:00,0.376,valid
DE_1021,2026-06-04 19:15:00,0.311,valid
DE_1021,2026-06-04 19:30:00,0.417,valid
DE_1021,2026-06-04 19:45:00,0.445,valid
DE_1021,2026-06-04 20:00:00,0.465,valid
DE_1021,2026-06-04 20:15:00,0.392,valid
DE_1021,2026-06-04 20:30:00,0.384,valid
DE_1021,2026-06-04 20:45:00,0.372,valid
DE_1021,2026-06-04 21:00:00,0.441,valid
DE_1021,2026-06-04 21:15:00,0.392,valid
DE_1021,2026-06-04 21:30:00,0.455,valid
DE_1021,2026-06-04 21:45:00,0.434,valid
DE_1021,2026-06-04 22:00:00,0.465,valid
DE_1021,2026-06-04 22:15:00,0.421,valid
DE_1021,2026-06-04 22:30:00,0.445,valid
DE_1021,2026-06-04 22:45:00,0.467,valid
DE_1021,2026-06-04 23:00:00,0.409,valid
DE_1021,2026-06-04 23:15:00,0.497,valid
DE_1021,2026-06-04 23:30:00,0.554,valid
DE_1021,2026-06-04 23:45:00,0.491,valid
DE_1021,2026-06-05 00:00:00,0.492,valid
DE_1021,2026-06-05 00:15:00,0.453,valid
DE_1021,2026-06-05 00:30:00,0.504,valid
DE_1021,2026-06-05 00:45:00,0.415,valid
DE_1021,2026-06-05 01:00:00,0.502,valid
DE_1021,2026-06-05 01:15:00,0.429,valid
DE_1021,2026-06-05 01:30:00,0.439,valid
DE_1021,2026-06-05 01:45:00,0.387,valid
DE_1021,2026-06-05 02:00:00,0.476,valid
DE_1021,2026-06-05 02:30:00,0.456,valid
DE_1021,2026-06-05 02:45:00,0.462,valid
DE_1021,2026-06-05 03:00:00,0.469,valid
DE_1021,2026-06-05 03:15:00,0.511,valid
DE_1021,2026-06-05 03:30:00,0.407,valid
DE_1021,2026-06-05 03:45:00,0.435,valid
DE_1021,2026-06-05 04:00:00,0.411,valid
DE_1021,2026-06-05 04:15:00,0.416,valid
DE_1021,2026-06-05 04:30:00,-0.825,valid
DE_1021,2026-06-05 04:45:00,0.427,valid
DE_1021,2026-06-05 05:00:00,0.366,valid
DE_1021,2026-06-05 05:15:00,0.346,valid
DE_1021,2026-06-05 05:30:00,0.357,valid
DE_1021,2026-06-05 05:45:00,0.298,valid
DE_1021,2026-06-05 06:00:00,0.396,valid
DE_1021,2026-06-05 06:15:00,0.309,valid
DE_1021,2026-06-05 06:30:00,0.404,valid
DE_1021,2026-06-05 06:45:00,0.311,valid
DE_1021,2026-06-05 07:00:00,0.389,valid
DE_1021,2026-06-05 07:15:00,0.309,valid
DE_1021,2026-06-05 07:30:00,0.299,valid
DE_1021,2026-06-05 07:45:00,0.373,valid
DE_1021,2026-06-05 08:00:00,0.332,valid
DE_1021,2026-06-05 08:15:00,0.241,valid
DE_1021,2026-06-05 08:30:00,0.281,valid
DE_1021,2026-06-05 08:45:00,0.271,valid
DE_1021,2026-06-05 09:00:00,0.246,valid
DE_1021,2026-06-05 09:15:00,0.285,valid
DE_1021,2026-06-05 09:30:00,0.303,valid
DE_1021,2026-06-05 09:45:00,0.229,valid
DE_1021,2026-06-05 10:00:00,0.223,valid
DE_1021,2026-06-05 10:15:00,0.313,valid
DE_1021,2026-06-05 10:30:00,0.33,valid
DE_1021,2026-06-05 10:45:00,0.21,valid
DE_1021,2026-06-05 11:00:00,0.242,valid
DE_1021,2026-06-05 11:15:00,0.197,valid
DE_1021,2026-06-05 11:30:00,0.201,valid
DE_1021,2026-06-05 11:45:00,0.308,valid
DE_1021,2026-06-05 12:00:00,0.179,valid
DE_1021,2026-06-05 12:15:00,0.205,valid
DE_1021,2026-06-05 12:30:00,0.122,valid
DE_1021,2026-06-05 12:45:00,0.156,valid
DE_1021,2026-06-05 13:00:00,0.237,valid
DE_1021,2026-06-05 13:15:00,0.237,valid
DE_1021,2026-06-05 13:30:00,0.22,valid
DE_1021,2026-06-05 13:45:00,0.163,valid
DE_1021,2026-06-05 14:00:00,0.29,valid
DE_1021,2026-06-05 14:15:00,0.2,valid
DE_1021,2026-06-05 14:30:00,0.193,valid
DE_1021,2026-06-05 14:45:00,0.295,valid
DE_1021,2026-06-05 15:00:00,0.253,valid
DE_1021,2026-06-05 15:15:00,0.185,valid
DE_1021,2026-06-05 15:30:00,0.305,valid
DE_1021,2026-06-05 15:45:00,0.285,valid
DE_1021,2026-06-05 16:00:00,0.364,valid
DE_1021,2026-06-05 16:15:00,0.237,valid
DE_1021,2026-06-05 16:30:00,0.301,valid
DE_1021,2026-06-05 16:45:00,0.316,valid
DE_1021,2026-06-05 17:00:00,0.364,valid
DE_1021,2026-06-05 17:15:00,0.276,valid
DE_1021,2026-06-05 17:30:00,0.381,valid
DE_1021,2026-06-05 17:45:00,0.353,valid
DE_1021,2026-06-05 18:00:00,0.403,valid
DE_1021,2026-06-05 18:15:00,0.381,valid
DE_1021,2026-06-05 18:30:00,0.382,valid
DE_1021,2026-06-05 18:45:00,0.372,valid
DE_1021,2026-06-05 19:00:00,0.286,valid
DE_1021,2026-06-05 19:15:00,0.347,valid
DE_1021,2026-06-05 19:30:00,0.431,valid
DE_1021,2026-06-05 19:45:00,0.391,valid
DE_1021,2026-06-05 20:00:00,0.414,valid
DE_1021,2026-06-05 20:15:00,0.377,valid
DE_1021,2026-06-05 20:30:00,0.419,valid
DE_1021,2026-06-05 20:45:00,0.325,valid
DE_1021,2026-06-05 21:00:00,0.449,valid
DE_1021,2026-06-05 21:15:00,0.44,valid
DE_1021,2026-06-05 21:30:00,0.376,valid
DE_1021,2026-06-05 21:45:00,0.444,valid
DE_1021,2026-06-05 22:00:00,0.436,valid
DE_1021,2026-06-05 22:15:00,0.435,valid
DE_1021,2026-06-05 22:30:00,0.454,valid
DE_1021,2026-06-05 22:45:00,0.395,valid
DE_1021,2026-06-05 23:00:00,0.409,valid
DE_1021,2026-06-05 23:15:00,0.332,valid
DE_1021,2026-06-05 23:30:00,0.468,valid
DE_1021,2026-06-05 23:45:00,0.486,valid
DE_1021,2026-06-06 00:00:00,0.512,valid
DE_1021,2026-06-06 00:15:00,0.501,valid
DE_1021,2026-06-06 00:30:00,0.494,valid
DE_1021,2026-06-06 00:45:00,0.49,valid
DE_1021,2026-06-06 01:00:00,0.48,valid
DE_1021,2026-06-06 01:15:00,0.463,valid
DE_1021,2026-06-06 01:30:00,0.438,valid
DE_1021,2026-06-06 01:45:00,0.551,valid
DE_1021,2026-06-06 02:00:00,0.474,valid
DE_1021,2026-06-06 02:15:00,0.388,valid
DE_1021,2026-06-06 02:30:00,0.478,valid
DE_1021,2026-06-06 02:45:00,0.466,valid
DE_1021,2026-06-06 03:00:00,0.447,valid
DE_1021,2026-06-06 03:15:00,0.418,valid
DE_1021,2026-06-06 03:30:00,0.438,valid
DE_1021,2026-06-06 03:45:00,0.364,valid
DE_1021,2026-06-06 04:00:00,0.339,valid
DE_1021,2026-06-06 04:15:00,0.464,valid
DE_1021,2026-06-06 04:30:00,0.399,valid
DE_1021,2026-06-06 04:45:00,0.332,valid
DE_1021,2026-06-06 05:00:00,0.346,valid
DE_1021,2026-06-06 05:15:00,0.229,valid
DE_1021,2026-06-06 05:30:00,0.346,valid
DE_1021,2026-06-06 05:45:00,0.444,valid
DE_1021,2026-06-06 06:00:00,0.366,valid
DE_1021,2026-06-06 06:15:00,0.293,valid
DE_1021,2026-06-06 06:30:00,0.34,valid
DE_1021,2026-06-06 06:45:00,0.39,valid
DE_1021,2026-06-06 07:00:00,0.359,valid
DE_1021,2026-06-06 07:15:00,0.378,valid
DE_1021,2026-06-06 07:30:00,0.369,valid
DE_1021,2026-06-06 07:45:00,0.385,valid
DE_1021,2026-06-06 08:00:00,0.26,valid
DE_1021,2026-06-06 08:15:00,0.29,valid
DE_1021,2026-06-06 08:30:00,0.215,valid
DE_1021,2026-06-06 08:45:00,0.288,valid
DE_1021,2026-06-06 09:00:00,0.33,valid
DE_1021,2026-06-06 09:15:00,0.351,valid
DE_1021,2026-06-06 09:30:00,0.258,valid
DE_1021,2026-06-06 09:45:00,0.343,valid
DE_1021,2026-06-06 10:00:00,0.297,valid
DE_1021,2026-06-06 10:15:00,0.263,valid
DE_1021,2026-06-06 10:45:00,0.263,valid
DE_1021,2026-06-06 11:00:00,0.292,valid
DE_1021,2026-06-06 11:15:00,0.236,valid
DE_1021,2026-06-06 11:30:00,0.264,valid
DE_1021,2026-06-06 11:45:00,0.226,valid
DE_1021,2026-06-06 12:00:00,0.201,valid
DE_1021,2026-06-06 12:15:00,0.246,valid
DE_1021,2026-06-06 12:30:00,0.174,valid
DE_1021,2026-06-06 12:45:00,0.24,valid
DE_1021,2026-06-06 13:00:00,0.164,valid
DE_1021,2026-06-06 13:15:00,0.219,valid
DE_1021,2026-06-06 13:30:00,0.172,valid
DE_1021,2026-06-06 13:45:00,0.261,valid
DE_1021,2026-06-06 14:00:00,0.253,valid
DE_1021,2026-06-06 14:15:00,0.278,valid
DE_1021,2026-06-06 14:30:00,0.246,valid
DE_1021,2026-06-06 14:45:00,0.286,valid
DE_1021,2026-06-06 15:00:00,0.243,valid
DE_1021,2026-06-06 15:15:00,0.341,valid
DE_1021,2026-06-06 15:30:00,0.213,valid
DE_1021,2026-06-06 15:45:00,0.344,valid
DE_1021,2026-06-06 16:00:00,0.311,valid
DE_1021,2026-06-06 16:15:00,0.253,valid
DE_1021,2026-06-06 16:30:00,0.376,valid
DE_1021,2026-06-06 16:45:00,0.321,valid
DE_1021,2026-06-06 17:00:00,0.313,valid
DE_1021,2026-06-06 17:15:00,0.313,valid
DE_1021,2026-06-06 17:30:00,0.338,valid
DE_1021,2026-06-06 17:45:00,0.375,valid
DE_1021,2026-06-06 18:00:00,0.389,valid
DE_1021,2026-06-06 18:15:00,0.3,valid
DE_1021,2026-06-06 18:30:00,0.285,valid
DE_1021,2026-06-06 18:45:00,0.291,valid
DE_1021,2026-06-06 19:00:00,0.445,valid
DE_1021,2026-06-06 19:15:00,0.382,valid
DE_1021,2026-06-06 19:30:00,0.298,valid
DE_1021,2026-06-06 19:45:00,0.286,valid
DE_1021,2026-06-06 20:00:00,0.428,valid
DE_1021,2026-06-06 20:15:00,0.385,valid
DE_1021,2026-06-06 20:30:00,0.436,valid
DE_1021,2026-06-06 20:45:00,0.416,valid
DE_1021,2026-06-06 21:00:00,0.449,valid
DE_1021,2026-06-06 21:15:00,0.432,valid
DE_1021,2026-06-06 21:30:00,0.351,valid
DE_1021,2026-06-06 21:45:00,0.485,valid
DE_1021,2026-06-06 22:00:00,0.495,valid
DE_1021,2026-06-06 22:15:00,0.495,valid
DE_1021,2026-06-06 22:30:00,0.445,valid
DE_1021,2026-06-06 22:45:00,0.449,valid
DE_1021,2026-06-06 23:00:00,0.448,valid
DE_1021,2026-06-06 23:15:00,0.448,valid
DE_1021,2026-06-06 23:30:00,0.494,valid
DE_1021,2026-06-06 23:45:00,0.451,valid
DE_1021,2026-06-07 00:00:00,0.556,valid
DE_1021,2026-06-07 00:15:00,0.481,valid
DE_1021,2026-06-07 00:30:00,0.555,valid
DE_1021,2026-06-07 00:45:00,0.475,valid
DE_1021,2026-06-07 01:00:00,0.414,valid
DE_1021,2026-06-07 01:15:00,0.534,valid
DE_1021,2026-06-07 01:30:00,0.457,valid
DE_1021,2026-06-07 01:45:00,0.472,valid
DE_1021,2026-06-07 02:00:00,0.447,valid
DE_1021,2026-06-07 02:15:00,0.479,valid
DE_1021,2026-06-07 02:30:00,0.521,valid
DE_1021,2026-06-07 02:45:00,0.481,valid
DE_1021,2026-06-07 03:00:00,0.394,valid
DE_1021,2026-06-07 03:15:00,0.397,valid
DE_1021,2026-06-07 03:30:00,0.456,valid
DE_1021,2026-06-07 03:45:00,0.482,valid
DE_1021,2026-06-07 04:00:00,0.361,valid
DE_1021,2026-06-07 04:15:00,0.329,valid
DE_1021,2026-06-07 04:30:00,0.375,valid
DE_1021,2026-06-07 04:45:00,0.416,valid
DE_1021,2026-06-07 05:00:00,0.377,valid
DE_1021,2026-06-07 05:15:00,0.427,valid
DE_1021,2026-06-07 05:30:00,0.365,valid
DE_1021,2026-06-07 05:45:00,0.328,valid
DE_1021,2026-06-07 06:00:00,0.34,valid
DE_1021,2026-06-07 06:15:00,0.289,valid
DE_1021,2026-06-07 06:30:00,0.36,valid
DE_1021,2026-06-07 06:45:00,0.392,valid
DE_1021,2026-06-07 07:00:00,0.329,valid
DE_1021,2026-06-07 07:15:00,0.305,valid
DE_1021,2026-06-07 07:30:00,0.39,valid
DE_1021,2026-06-07 07:45:00,0.259,valid
DE_1021,2026-06-07 08:00:00,0.263,valid
DE_1021,2026-06-07 08:15:00,0.437,valid
DE_1021,2026-06-07 08:30:00,0.264,valid
DE_1021,2026-06-07 08:45:00,0.33,valid
DE_1021,2026-06-07 09:00:00,0.275,valid
DE_1021,2026-06-07 09:15:00,0.191,valid
DE_1021,2026-06-07 09:30:00,0.285,valid
DE_1021,2026-06-07 09:45:00,0.264,valid
DE_1021,2026-06-07 10:00:00,0.22,valid
DE_1021,2026-06-07 10:15:00,0.271,valid
DE_1021,2026-06-07 10:30:00,0.23,valid
DE_1021,2026-06-07 10:45:00,0.209,valid
DE_1021,2026-06-07 11:00:00,0.208,valid
DE_1021,2026-06-07 11:15:00,0.187,valid
DE_1021,2026-06-07 11:30:00,0.331,valid
DE_1021,2026-06-07 11:45:00,0.197,valid
DE_1021,2026-06-07 12:00:00,0.221,valid
DE_1021,2026-06-07 12:15:00,0.203,valid
DE_1021,2026-06-07 12:30:00,0.163,valid
DE_1021,2026-06-07 12:45:00,0.236,valid
DE_1021,2026-06-07 13:00:00,0.217,valid
DE_1021,2026-06-07 13:15:00,0.266,valid
DE_1021,2026-06-07 13:30:00,0.143,valid
DE_1021,2026-06-07 13:45:00,0.183,valid
DE_1021,2026-06-07 14:00:00,0.138,valid
DE_1021,2026-06-07 14:15:00,0.246,valid
DE_1021,2026-06-07 14:30:00,0.261,valid
DE_1021,2026-06-07 14:45:00,0.17,valid
DE_1021,2026-06-07 15:00:00,0.232,valid
DE_1021,2026-06-07 15:15:00,0.322,valid
DE_1021,2026-06-07 15:30:00,0.244,valid
DE_1021,2026-06-07 15:45:00,0.275,valid
DE_1021,2026-06-07 16:00:00,0.345,valid
DE_1021,2026-06-07 16:15:00,0.295,valid
DE_1021,2026-06-07 16:30:00,0.355,valid
DE_1021,2026-06-07 16:45:00,0.29,valid
DE_1021,2026-06-07 17:00:00,0.334,valid
DE_1021,2026-06-07 17:15:00,0.309,valid
DE_1021,2026-06-07 17:30:00,0.32,valid
DE_1021,2026-06-07 17:45:00,0.312,valid
DE_1021,2026-06-07 18:00:00,0.343,valid
DE_1021,2026-06-07 18:15:00,0.334,valid
DE_1021,2026-06-07 18:30:00,0.372,valid
DE_1021,2026-06-07 18:45:00,0.321,valid
DE_1021,2026-06-07 19:00:00,0.405,valid
DE_1021,2026-06-07 19:15:00,0.358,valid
DE_1021,2026-06-07 19:30:00,0.379,valid
DE_1021,2026-06-07 19:45:00,0.328,valid
DE_1021,2026-06-07 20:00:00,0.418,valid
DE_1021,2026-06-07 20:15:00,0.366,valid
DE_1021,2026-06-07 20:30:00,0.369,valid
DE_1021,2026-06-07 20:45:00,0.472,valid
DE_1021,2026-06-07 21:00:00,0.397,valid
DE_1021,2026-06-07 21:15:00,0.447,valid
DE_1021,2026-06-07 21:30:00,0.44,valid
DE_1021,2026-06-07 21:45:00,0.443,valid
DE_1021,2026-06-07 22:00:00,0.506,valid
DE_1021,2026-06-07 22:15:00,0.488,valid
DE_1021,2026-06-07 22:30:00,0.371,valid
DE_1021,2026-06-07 22:45:00,0.437,valid
DE_1021,2026-06-07 23:00:00,0.49,valid
DE_1021,2026-06-07 23:15:00,0.414,valid
DE_1021,2026-06-07 23:30:00,0.449,valid
DE_1021,2026-06-07 23:45:00,0.454,valid
DE_1022,2026-06-01 00:00:00,0.441,valid
DE_1022,2026-06-01 00:15:00,0.461,valid
DE_1022,2026-06-01 00:30:00,0.511,valid
DE_1022,2026-06-01 00:45:00,0.533,valid
DE_1022,2026-06-01 01:00:00,0.438,valid
DE_1022,2026-06-01 01:15:00,0.5,valid
DE_1022,2026-06-01 01:30:00,0.491,valid
DE_1022,2026-06-01 01:45:00,0.577,valid
DE_1022,2026-06-01 02:00:00,0.499,valid
DE_1022,2026-06-01 02:15:00,0.387,valid
DE_1022,2026-06-01 02:30:00,0.558,valid
DE_1022,2026-06-01 02:45:00,0.42,valid
DE_1022,2026-06-01 03:00:00,0.38,valid
DE_1022,2026-06-01 03:15:00,0.387,valid
DE_1022,2026-06-01 03:30:00,0.427,valid
DE_1022,2026-06-01 03:45:00,0.381,valid
DE_1022,2026-06-01 04:00:00,0.357,valid
DE_1022,2026-06-01 04:15:00,0.436,valid
DE_1022,2026-06-01 04:30:00,0.349,valid
DE_1022,2026-06-01 04:45:00,0.4,valid
DE_1022,2026-06-01 05:00:00,0.281,valid
DE_1022,2026-06-01 05:15:00,0.343,valid
DE_1022,2026-06-01 05:30:00,0.381,valid
DE_1022,2026-06-01 05:45:00,0.37,valid
DE_1022,2026-06-01 06:00:00,0.387,valid
DE_1022,2026-06-01 06:15:00,0.435,valid
DE_1022,2026-06-01 06:30:00,0.362,valid
DE_1022,2026-06-01 06:45:00,0.35,valid
DE_1022,2026-06-01 07:00:00,0.393,valid
DE_1022,2026-06-01 07:15:00,0.379,valid
DE_1022,2026-06-01 07:30:00,0.345,valid
DE_1022,2026-06-01 07:45:00,0.342,valid
DE_1022,2026-06-01 08:00:00,0.207,valid
DE_1022,2026-06-01 08:15:00,0.235,valid
DE_1022,2026-06-01 08:30:00,0.302,valid
DE_1022,2026-06-01 08:45:00,0.349,valid
DE_1022,2026-06-01 09:00:00,0.198,valid
DE_1022,2026-06-01 09:15:00,0.289,valid
DE_1022,2026-06-01 09:30:00,0.271,valid
DE_1022,2026-06-01 09:45:00,0.316,valid
DE_1022,2026-06-01 10:00:00,0.275,valid
DE_1022,2026-06-01 10:00:00,0.275,valid
DE_1022,2026-06-01 10:15:00,0.247,valid
DE_1022,2026-06-01 10:30:00,0.242,valid
DE_1022,2026-06-01 10:45:00,0.199,valid
DE_1022,2026-06-01 11:00:00,0.295,valid
DE_1022,2026-06-01 11:15:00,0.226,valid
DE_1022,2026-06-01 11:30:00,0.236,valid
DE_1022,2026-06-01 11:45:00,0.272,valid
DE_1022,2026-06-01 12:00:00,0.207,valid
DE_1022,2026-06-01 12:15:00,0.174,valid
DE_1022,2026-06-01 12:30:00,0.24,valid
DE_1022,2026-06-01 12:45:00,0.215,valid
DE_1022,2026-06-01 13:00:00,0.248,valid
DE_1022,2026-06-01 13:15:00,0.236,valid
DE_1022,2026-06-01 13:30:00,0.14,valid
DE_1022,2026-06-01 13:45:00,0.211,valid
DE_1022,2026-06-01 14:00:00,0.236,valid
DE_1022,2026-06-01 14:15:00,0.311,valid
DE_1022,2026-06-01 14:30:00,0.258,valid
DE_1022,2026-06-01 14:45:00,0.3,valid
DE_1022,2026-06-01 15:00:00,0.181,valid
DE_1022,2026-06-01 15:15:00,0.289,valid
DE_1022,2026-06-01 15:30:00,0.203,valid
DE_1022,2026-06-01 15:45:00,0.232,valid
DE_1022,2026-06-01 16:00:00,0.274,valid
DE_1022,2026-06-01 16:15:00,0.317,valid
DE_1022,2026-06-01 16:30:00,0.28,valid
DE_1022,2026-06-01 16:45:00,0.183,valid
DE_1022,2026-06-01 17:00:00,0.278,valid
DE_1022,2026-06-01 17:15:00,0.288,valid
DE_1022,2026-06-01 17:30:00,0.374,valid
DE_1022,2026-06-01 17:45:00,0.349,valid
DE_1022,2026-06-01 18:00:00,0.323,valid
DE_1022,2026-06-01 18:15:00,0.395,valid
DE_1022,2026-06-01 18:30:00,0.447,valid
DE_1022,2026-06-01 18:45:00,0.414,valid
DE_1022,2026-06-01 19:00:00,0.342,valid
DE_1022,2026-06-01 19:15:00,0.282,valid
DE_1022,2026-06-01 19:30:00,0.358,valid
DE_1022,2026-06-01 19:45:00,0.433,valid
DE_1022,2026-06-01 20:00:00,0.331,valid
DE_1022,2026-06-01 20:15:00,0.446,valid
DE_1022,2026-06-01 20:30:00,0.434,valid
DE_1022,2026-06-01 20:45:00,0.338,valid
DE_1022,2026-06-01 21:00:00,0.433,valid
DE_1022,2026-06-01 21:15:00,0.38,valid
DE_1022,2026-06-01 21:30:00,0.375,valid
DE_1022,2026-06-01 21:45:00,0.427,valid
DE_1022,2026-06-01 22:00:00,0.369,valid
DE_1022,2026-06-01 22:15:00,0.485,valid
DE_1022,2026-06-01 22:30:00,0.524,valid
DE_1022,2026-06-01 22:45:00,0.472,valid
DE_1022,2026-06-01 23:00:00,0.495,valid
DE_1022,2026-06-01 23:15:00,0.493,valid
DE_1022,2026-06-01 23:30:00,0.477,valid
DE_1022,2026-06-01 23:45:00,0.466,valid
DE_1022,2026-06-02 00:00:00,0.532,valid
DE_1022,2026-06-02 00:15:00,0.509,valid
DE_1022,2026-06-02 00:30:00,0.56,valid
DE_1022,2026-06-02 00:45:00,0.496,valid
DE_1022,2026-06-02 01:00:00,0.489,valid
DE_1022,2026-06-02 01:15:00,0.523,valid
DE_1022,2026-06-02 01:30:00,0.491,valid
DE_1022,2026-06-02 01:45:00,0.461,valid
DE_1022,2026-06-02 02:00:00,0.458,valid
DE_1022,2026-06-02 02:15:00,0.441,valid
DE_1022,2026-06-02 02:30:00,0.481,valid
DE_1022,2026-06-02 02:45:00,0.495,valid
DE_1022,2026-06-02 03:00:00,0.39,valid
DE_1022,2026-06-02 03:15:00,0.5,valid
DE_1022,2026-06-02 03:30:00,0.45,valid
DE_1022,2026-06-02 03:45:00,0.443,valid
DE_1022,2026-06-02 04:00:00,0.421,valid
DE_1022,2026-06-02 04:15:00,0.505,valid
DE_1022,2026-06-02 04:30:00,0.343,valid
DE_1022,2026-06-02 04:45:00,0.473,valid
DE_1022,2026-06-02 05:00:00,0.343,valid
DE_1022,2026-06-02 05:15:00,0.373,valid
DE_1022,2026-06-02 05:30:00,0.323,valid
DE_1022,2026-06-02 05:45:00,0.35,valid
DE_1022,2026-06-02 06:00:00,0.38,valid
DE_1022,2026-06-02 06:15:00,0.307,valid
DE_1022,2026-06-02 06:30:00,0.25,valid
DE_1022,2026-06-02 06:45:00,0.309,valid
DE_1022,2026-06-02 07:00:00,0.221,valid
DE_1022,2026-06-02 07:15:00,0.226,valid
DE_1022,2026-06-02 07:30:00,0.345,valid
DE_1022,2026-06-02 07:45:00,0.289,valid
DE_1022,2026-06-02 08:00:00,0.324,valid
DE_1022,2026-06-02 08:15:00,0.294,valid
DE_1022,2026-06-02 08:30:00,0.279,valid
DE_1022,2026-06-02 08:45:00,0.36,valid
DE_1022,2026-06-02 09:00:00,0.314,valid
DE_1022,2026-06-02 09:15:00,0.135,valid
DE_1022,2026-06-02 09:30:00,0.284,valid
DE_1022,2026-06-02 09:45:00,0.23,valid
DE_1022,2026-06-02 10:00:00,0.258,valid
DE_1022,2026-06-02 10:15:00,0.349,valid
DE_1022,2026-06-02 10:30:00,0.32,valid
DE_1022,2026-06-02 10:45:00,0.207,valid
DE_1022,2026-06-02 11:00:00,0.175,valid
DE_1022,2026-06-02 11:15:00,0.216,valid
DE_1022,2026-06-02 11:30:00,0.242,valid
DE_1022,2026-06-02 11:45:00,0.295,valid
DE_1022,2026-06-02 12:00:00,0.181,valid
DE_1022,2026-06-02 12:15:00,0.183,valid
DE_1022,2026-06-02 12:30:00,0.238,valid
DE_1022,2026-06-02 12:45:00,0.229,valid
DE_1022,2026-06-02 13:00:00,0.222,valid
DE_1022,2026-06-02 13:15:00,0.216,valid
DE_1022,2026-06-02 13:30:00,0.251,valid
DE_1022,2026-06-02 13:45:00,0.172,valid
DE_1022,2026-06-02 14:00:00,0.316,valid
DE_1022,2026-06-02 14:15:00,0.247,valid
DE_1022,2026-06-02 14:30:00,0.288,valid
DE_1022,2026-06-02 14:45:00,0.266,valid
DE_1022,2026-06-02 15:00:00,0.171,valid
DE_1022,2026-06-02 15:15:00,0.223,valid
DE_1022,2026-06-02 15:30:00,0.263,valid
DE_1022,2026-06-02 15:45:00,0.221,valid
DE_1022,2026-06-02 16:00:00,0.297,valid
DE_1022,2026-06-02 16:15:00,0.391,valid
DE_1022,2026-06-02 16:30:00,0.245,valid
DE_1022,2026-06-02 16:45:00,0.339,valid
DE_1022,2026-06-02 17:00:00,0.218,valid
DE_1022,2026-06-02 17:15:00,0.272,valid
DE_1022,2026-06-02 17:30:00,0.264,valid
DE_1022,2026-06-02 17:45:00,0.358,valid
DE_1022,2026-06-02 18:00:00,0.386,valid
DE_1022,2026-06-02 18:15:00,0.256,valid
DE_1022,2026-06-02 18:30:00,0.298,valid
DE_1022,2026-06-02 18:45:00,0.272,valid
DE_1022,2026-06-02 19:00:00,0.322,valid
DE_1022,2026-06-02 19:15:00,0.309,valid
DE_1022,2026-06-02 19:30:00,0.373,valid
DE_1022,2026-06-02 19:45:00,0.3,valid
DE_1022,2026-06-02 20:00:00,0.407,valid
DE_1022,2026-06-02 20:15:00,0.302,valid
DE_1022,2026-06-02 20:30:00,0.451,valid
DE_1022,2026-06-02 20:45:00,0.432,valid
DE_1022,2026-06-02 21:00:00,0.479,valid
DE_1022,2026-06-02 21:15:00,0.494,valid
DE_1022,2026-06-02 21:30:00,0.362,valid
DE_1022,2026-06-02 21:45:00,0.391,valid
DE_1022,2026-06-02 22:00:00,0.424,valid
DE_1022,2026-06-02 22:15:00,0.438,valid
DE_1022,2026-06-02 22:30:00,0.412,valid
DE_1022,2026-06-02 22:45:00,0.433,valid
DE_1022,2026-06-02 23:00:00,0.49,valid
DE_1022,2026-06-02 23:15:00,0.372,valid
DE_1022,2026-06-02 23:30:00,0.395,valid
DE_1022,2026-06-02 23:45:00,0.438,valid
DE_1022,2026-06-03 00:00:00,0.577,valid
DE_1022,2026-06-03 00:15:00,0.403,valid
DE_1022,2026-06-03 00:30:00,0.519,valid
DE_1022,2026-06-03 00:45:00,0.485,valid
DE_1022,2026-06-03 01:00:00,0.523,valid
DE_1022,2026-06-03 01:15:00,0.398,valid
DE_1022,2026-06-03 01:30:00,0.49,valid
DE_1022,2026-06-03 01:45:00,0.561,valid
DE_1022,2026-06-03 02:00:00,0.459,valid
DE_1022,2026-06-03 02:15:00,0.398,valid
DE_1022,2026-06-03 02:30:00,0.333,valid
DE_1022,2026-06-03 02:45:00,0.4,valid
DE_1022,2026-06-03 03:00:00,0.491,valid
DE_1022,2026-06-03 03:15:00,0.449,valid
DE_1022,2026-06-03 03:30:00,0.488,valid
DE_1022,2026-06-03 03:45:00,0.434,valid
DE_1022,2026-06-03 04:00:00,0.44,valid
DE_1022,2026-06-03 04:15:00,0.459,valid
DE_1022,2026-06-03 04:30:00,0.35,valid
DE_1022,2026-06-03 04:45:00,0.414,valid
DE_1022,2026-06-03 05:00:00,0.431,valid
DE_1022,2026-06-03 05:15:00,0.33,valid
DE_1022,2026-06-03 05:30:00,0.391,valid
DE_1022,2026-06-03 05:45:00,0.406,valid
DE_1022,2026-06-03 06:00:00,0.2,valid
DE_1022,2026-06-03 06:15:00,0.289,valid
DE_1022,2026-06-03 06:30:00,0.359,valid
DE_1022,2026-06-03 06:45:00,0.418,valid
DE_1022,2026-06-03 07:00:00,0.291,valid
DE_1022,2026-06-03 07:15:00,0.391,valid
DE_1022,2026-06-03 07:30:00,0.386,valid
DE_1022,2026-06-03 07:45:00,0.285,valid
DE_1022,2026-06-03 08:00:00,0.349,valid
DE_1022,2026-06-03 08:15:00,0.264,valid
DE_1022,2026-06-03 08:30:00,0.265,valid
DE_1022,2026-06-03 08:45:00,0.246,valid
DE_1022,2026-06-03 09:00:00,0.367,valid
DE_1022,2026-06-03 09:15:00,0.285,valid
DE_1022,2026-06-03 09:30:00,0.274,valid
DE_1022,2026-06-03 09:45:00,0.279,valid
DE_1022,2026-06-03 10:00:00,0.221,valid
DE_1022,2026-06-03 10:15:00,0.292,valid
DE_1022,2026-06-03 10:30:00,0.177,valid
DE_1022,2026-06-03 10:45:00,0.129,valid
DE_1022,2026-06-03 11:00:00,0.278,valid
DE_1022,2026-06-03 11:15:00,0.188,valid
DE_1022,2026-06-03 11:30:00,0.214,valid
DE_1022,2026-06-03 11:45:00,0.23,valid
DE_1022,2026-06-03 12:00:00,0.229,valid
DE_1022,2026-06-03 12:15:00,0.118,valid
DE_1022,2026-06-03 12:30:00,0.129,valid
DE_1022,2026-06-03 12:45:00,0.247,valid
DE_1022,2026-06-03 13:00:00,0.198,valid
DE_1022,2026-06-03 13:15:00,0.217,valid
DE_1022,2026-06-03 13:30:00,0.213,valid
DE_1022,2026-06-03 13:45:00,0.206,valid
DE_1022,2026-06-03 14:00:00,0.188,valid
DE_1022,2026-06-03 14:15:00,0.23,valid
DE_1022,2026-06-03 14:30:00,0.21,valid
DE_1022,2026-06-03 14:45:00,0.308,valid
DE_1022,2026-06-03 15:00:00,0.306,valid
DE_1022,2026-06-03 15:15:00,0.259,valid
DE_1022,2026-06-03 15:30:00,0.191,valid
DE_1022,2026-06-03 15:45:00,0.241,valid
DE_1022,2026-06-03 16:00:00,0.377,valid
DE_1022,2026-06-03 16:15:00,0.355,valid
DE_1022,2026-06-03 16:30:00,0.363,valid
DE_1022,2026-06-03 16:45:00,0.243,valid
DE_1022,2026-06-03 17:00:00,0.34,valid
DE_1022,2026-06-03 17:15:00,-0.909,valid
DE_1022,2026-06-03 17:30:00,0.266,valid
DE_1022,2026-06-03 17:45:00,0.422,valid
DE_1022,2026-06-03 18:00:00,0.42,valid
DE_1022,2026-06-03 18:15:00,0.416,valid
DE_1022,2026-06-03 18:30:00,0.359,valid
DE_1022,2026-06-03 18:45:00,0.3,valid
DE_1022,2026-06-03 19:00:00,0.414,valid
DE_1022,2026-06-03 19:15:00,0.429,valid
DE_1022,2026-06-03 19:30:00,0.389,valid
DE_1022,2026-06-03 19:45:00,0.279,valid
DE_1022,2026-06-03 20:00:00,0.385,valid
DE_1022,2026-06-03 20:15:00,0.506,valid
DE_1022,2026-06-03 20:30:00,0.458,valid
DE_1022,2026-06-03 20:45:00,0.325,valid
DE_1022,2026-06-03 21:00:00,0.468,valid
DE_1022,2026-06-03 21:15:00,0.497,valid
DE_1022,2026-06-03 21:30:00,0.499,valid
DE_1022,2026-06-03 21:45:00,0.425,valid
DE_1022,2026-06-03 22:00:00,0.383,valid
DE_1022,2026-06-03 22:15:00,0.444,valid
DE_1022,2026-06-03 22:30:00,0.491,valid
DE_1022,2026-06-03 22:45:00,0.423,valid
DE_1022,2026-06-03 23:00:00,0.5,valid
DE_1022,2026-06-03 23:15:00,0.475,valid
DE_1022,2026-06-03 23:30:00,0.524,valid
DE_1022,2026-06-03 23:45:00,0.469,valid
DE_1022,2026-06-04 00:00:00,0.506,valid
DE_1022,2026-06-04 00:15:00,0.52,valid
DE_1022,2026-06-04 00:30:00,0.524,valid
DE_1022,2026-06-04 00:45:00,0.564,valid
DE_1022,2026-06-04 01:00:00,0.517,valid
DE_1022,2026-06-04 01:15:00,0.392,valid
DE_1022,2026-06-04 01:30:00,0.594,valid
DE_1022,2026-06-04 01:45:00,0.494,valid
DE_1022,2026-06-04 02:00:00,0.438,valid
DE_1022,2026-06-04 02:15:00,0.462,valid
DE_1022,2026-06-04 02:30:00,0.438,valid
DE_1022,2026-06-04 02:45:00,0.434,valid
DE_1022,2026-06-04 03:00:00,0.412,valid
DE_1022,2026-06-04 03:15:00,0.411,valid
DE_1022,2026-06-04 03:30:00,0.424,valid
DE_1022,2026-06-04 03:45:00,0.408,valid
DE_1022,2026-06-04 04:00:00,0.374,valid
DE_1022,2026-06-04 04:15:00,0.417,valid
DE_1022,2026-06-04 04:30:00,0.377,valid
DE_1022,2026-06-04 04:45:00,0.376,valid
DE_1022,2026-06-04 05:00:00,0.328,valid
DE_1022,2026-06-04 05:15:00,0.348,valid
DE_1022,2026-06-04 05:30:00,0.351,valid
DE_1022,2026-06-04 05:45:00,0.39,valid
DE_1022,2026-06-04 06:00:00,0.346,valid
DE_1022,2026-06-04 06:15:00,0.315,valid
DE_1022,2026-06-04 06:30:00,0.348,valid
DE_1022,2026-06-04 06:45:00,0.359,valid
DE_1022,2026-06-04 07:00:00,0.271,valid
DE_1022,2026-06-04 07:15:00,0.327,valid
DE_1022,2026-06-04 07:30:00,0.319,valid
DE_1022,2026-06-04 07:45:00,0.354,valid
DE_1022,2026-06-04 08:00:00,0.288,valid
DE_1022,2026-06-04 08:15:00,0.247,valid
DE_1022,2026-06-04 08:30:00,0.332,valid
DE_1022,2026-06-04 08:45:00,0.339,valid
DE_1022,2026-06-04 09:00:00,0.324,valid
DE_1022,2026-06-04 09:15:00,0.218,valid
DE_1022,2026-06-04 09:30:00,0.237,valid
DE_1022,2026-06-04 09:45:00,0.249,valid
DE_1022,2026-06-04 10:00:00,0.229,valid
DE_1022,2026-06-04 10:15:00,0.242,valid
DE_1022,2026-06-04 10:30:00,0.306,valid
DE_1022,2026-06-04 10:45:00,0.192,valid
DE_1022,2026-06-04 11:00:00,0.277,valid
DE_1022,2026-06-04 11:15:00,0.124,valid
DE_1022,2026-06-04 11:30:00,0.35,valid
DE_1022,2026-06-04 11:45:00,0.159,valid
DE_1022,2026-06-04 12:00:00,0.094,valid
DE_1022,2026-06-04 12:15:00,0.154,valid
DE_1022,2026-06-04 12:30:00,0.279,valid
DE_1022,2026-06-04 12:45:00,0.235,valid
DE_1022,2026-06-04 13:00:00,0.341,valid
DE_1022,2026-06-04 13:15:00,0.242,valid
DE_1022,2026-06-04 13:30:00,0.207,valid
DE_1022,2026-06-04 13:45:00,0.19,valid
DE_1022,2026-06-04 14:00:00,0.283,valid
DE_1022,2026-06-04 14:15:00,0.244,valid
DE_1022,2026-06-04 14:45:00,0.256,valid
DE_1022,2026-06-04 15:00:00,0.353,valid
DE_1022,2026-06-04 15:15:00,0.361,valid
DE_1022,2026-06-04 15:30:00,0.203,valid
DE_1022,2026-06-04 15:45:00,0.365,valid
DE_1022,2026-06-04 16:00:00,0.333,valid
DE_1022,2026-06-04 16:15:00,0.406,valid
DE_1022,2026-06-04 16:30:00,0.254,valid
DE_1022,2026-06-04 16:45:00,0.333,valid
DE_1022,2026-06-04 17:00:00,0.375,valid
DE_1022,2026-06-04 17:15:00,0.3,valid
DE_1022,2026-06-04 18:00:00,0.413,valid
DE_1022,2026-06-04 18:15:00,0.309,valid
DE_1022,2026-06-04 18:30:00,0.376,valid
DE_1022,2026-06-04 18:45:00,0.364,valid
DE_1022,2026-06-04 19:00:00,0.349,valid
DE_1022,2026-06-04 19:15:00,0.399,valid
DE_1022,2026-06-04 19:30:00,0.293,valid
DE_1022,2026-06-04 19:45:00,0.419,valid
DE_1022,2026-06-04 20:00:00,0.443,valid
DE_1022,2026-06-04 20:15:00,0.394,valid
DE_1022,2026-06-04 20:30:00,0.338,valid
DE_1022,2026-06-04 20:45:00,0.413,valid
DE_1022,2026-06-04 21:00:00,0.473,valid
DE_1022,2026-06-04 21:15:00,0.418,valid
DE_1022,2026-06-04 21:30:00,0.445,valid
DE_1022,2026-06-04 21:45:00,0.476,valid
DE_1022,2026-06-04 22:00:00,0.499,valid
DE_1022,2026-06-04 22:15:00,0.41,valid
DE_1022,2026-06-04 22:30:00,0.426,valid
DE_1022,2026-06-04 22:45:00,0.513,valid
DE_1022,2026-06-04 23:00:00,0.47,valid
DE_1022,2026-06-04 23:15:00,0.445,valid
DE_1022,2026-06-04 23:30:00,0.461,valid
DE_1022,2026-06-04 23:45:00,0.468,valid
DE_1022,2026-06-05 00:15:00,0.469,valid
DE_1022,2026-06-05 00:30:00,0.589,valid
DE_1022,2026-06-05 00:45:00,0.525,valid
DE_1022,2026-06-05 01:00:00,0.438,valid
DE_1022,2026-06-05 01:15:00,0.492,valid
DE_1022,2026-06-05 01:30:00,0.527,valid
DE_1022,2026-06-05 01:45:00,0.493,valid
DE_1022,2026-06-05 02:00:00,0.411,valid
DE_1022,2026-06-05 02:15:00,0.364,valid
DE_1022,2026-06-05 02:30:00,0.4,valid
DE_1022,2026-06-05 02:45:00,0.487,valid
DE_1022,2026-06-05 03:00:00,0.522,valid
DE_1022,2026-06-05 03:15:00,0.377,valid
DE_1022,2026-06-05 03:30:00,0.422,valid
DE_1022,2026-06-05 03:45:00,0.366,valid
DE_1022,2026-06-05 04:00:00,0.289,valid
DE_1022,2026-06-05 04:15:00,0.391,valid
DE_1022,2026-06-05 04:30:00,0.484,valid
DE_1022,2026-06-05 04:45:00,0.443,valid
DE_1022,2026-06-05 05:00:00,0.309,valid
DE_1022,2026-06-05 05:15:00,0.296,valid
DE_1022,2026-06-05 05:30:00,0.427,valid
DE_1022,2026-06-05 05:45:00,0.334,valid
DE_1022,2026-06-05 06:00:00,0.361,valid
DE_1022,2026-06-05 06:15:00,0.329,valid
DE_1022,2026-06-05 06:30:00,0.371,valid
DE_1022,2026-06-05 06:45:00,0.407,valid
DE_1022,2026-06-05 07:00:00,0.355,valid
DE_1022,2026-06-05 07:15:00,0.32,valid
DE_1022,2026-06-05 07:30:00,0.247,valid
DE_1022,2026-06-05 07:45:00,0.302,valid
DE_1022,2026-06-05 08:00:00,0.219,valid
DE_1022,2026-06-05 08:15:00,0.304,valid
DE_1022,2026-06-05 08:30:00,0.271,valid
DE_1022,2026-06-05 08:45:00,0.277,valid
DE_1022,2026-06-05 09:00:00,0.191,valid
DE_1022,2026-06-05 09:15:00,0.317,valid
DE_1022,2026-06-05 09:30:00,0.319,valid
DE_1022,2026-06-05 09:45:00,0.231,valid
DE_1022,2026-06-05 10:00:00,0.319,valid
DE_1022,2026-06-05 10:15:00,0.182,valid
DE_1022,2026-06-05 10:30:00,0.283,valid
DE_1022,2026-06-05 10:45:00,0.318,valid
DE_1022,2026-06-05 11:00:00,0.22,valid
DE_1022,2026-06-05 11:15:00,0.236,valid
DE_1022,2026-06-05 11:30:00,0.236,valid
DE_1022,2026-06-05 11:45:00,0.308,valid
DE_1022,2026-06-05 12:00:00,0.21,valid
DE_1022,2026-06-05 12:15:00,0.197,valid
DE_1022,2026-06-05 12:30:00,0.215,valid
DE_1022,2026-06-05 12:45:00,0.135,valid
DE_1022,2026-06-05 13:00:00,0.215,valid
DE_1022,2026-06-05 13:15:00,0.173,valid
DE_1022,2026-06-05 13:30:00,0.157,valid
DE_1022,2026-06-05 13:45:00,0.079,valid
DE_1022,2026-06-05 14:00:00,0.176,valid
DE_1022,2026-06-05 14:15:00,0.272,valid
DE_1022,2026-06-05 14:30:00,0.153,valid
DE_1022,2026-06-05 14:45:00,0.318,valid
DE_1022,2026-06-05 15:00:00,0.279,valid
DE_1022,2026-06-05 15:15:00,0.326,valid
DE_1022,2026-06-05 15:30:00,0.28,valid
DE_1022,2026-06-05 15:45:00,0.247,valid
DE_1022,2026-06-05 16:00:00,0.313,valid
DE_1022,2026-06-05 16:15:00,0.254,valid
DE_1022,2026-06-05 16:30:00,0.362,valid
DE_1022,2026-06-05 16:45:00,0.301,valid
DE_1022,2026-06-05 17:00:00,0.408,valid
DE_1022,2026-06-05 17:15:00,0.373,valid
DE_1022,2026-06-05 17:30:00,0.355,valid
DE_1022,2026-06-05 17:45:00,0.389,valid
DE_1022,2026-06-05 18:00:00,0.336,valid
DE_1022,2026-06-05 18:15:00,0.376,valid
DE_1022,2026-06-05 18:30:00,0.425,valid
DE_1022,2026-06-05 18:45:00,0.346,valid
DE_1022,2026-06-05 19:00:00,0.37,valid
DE_1022,2026-06-05 19:15:00,0.368,valid
DE_1022,2026-06-05 19:30:00,0.299,valid
DE_1022,2026-06-05 19:45:00,0.504,valid
DE_1022,2026-06-05 20:00:00,0.47,valid
DE_1022,2026-06-05 20:15:00,0.371,valid
DE_1022,2026-06-05 20:30:00,0.376,valid
DE_1022,2026-06-05 20:45:00,0.416,valid
DE_1022,2026-06-05 21:00:00,0.49,valid
DE_1022,2026-06-05 21:15:00,0.457,valid
DE_1022,2026-06-05 21:30:00,0.443,valid
DE_1022,2026-06-05 21:45:00,0.418,valid
DE_1022,2026-06-05 22:00:00,0.41,valid
DE_1022,2026-06-05 22:15:00,0.431,valid
DE_1022,2026-06-05 22:30:00,0.406,valid
DE_1022,2026-06-05 22:45:00,0.483,valid
DE_1022,2026-06-05 23:00:00,0.463,valid
DE_1022,2026-06-05 23:15:00,0.467,valid
DE_1022,2026-06-05 23:30:00,0.403,valid
DE_1022,2026-06-05 23:45:00,0.429,valid
DE_1022,2026-06-06 00:00:00,0.494,valid
DE_1022,2026-06-06 00:15:00,0.553,valid
DE_1022,2026-06-06 00:30:00,0.468,valid
DE_1022,2026-06-06 00:45:00,0.474,valid
DE_1022,2026-06-06 01:00:00,0.466,valid
DE_1022,2026-06-06 01:15:00,0.472,valid
DE_1022,2026-06-06 01:30:00,0.532,valid
DE_1022,2026-06-06 01:45:00,0.564,valid
DE_1022,2026-06-06 02:00:00,0.494,valid
DE_1022,2026-06-06 02:30:00,0.517,valid
DE_1022,2026-06-06 02:45:00,0.464,valid
DE_1022,2026-06-06 03:00:00,0.416,valid
DE_1022,2026-06-06 03:15:00,0.352,valid
DE_1022,2026-06-06 03:30:00,0.294,valid
DE_1022,2026-06-06 03:45:00,0.389,valid
DE_1022,2026-06-06 04:00:00,0.337,valid
DE_1022,2026-06-06 04:15:00,0.356,valid
DE_1022,2026-06-06 04:30:00,0.359,valid
DE_1022,2026-06-06 04:45:00,0.398,valid
DE_1022,2026-06-06 05:00:00,0.446,valid
DE_1022,2026-06-06 05:15:00,0.45,valid
DE_1022,2026-06-06 05:30:00,0.332,valid
DE_1022,2026-06-06 05:45:00,0.444,valid
DE_1022,2026-06-06 06:00:00,0.28,valid
DE_1022,2026-06-06 06:15:00,0.345,valid
DE_1022,2026-06-06 06:30:00,0.325,valid
DE_1022,2026-06-06 06:45:00,0.317,valid
DE_1022,2026-06-06 07:00:00,0.265,valid
DE_1022,2026-06-06 07:15:00,0.344,valid
DE_1022,2026-06-06 07:30:00,0.237,valid
DE_1022,2026-06-06 07:45:00,0.349,valid
DE_1022,2026-06-06 08:00:00,0.366,valid
DE_1022,2026-06-06 08:30:00,0.256,valid
DE_1022,2026-06-06 08:45:00,0.317,valid
DE_1022,2026-06-06 09:00:00,0.321,valid
DE_1022,2026-06-06 09:15:00,0.371,valid
DE_1022,2026-06-06 09:30:00,0.234,valid
DE_1022,2026-06-06 09:45:00,0.304,valid
DE_1022,2026-06-06 10:00:00,0.278,valid
DE_1022,2026-06-06 10:15:00,0.331,valid
DE_1022,2026-06-06 10:30:00,0.244,valid
DE_1022,2026-06-06 10:45:00,0.24,valid
DE_1022,2026-06-06 11:00:00,0.195,valid
DE_1022,2026-06-06 11:15:00,0.198,valid
DE_1022,2026-06-06 11:30:00,0.249,valid
DE_1022,2026-06-06 11:45:00,0.099,valid
DE_1022,2026-06-06 12:00:00,0.265,valid
DE_1022,2026-06-06 12:15:00,0.227,valid
DE_1022,2026-06-06 12:30:00,0.258,valid
DE_1022,2026-06-06 12:45:00,0.19,valid
DE_1022,2026-06-06 13:00:00,0.177,valid
DE_1022,2026-06-06 13:15:00,0.215,valid
DE_1022,2026-06-06 13:30:00,0.266,valid
DE_1022,2026-06-06 13:45:00,0.282,valid
DE_1022,2026-06-06 14:00:00,0.301,valid
DE_1022,2026-06-06 14:15:00,0.22,valid
DE_1022,2026-06-06 14:30:00,0.244,valid
DE_1022,2026-06-06 14:45:00,0.222,valid
DE_1022,2026-06-06 15:00:00,0.297,valid
DE_1022,2026-06-06 15:15:00,0.237,valid
DE_1022,2026-06-06 15:30:00,0.223,valid
DE_1022,2026-06-06 15:45:00,0.248,valid
DE_1022,2026-06-06 16:00:00,0.3,valid
DE_1022,2026-06-06 16:15:00,0.212,valid
DE_1022,2026-06-06 16:30:00,0.226,valid
DE_1022,2026-06-06 16:45:00,0.285,valid
DE_1022,2026-06-06 17:00:00,0.397,valid
DE_1022,2026-06-06 17:15:00,0.325,valid
DE_1022,2026-06-06 17:30:00,0.288,valid
DE_1022,2026-06-06 17:45:00,0.244,valid
DE_1022,2026-06-06 18:00:00,0.298,valid
DE_1022,2026-06-06 18:15:00,0.407,valid
DE_1022,2026-06-06 18:30:00,0.405,valid
DE_1022,2026-06-06 18:45:00,0.301,valid
DE_1022,2026-06-06 19:00:00,0.432,valid
DE_1022,2026-06-06 19:15:00,0.313,valid
DE_1022,2026-06-06 19:30:00,0.313,valid
DE_1022,2026-06-06 19:45:00,0.426,valid
DE_1022,2026-06-06 20:00:00,0.373,valid
DE_1022,2026-06-06 20:15:00,0.448,valid
DE_1022,2026-06-06 20:30:00,0.473,valid
DE_1022,2026-06-06 20:45:00,0.418,valid
DE_1022,2026-06-06 21:00:00,0.478,valid
DE_1022,2026-06-06 21:15:00,0.518,valid
DE_1022,2026-06-06 21:30:00,0.462,valid
DE_1022,2026-06-06 21:45:00,0.499,valid
DE_1022,2026-06-06 22:00:00,0.474,valid
DE_1022,2026-06-06 22:15:00,0.418,valid
DE_1022,2026-06-06 22:30:00,0.475,valid
DE_1022,2026-06-06 22:45:00,0.506,valid
DE_1022,2026-06-06 23:00:00,0.426,valid
DE_1022,2026-06-06 23:15:00,0.487,valid
DE_1022,2026-06-06 23:30:00,0.534,valid
DE_1022,2026-06-06 23:45:00,0.547,valid
DE_1022,2026-06-07 00:00:00,0.475,valid
DE_1022,2026-06-07 00:15:00,0.479,valid
DE_1022,2026-06-07 00:30:00,0.503,valid
DE_1022,2026-06-07 00:45:00,0.623,valid
DE_1022,2026-06-07 01:15:00,0.4,valid
DE_1022,2026-06-07 01:30:00,0.525,valid
DE_1022,2026-06-07 01:45:00,0.403,valid
DE_1022,2026-06-07 02:00:00,0.467,valid
DE_1022,2026-06-07 02:15:00,0.419,valid
DE_1022,2026-06-07 02:30:00,0.509,valid
DE_1022,2026-06-07 02:45:00,0.427,valid
DE_1022,2026-06-07 03:00:00,0.478,valid
DE_1022,2026-06-07 03:15:00,0.387,valid
DE_1022,2026-06-07 03:30:00,0.466,valid
DE_1022,2026-06-07 03:45:00,0.456,valid
DE_1022,2026-06-07 04:00:00,0.395,valid
DE_1022,2026-06-07 04:15:00,0.476,valid
DE_1022,2026-06-07 04:30:00,0.428,valid
DE_1022,2026-06-07 04:45:00,0.384,valid
DE_1022,2026-06-07 05:00:00,0.381,valid
DE_1022,2026-06-07 05:15:00,0.295,valid
DE_1022,2026-06-07 05:30:00,0.403,valid
DE_1022,2026-06-07 05:45:00,0.362,valid
DE_1022,2026-06-07 06:00:00,0.397,valid
DE_1022,2026-06-07 06:15:00,0.333,valid
DE_1022,2026-06-07 06:30:00,0.38,valid
DE_1022,2026-06-07 06:45:00,0.344,valid
DE_1022,2026-06-07 07:00:00,0.358,valid
DE_1022,2026-06-07 07:15:00,0.313,valid
DE_1022,2026-06-07 07:30:00,0.309,valid
DE_1022,2026-06-07 07:45:00,0.282,valid
DE_1022,2026-06-07 08:00:00,0.241,valid
DE_1022,2026-06-07 08:15:00,0.252,valid
DE_1022,2026-06-07 08:30:00,0.379,valid
DE_1022,2026-06-07 08:45:00,0.359,valid
DE_1022,2026-06-07 09:00:00,0.297,valid
DE_1022,2026-06-07 09:15:00,0.266,valid
DE_1022,2026-06-07 09:30:00,0.263,valid
DE_1022,2026-06-07 09:45:00,0.228,valid
DE_1022,2026-06-07 10:00:00,0.321,valid
DE_1022,2026-06-07 10:15:00,0.262,valid
DE_1022,2026-06-07 10:30:00,0.126,valid
DE_1022,2026-06-07 10:45:00,0.235,valid
DE_1022,2026-06-07 11:00:00,0.286,valid
DE_1022,2026-06-07 11:15:00,0.205,valid
DE_1022,2026-06-07 11:30:00,0.269,valid
DE_1022,2026-06-07 11:45:00,0.229,valid
DE_1022,2026-06-07 12:00:00,0.125,valid
DE_1022,2026-06-07 12:15:00,0.206,valid
DE_1022,2026-06-07 12:30:00,0.216,valid
DE_1022,2026-06-07 12:45:00,0.168,valid
DE_1022,2026-06-07 13:00:00,0.249,valid
DE_1022,2026-06-07 13:15:00,0.291,valid
DE_1022,2026-06-07 13:30:00,0.28,valid
DE_1022,2026-06-07 13:45:00,0.276,valid
DE_1022,2026-06-07 14:00:00,0.185,valid
DE_1022,2026-06-07 14:15:00,0.245,valid
DE_1022,2026-06-07 14:30:00,0.272,valid
DE_1022,2026-06-07 14:45:00,0.239,valid
DE_1022,2026-06-07 15:00:00,0.218,valid
DE_1022,2026-06-07 15:15:00,0.282,valid
DE_1022,2026-06-07 15:30:00,0.333,valid
DE_1022,2026-06-07 15:45:00,0.293,valid
DE_1022,2026-06-07 16:00:00,0.281,valid
DE_1022,2026-06-07 16:15:00,0.237,valid
DE_1022,2026-06-07 16:30:00,0.298,valid
DE_1022,2026-06-07 16:45:00,0.314,valid
DE_1022,2026-06-07 17:00:00,0.343,valid
DE_1022,2026-06-07 17:15:00,0.296,valid
DE_1022,2026-06-07 17:30:00,0.309,valid
DE_1022,2026-06-07 18:00:00,0.307,valid
DE_1022,2026-06-07 18:15:00,0.363,valid
DE_1022,2026-06-07 18:30:00,0.339,valid
DE_1022,2026-06-07 18:45:00,0.371,valid
DE_1022,2026-06-07 19:00:00,0.369,valid
DE_1022,2026-06-07 19:15:00,0.328,valid
DE_1022,2026-06-07 19:30:00,0.445,valid
DE_1022,2026-06-07 19:45:00,0.314,valid
DE_1022,2026-06-07 20:00:00,0.304,valid
DE_1022,2026-06-07 20:15:00,0.415,valid
DE_1022,2026-06-07 20:30:00,0.364,valid
DE_1022,2026-06-07 20:45:00,0.394,valid
DE_1022,2026-06-07 21:00:00,0.338,valid
DE_1022,2026-06-07 21:15:00,0.469,valid
DE_1022,2026-06-07 21:30:00,0.547,valid
DE_1022,2026-06-07 21:45:00,0.461,valid
DE_1022,2026-06-07 22:00:00,0.44,valid
DE_1022,2026-06-07 22:15:00,0.546,valid
DE_1022,2026-06-07 22:30:00,0.427,valid
DE_1022,2026-06-07 22:45:00,0.382,valid
DE_1022,2026-06-07 23:00:00,0.57,valid
DE_1022,2026-06-07 23:15:00,0.553,valid
DE_1022,2026-06-07 23:30:00,0.479,valid
DE_1022,2026-06-07 23:45:00,0.462,valid
DE_1023,2026-06-01 00:00:00,0.466,valid
DE_1023,2026-06-01 00:15:00,0.544,valid
DE_1023,2026-06-01 00:30:00,0.409,valid
DE_1023,2026-06-01 01:00:00,0.523,valid
DE_1023,2026-06-01 01:15:00,0.521,valid
DE_1023,2026-06-01 01:30:00,0.458,valid
DE_1023,2026-06-01 01:45:00,0.478,valid
DE_1023,2026-06-01 02:00:00,0.447,valid
DE_1023,2026-06-01 02:15:00,0.424,valid
DE_1023,2026-06-01 02:30:00,0.411,valid
DE_1023,2026-06-01 02:45:00,0.455,valid
DE_1023,2026-06-01 03:00:00,0.491,valid
DE_1023,2026-06-01 03:15:00,0.495,valid
DE_1023,2026-06-01 03:30:00,0.328,valid
DE_1023,2026-06-01 03:45:00,0.408,valid
DE_1023,2026-06-01 04:00:00,0.383,valid
DE_1023,2026-06-01 04:15:00,0.424,valid
DE_1023,2026-06-01 04:30:00,0.429,valid
DE_1023,2026-06-01 04:45:00,0.434,valid
DE_1023,2026-06-01 05:00:00,0.408,valid
DE_1023,2026-06-01 05:15:00,0.29,valid
DE_1023,2026-06-01 05:30:00,0.359,valid
DE_1023,2026-06-01 05:45:00,0.383,valid
DE_1023,2026-06-01 06:00:00,0.311,valid
DE_1023,2026-06-01 06:15:00,0.427,valid
DE_1023,2026-06-01 06:45:00,0.346,valid
DE_1023,2026-06-01 07:00:00,0.274,valid
DE_1023,2026-06-01 07:15:00,0.342,valid
DE_1023,2026-06-01 07:45:00,0.354,valid
DE_1023,2026-06-01 08:00:00,0.255,valid
DE_1023,2026-06-01 08:15:00,0.302,valid
DE_1023,2026-06-01 08:30:00,0.257,valid
DE_1023,2026-06-01 08:45:00,0.37,valid
DE_1023,2026-06-01 09:00:00,0.245,valid
DE_1023,2026-06-01 09:15:00,0.22,valid
DE_1023,2026-06-01 09:30:00,0.239,valid
DE_1023,2026-06-01 09:45:00,0.331,valid
DE_1023,2026-06-01 10:00:00,0.337,valid
DE_1023,2026-06-01 10:15:00,0.23,valid
DE_1023,2026-06-01 10:30:00,0.218,valid
DE_1023,2026-06-01 10:45:00,0.322,valid
DE_1023,2026-06-01 11:00:00,0.201,valid
DE_1023,2026-06-01 11:15:00,0.205,valid
DE_1023,2026-06-01 11:30:00,0.312,valid
DE_1023,2026-06-01 11:45:00,0.316,valid
DE_1023,2026-06-01 12:00:00,0.311,valid
DE_1023,2026-06-01 12:15:00,0.13,valid
DE_1023,2026-06-01 12:30:00,0.22,valid
DE_1023,2026-06-01 12:45:00,0.151,valid
DE_1023,2026-06-01 13:00:00,0.212,valid
DE_1023,2026-06-01 13:15:00,0.249,valid
DE_1023,2026-06-01 13:30:00,0.286,valid
DE_1023,2026-06-01 13:45:00,0.142,valid
DE_1023,2026-06-01 14:00:00,0.337,valid
DE_1023,2026-06-01 14:15:00,0.274,valid
DE_1023,2026-06-01 14:30:00,0.225,valid
DE_1023,2026-06-01 14:45:00,0.276,valid
DE_1023,2026-06-01 15:00:00,0.253,valid
DE_1023,2026-06-01 15:15:00,0.246,valid
DE_1023,2026-06-01 15:30:00,0.301,valid
DE_1023,2026-06-01 15:45:00,0.268,valid
DE_1023,2026-06-01 16:00:00,0.374,valid
DE_1023,2026-06-01 16:15:00,0.228,valid
DE_1023,2026-06-01 16:30:00,0.342,valid
DE_1023,2026-06-01 16:45:00,0.221,valid
DE_1023,2026-06-01 17:00:00,0.338,valid
DE_1023,2026-06-01 17:15:00,0.311,valid
DE_1023,2026-06-01 17:30:00,0.371,valid
DE_1023,2026-06-01 17:45:00,0.327,valid
DE_1023,2026-06-01 18:00:00,0.383,valid
DE_1023,2026-06-01 18:15:00,0.357,valid
DE_1023,2026-06-01 18:30:00,0.307,valid
DE_1023,2026-06-01 18:45:00,0.303,valid
DE_1023,2026-06-01 18:45:00,0.303,valid
DE_1023,2026-06-01 19:00:00,0.385,valid
DE_1023,2026-06-01 19:15:00,0.396,valid
DE_1023,2026-06-01 19:30:00,0.343,valid
DE_1023,2026-06-01 19:45:00,0.467,valid
DE_1023,2026-06-01 20:00:00,0.351,valid
DE_1023,2026-06-01 20:15:00,0.392,valid
DE_1023,2026-06-01 20:30:00,0.26,valid
DE_1023,2026-06-01 20:45:00,0.316,valid
DE_1023,2026-06-01 21:00:00,0.366,valid
DE_1023,2026-06-01 21:15:00,0.428,valid
DE_1023,2026-06-01 21:30:00,0.515,valid
DE_1023,2026-06-01 21:45:00,0.302,valid
DE_1023,2026-06-01 22:00:00,0.46,valid
DE_1023,2026-06-01 22:15:00,0.504,valid
DE_1023,2026-06-01 22:30:00,0.415,valid
DE_1023,2026-06-01 22:45:00,0.409,valid
DE_1023,2026-06-01 23:00:00,0.543,valid
DE_1023,2026-06-01 23:15:00,0.453,valid
DE_1023,2026-06-01 23:30:00,0.478,valid
DE_1023,2026-06-01 23:45:00,0.48,valid
DE_1023,2026-06-02 00:00:00,0.46,valid
DE_1023,2026-06-02 00:15:00,0.545,valid
DE_1023,2026-06-02 00:30:00,0.498,valid
DE_1023,2026-06-02 00:45:00,0.47,valid
DE_1023,2026-06-02 01:00:00,0.452,valid
DE_1023,2026-06-02 01:15:00,0.5,valid
DE_1023,2026-06-02 01:30:00,0.534,valid
DE_1023,2026-06-02 01:45:00,0.459,valid
DE_1023,2026-06-02 02:00:00,0.461,valid
DE_1023,2026-06-02 02:15:00,0.421,valid
DE_1023,2026-06-02 02:30:00,0.361,valid
DE_1023,2026-06-02 02:45:00,0.425,valid
DE_1023,2026-06-02 03:00:00,0.422,valid
DE_1023,2026-06-02 03:15:00,0.393,valid
DE_1023,2026-06-02 03:30:00,0.456,valid
DE_1023,2026-06-02 04:00:00,0.46,valid
DE_1023,2026-06-02 04:15:00,0.475,valid
DE_1023,2026-06-02 04:30:00,0.443,valid
DE_1023,2026-06-02 04:45:00,0.402,valid
DE_1023,2026-06-02 05:00:00,0.416,valid
DE_1023,2026-06-02 05:15:00,0.402,valid
DE_1023,2026-06-02 05:30:00,0.397,valid
DE_1023,2026-06-02 05:45:00,0.376,valid
DE_1023,2026-06-02 06:00:00,0.351,valid
DE_1023,2026-06-02 06:15:00,0.389,valid
DE_1023,2026-06-02 06:30:00,0.393,valid
DE_1023,2026-06-02 06:45:00,0.417,valid
DE_1023,2026-06-02 07:00:00,0.314,valid
DE_1023,2026-06-02 07:15:00,0.328,valid
DE_1023,2026-06-02 07:30:00,0.354,valid
DE_1023,2026-06-02 07:45:00,0.374,valid
DE_1023,2026-06-02 08:00:00,0.279,valid
DE_1023,2026-06-02 08:15:00,0.298,valid
DE_1023,2026-06-02 08:30:00,0.215,valid
DE_1023,2026-06-02 08:45:00,0.324,valid
DE_1023,2026-06-02 09:00:00,0.321,valid
DE_1023,2026-06-02 09:15:00,0.241,valid
DE_1023,2026-06-02 09:30:00,0.239,valid
DE_1023,2026-06-02 09:45:00,0.35,valid
DE_1023,2026-06-02 10:00:00,0.204,valid
DE_1023,2026-06-02 10:15:00,0.303,valid
DE_1023,2026-06-02 10:30:00,0.201,valid
DE_1023,2026-06-02 10:45:00,0.255,valid
DE_1023,2026-06-02 11:00:00,0.303,valid
DE_1023,2026-06-02 11:15:00,0.134,valid
DE_1023,2026-06-02 11:30:00,0.193,valid
DE_1023,2026-06-02 11:45:00,0.287,valid
DE_1023,2026-06-02 12:00:00,0.114,valid
DE_1023,2026-06-02 12:15:00,0.194,valid
DE_1023,2026-06-02 12:30:00,0.173,valid
DE_1023,2026-06-02 12:45:00,0.152,valid
DE_1023,2026-06-02 13:00:00,0.276,valid
DE_1023,2026-06-02 13:15:00,0.188,valid
DE_1023,2026-06-02 13:30:00,0.219,valid
DE_1023,2026-06-02 13:45:00,0.175,valid
DE_1023,2026-06-02 14:00:00,0.22,valid
DE_1023,2026-06-02 14:15:00,0.24,valid
DE_1023,2026-06-02 14:30:00,0.226,valid
DE_1023,2026-06-02 14:45:00,0.259,valid
DE_1023,2026-06-02 15:00:00,0.257,valid
DE_1023,2026-06-02 15:15:00,0.279,valid
DE_1023,2026-06-02 15:30:00,0.262,valid
DE_1023,2026-06-02 15:45:00,0.244,valid
DE_1023,2026-06-02 16:00:00,0.319,valid
DE_1023,2026-06-02 16:15:00,0.221,valid
DE_1023,2026-06-02 16:30:00,0.365,valid
DE_1023,2026-06-02 16:45:00,0.267,valid
DE_1023,2026-06-02 17:00:00,0.448,valid
DE_1023,2026-06-02 17:15:00,0.299,valid
DE_1023,2026-06-02 17:30:00,0.365,valid
DE_1023,2026-06-02 17:45:00,0.305,valid
DE_1023,2026-06-02 18:00:00,0.381,valid
DE_1023,2026-06-02 18:15:00,0.408,valid
DE_1023,2026-06-02 18:30:00,0.287,valid
DE_1023,2026-06-02 18:45:00,0.322,valid
DE_1023,2026-06-02 19:00:00,0.369,valid
DE_1023,2026-06-02 19:15:00,0.272,valid
DE_1023,2026-06-02 19:30:00,0.453,valid
DE_1023,2026-06-02 19:45:00,0.353,valid
DE_1023,2026-06-02 20:00:00,0.422,valid
DE_1023,2026-06-02 20:15:00,0.33,valid
DE_1023,2026-06-02 20:30:00,0.338,valid
DE_1023,2026-06-02 20:45:00,0.364,valid
DE_1023,2026-06-02 21:00:00,0.43,valid
DE_1023,2026-06-02 21:15:00,0.488,valid
DE_1023,2026-06-02 21:30:00,0.428,valid
DE_1023,2026-06-02 21:45:00,0.455,valid
DE_1023,2026-06-02 22:00:00,0.406,valid
DE_1023,2026-06-02 22:15:00,0.386,valid
DE_1023,2026-06-02 22:30:00,0.452,valid
DE_1023,2026-06-02 22:45:00,0.516,valid
DE_1023,2026-06-02 23:15:00,0.454,valid
DE_1023,2026-06-02 23:30:00,0.435,valid
DE_1023,2026-06-02 23:45:00,0.46,valid
DE_1023,2026-06-03 00:00:00,0.45,valid
DE_1023,2026-06-03 00:15:00,0.529,valid
DE_1023,2026-06-03 00:30:00,0.45,valid
DE_1023,2026-06-03 00:45:00,0.436,valid
DE_1023,2026-06-03 01:15:00,0.451,valid
DE_1023,2026-06-03 01:30:00,0.49,valid
DE_1023,2026-06-03 01:45:00,0.436,valid
DE_1023,2026-06-03 02:00:00,0.511,valid
DE_1023,2026-06-03 02:15:00,0.427,valid
DE_1023,2026-06-03 02:30:00,0.447,valid
DE_1023,2026-06-03 02:45:00,0.488,valid
DE_1023,2026-06-03 03:00:00,0.457,valid
DE_1023,2026-06-03 03:15:00,0.345,valid
DE_1023,2026-06-03 03:30:00,0.363,valid
DE_1023,2026-06-03 03:45:00,0.373,valid
DE_1023,2026-06-03 04:00:00,0.423,valid
DE_1023,2026-06-03 04:15:00,0.449,valid
DE_1023,2026-06-03 04:30:00,0.445,valid
DE_1023,2026-06-03 04:45:00,0.312,valid
DE_1023,2026-06-03 05:00:00,0.345,valid
DE_1023,2026-06-03 05:15:00,0.387,valid
DE_1023,2026-06-03 05:30:00,0.384,valid
DE_1023,2026-06-03 05:45:00,0.392,valid
DE_1023,2026-06-03 06:00:00,0.385,valid
DE_1023,2026-06-03 06:15:00,0.363,valid
DE_1023,2026-06-03 06:30:00,0.396,valid
DE_1023,2026-06-03 06:45:00,0.317,valid
DE_1023,2026-06-03 07:15:00,0.315,valid
DE_1023,2026-06-03 07:30:00,0.369,valid
DE_1023,2026-06-03 07:45:00,0.363,valid
DE_1023,2026-06-03 08:00:00,0.335,valid
DE_1023,2026-06-03 08:15:00,0.273,valid
DE_1023,2026-06-03 08:30:00,0.244,valid
DE_1023,2026-06-03 09:00:00,0.307,valid
DE_1023,2026-06-03 09:15:00,0.256,valid
DE_1023,2026-06-03 09:30:00,0.329,valid
DE_1023,2026-06-03 09:45:00,0.349,valid
DE_1023,2026-06-03 10:00:00,0.25,valid
DE_1023,2026-06-03 10:15:00,0.227,valid
DE_1023,2026-06-03 10:30:00,0.263,valid
DE_1023,2026-06-03 10:45:00,0.202,valid
DE_1023,2026-06-03 11:00:00,0.25,valid
DE_1023,2026-06-03 11:15:00,0.129,valid
DE_1023,2026-06-03 11:30:00,0.196,valid
DE_1023,2026-06-03 11:45:00,0.216,valid
DE_1023,2026-06-03 12:00:00,0.229,valid
DE_1023,2026-06-03 12:15:00,0.174,valid
DE_1023,2026-06-03 12:30:00,0.136,valid
DE_1023,2026-06-03 12:45:00,0.177,valid
DE_1023,2026-06-03 13:00:00,0.322,valid
DE_1023,2026-06-03 13:15:00,0.187,valid
DE_1023,2026-06-03 13:30:00,0.166,valid
DE_1023,2026-06-03 13:45:00,0.218,valid
DE_1023,2026-06-03 14:00:00,0.208,valid
DE_1023,2026-06-03 14:15:00,0.231,valid
DE_1023,2026-06-03 14:30:00,0.27,valid
DE_1023,2026-06-03 14:45:00,0.33,valid
DE_1023,2026-06-03 15:00:00,0.262,valid
DE_1023,2026-06-03 15:15:00,0.229,valid
DE_1023,2026-06-03 15:30:00,0.243,valid
DE_1023,2026-06-03 15:45:00,0.272,valid
DE_1023,2026-06-03 16:00:00,0.267,valid
DE_1023,2026-06-03 16:15:00,0.262,valid
DE_1023,2026-06-03 16:30:00,0.388,valid
DE_1023,2026-06-03 16:45:00,0.336,valid
DE_1023,2026-06-03 17:00:00,0.326,valid
DE_1023,2026-06-03 17:15:00,0.152,valid
DE_1023,2026-06-03 17:30:00,0.329,valid
DE_1023,2026-06-03 17:45:00,0.292,valid
DE_1023,2026-06-03 18:00:00,0.343,valid
DE_1023,2026-06-03 18:15:00,0.392,valid
DE_1023,2026-06-03 18:30:00,0.414,valid
DE_1023,2026-06-03 18:45:00,0.316,valid
DE_1023,2026-06-03 19:00:00,0.414,valid
DE_1023,2026-06-03 19:15:00,0.285,valid
DE_1023,2026-06-03 19:30:00,0.353,valid
DE_1023,2026-06-03 19:45:00,0.364,valid
DE_1023,2026-06-03 20:00:00,0.487,valid
DE_1023,2026-06-03 20:15:00,0.438,valid
DE_1023,2026-06-03 20:30:00,0.418,valid
DE_1023,2026-06-03 20:45:00,0.429,valid
DE_1023,2026-06-03 21:00:00,0.41,valid
DE_1023,2026-06-03 21:15:00,0.319,valid
DE_1023,2026-06-03 21:30:00,0.432,valid
DE_1023,2026-06-03 21:45:00,0.417,valid
DE_1023,2026-06-03 22:00:00,0.489,valid
DE_1023,2026-06-03 22:15:00,0.503,valid
DE_1023,2026-06-03 22:30:00,0.465,valid
DE_1023,2026-06-03 22:45:00,0.37,valid
DE_1023,2026-06-03 23:00:00,0.435,valid
DE_1023,2026-06-03 23:15:00,0.451,valid
DE_1023,2026-06-03 23:30:00,0.517,valid
DE_1023,2026-06-03 23:45:00,0.481,valid
DE_1023,2026-06-04 00:00:00,0.428,valid
DE_1023,2026-06-04 00:15:00,0.51,valid
DE_1023,2026-06-04 00:30:00,0.497,valid
DE_1023,2026-06-04 00:45:00,0.467,valid
DE_1023,2026-06-04 01:00:00,0.45,valid
DE_1023,2026-06-04 01:15:00,0.454,valid
DE_1023,2026-06-04 01:30:00,0.527,valid
DE_1023,2026-06-04 01:45:00,0.477,valid
DE_1023,2026-06-04 02:00:00,0.416,valid
DE_1023,2026-06-04 02:15:00,0.456,valid
DE_1023,2026-06-04 02:30:00,0.432,valid
DE_1023,2026-06-04 02:45:00,0.438,valid
DE_1023,2026-06-04 03:00:00,0.452,valid
DE_1023,2026-06-04 03:15:00,0.419,valid
DE_1023,2026-06-04 03:30:00,0.452,valid
DE_1023,2026-06-04 03:45:00,0.434,valid
DE_1023,2026-06-04 04:00:00,0.42,valid
DE_1023,2026-06-04 04:15:00,0.428,valid
DE_1023,2026-06-04 04:30:00,0.456,valid
DE_1023,2026-06-04 04:45:00,0.451,valid
DE_1023,2026-06-04 05:00:00,0.358,valid
DE_1023,2026-06-04 05:15:00,0.322,valid
DE_1023,2026-06-04 05:30:00,0.303,valid
DE_1023,2026-06-04 05:45:00,0.39,valid
DE_1023,2026-06-04 06:00:00,0.414,valid
DE_1023,2026-06-04 06:15:00,0.373,valid
DE_1023,2026-06-04 06:30:00,0.349,valid
DE_1023,2026-06-04 06:45:00,0.328,valid
DE_1023,2026-06-04 07:00:00,0.364,valid
DE_1023,2026-06-04 07:15:00,0.358,valid
DE_1023,2026-06-04 07:30:00,0.347,valid
DE_1023,2026-06-04 07:45:00,0.348,valid
DE_1023,2026-06-04 08:00:00,0.358,valid
DE_1023,2026-06-04 08:15:00,0.355,valid
DE_1023,2026-06-04 08:30:00,0.224,valid
DE_1023,2026-06-04 08:45:00,0.326,valid
DE_1023,2026-06-04 09:00:00,0.215,valid
DE_1023,2026-06-04 09:15:00,0.178,valid
DE_1023,2026-06-04 09:30:00,0.282,valid
DE_1023,2026-06-04 09:45:00,0.159,valid
DE_1023,2026-06-04 10:00:00,0.272,valid
DE_1023,2026-06-04 10:15:00,0.316,valid
DE_1023,2026-06-04 10:30:00,0.248,valid
DE_1023,2026-06-04 10:45:00,0.236,valid
DE_1023,2026-06-04 11:00:00,0.177,valid
DE_1023,2026-06-04 11:15:00,0.202,valid
DE_1023,2026-06-04 11:30:00,0.193,valid
DE_1023,2026-06-04 11:45:00,0.278,valid
DE_1023,2026-06-04 12:00:00,0.171,valid
DE_1023,2026-06-04 12:15:00,0.153,valid
DE_1023,2026-06-04 12:30:00,0.265,valid
DE_1023,2026-06-04 12:45:00,0.136,valid
DE_1023,2026-06-04 13:00:00,0.229,valid
DE_1023,2026-06-04 13:15:00,0.202,valid
DE_1023,2026-06-04 13:30:00,0.229,valid
DE_1023,2026-06-04 13:45:00,0.184,valid
DE_1023,2026-06-04 14:00:00,0.283,valid
DE_1023,2026-06-04 14:15:00,0.274,valid
DE_1023,2026-06-04 14:30:00,0.269,valid
DE_1023,2026-06-04 14:45:00,0.177,valid
DE_1023,2026-06-04 15:00:00,0.256,valid
DE_1023,2026-06-04 15:15:00,0.255,valid
DE_1023,2026-06-04 15:30:00,0.272,valid
DE_1023,2026-06-04 16:00:00,0.228,valid
DE_1023,2026-06-04 16:15:00,0.178,valid
DE_1023,2026-06-04 16:30:00,0.324,valid
DE_1023,2026-06-04 16:45:00,0.333,valid
DE_1023,2026-06-04 17:00:00,0.391,valid
DE_1023,2026-06-04 17:15:00,0.394,valid
DE_1023,2026-06-04 17:30:00,0.26,valid
DE_1023,2026-06-04 17:45:00,0.283,valid
DE_1023,2026-06-04 18:00:00,0.262,valid
DE_1023,2026-06-04 18:45:00,0.256,valid
DE_1023,2026-06-04 19:00:00,0.45,valid
DE_1023,2026-06-04 19:15:00,0.408,valid
DE_1023,2026-06-04 19:30:00,0.324,valid
DE_1023,2026-06-04 19:45:00,0.3,valid
DE_1023,2026-06-04 20:00:00,0.416,valid
DE_1023,2026-06-04 20:15:00,0.472,valid
DE_1023,2026-06-04 20:30:00,0.378,valid
DE_1023,2026-06-04 20:45:00,0.385,valid
DE_1023,2026-06-04 21:00:00,0.405,valid
DE_1023,2026-06-04 21:15:00,0.37,valid
DE_1023,2026-06-04 21:30:00,0.447,valid
DE_1023,2026-06-04 21:45:00,0.427,valid
DE_1023,2026-06-04 22:00:00,0.475,valid
DE_1023,2026-06-04 22:15:00,0.445,valid
DE_1023,2026-06-04 22:30:00,0.442,valid
DE_1023,2026-06-04 22:45:00,0.502,valid
DE_1023,2026-06-04 23:00:00,0.447,valid
DE_1023,2026-06-04 23:15:00,0.509,valid
DE_1023,2026-06-04 23:30:00,0.446,valid
DE_1023,2026-06-04 23:45:00,0.507,valid
DE_1023,2026-06-05 00:00:00,0.531,valid
DE_1023,2026-06-05 00:15:00,0.484,valid
DE_1023,2026-06-05 00:30:00,0.617,valid
DE_1023,2026-06-05 00:45:00,0.52,valid
DE_1023,2026-06-05 01:00:00,0.541,valid
DE_1023,2026-06-05 01:15:00,0.419,valid
DE_1023,2026-06-05 01:30:00,0.625,valid
DE_1023,2026-06-05 01:45:00,0.499,valid
DE_1023,2026-06-05 02:00:00,0.497,valid
DE_1023,2026-06-05 02:15:00,0.428,valid
DE_1023,2026-06-05 02:30:00,0.431,valid
DE_1023,2026-06-05 02:45:00,0.473,valid
DE_1023,2026-06-05 03:00:00,0.432,valid
DE_1023,2026-06-05 03:15:00,0.483,valid
DE_1023,2026-06-05 03:30:00,0.488,valid
DE_1023,2026-06-05 03:45:00,0.45,valid
DE_1023,2026-06-05 04:00:00,0.474,valid
DE_1023,2026-06-05 04:15:00,0.43,valid
DE_1023,2026-06-05 04:30:00,0.452,valid
DE_1023,2026-06-05 05:00:00,0.382,valid
DE_1023,2026-06-05 05:15:00,0.367,valid
DE_1023,2026-06-05 05:30:00,0.379,valid
DE_1023,2026-06-05 05:45:00,0.401,valid
DE_1023,2026-06-05 06:00:00,0.336,valid
DE_1023,2026-06-05 06:15:00,0.421,valid
DE_1023,2026-06-05 06:30:00,0.387,valid
DE_1023,2026-06-05 06:45:00,0.323,valid
DE_1023,2026-06-05 07:00:00,0.318,valid
DE_1023,2026-06-05 07:15:00,0.425,valid
DE_1023,2026-06-05 07:30:00,0.361,valid
DE_1023,2026-06-05 07:45:00,0.258,valid
DE_1023,2026-06-05 08:00:00,0.278,valid
DE_1023,2026-06-05 08:15:00,0.272,valid
DE_1023,2026-06-05 08:30:00,0.29,valid
DE_1023,2026-06-05 08:45:00,0.26,valid
DE_1023,2026-06-05 09:00:00,0.275,valid
DE_1023,2026-06-05 09:15:00,0.301,valid
DE_1023,2026-06-05 09:30:00,0.194,valid
DE_1023,2026-06-05 09:45:00,0.202,valid
DE_1023,2026-06-05 10:00:00,0.201,valid
DE_1023,2026-06-05 10:15:00,0.283,valid
DE_1023,2026-06-05 10:30:00,0.311,valid
DE_1023,2026-06-05 10:45:00,0.213,valid
DE_1023,2026-06-05 11:00:00,0.153,valid
DE_1023,2026-06-05 11:15:00,0.303,valid
DE_1023,2026-06-05 11:30:00,0.218,valid
DE_1023,2026-06-05 11:45:00,0.242,valid
DE_1023,2026-06-05 12:00:00,0.13,valid
DE_1023,2026-06-05 12:15:00,0.226,valid
DE_1023,2026-06-05 12:30:00,0.248,valid
DE_1023,2026-06-05 12:45:00,0.199,valid
DE_1023,2026-06-05 13:00:00,0.198,valid
DE_1023,2026-06-05 13:15:00,0.239,valid
DE_1023,2026-06-05 13:30:00,0.226,valid
DE_1023,2026-06-05 13:45:00,0.282,valid
DE_1023,2026-06-05 14:00:00,0.325,valid
DE_1023,2026-06-05 14:15:00,0.309,valid
DE_1023,2026-06-05 14:30:00,0.25,valid
DE_1023,2026-06-05 14:45:00,0.303,valid
DE_1023,2026-06-05 15:00:00,0.324,valid
DE_1023,2026-06-05 15:15:00,0.316,valid
DE_1023,2026-06-05 15:30:00,0.286,valid
DE_1023,2026-06-05 15:45:00,0.186,valid
DE_1023,2026-06-05 16:00:00,0.286,valid
DE_1023,2026-06-05 16:15:00,0.299,valid
DE_1023,2026-06-05 16:30:00,0.409,valid
DE_1023,2026-06-05 16:45:00,0.318,valid
DE_1023,2026-06-05 17:00:00,0.342,valid
DE_1023,2026-06-05 17:15:00,0.264,valid
DE_1023,2026-06-05 17:30:00,0.366,valid
DE_1023,2026-06-05 17:45:00,0.355,valid
DE_1023,2026-06-05 18:00:00,0.352,valid
DE_1023,2026-06-05 18:15:00,0.328,valid
DE_1023,2026-06-05 18:30:00,0.382,valid
DE_1023,2026-06-05 18:45:00,0.401,valid
DE_1023,2026-06-05 19:00:00,0.317,valid
DE_1023,2026-06-05 19:15:00,0.358,valid
DE_1023,2026-06-05 19:30:00,0.403,valid
DE_1023,2026-06-05 19:45:00,0.306,valid
DE_1023,2026-06-05 20:00:00,0.373,valid
DE_1023,2026-06-05 20:15:00,0.409,valid
DE_1023,2026-06-05 20:30:00,0.478,valid
DE_1023,2026-06-05 20:45:00,0.415,valid
DE_1023,2026-06-05 21:00:00,0.502,valid
DE_1023,2026-06-05 21:15:00,0.412,valid
DE_1023,2026-06-05 21:30:00,0.393,valid
DE_1023,2026-06-05 21:45:00,0.433,valid
DE_1023,2026-06-05 22:00:00,0.503,valid
DE_1023,2026-06-05 22:30:00,0.451,valid
DE_1023,2026-06-05 22:45:00,0.506,valid
DE_1023,2026-06-05 23:00:00,0.478,valid
DE_1023,2026-06-05 23:15:00,0.495,valid
DE_1023,2026-06-05 23:30:00,0.572,valid
DE_1023,2026-06-05 23:45:00,0.505,valid
DE_1023,2026-06-06 00:00:00,0.46,valid
DE_1023,2026-06-06 00:15:00,0.547,valid
DE_1023,2026-06-06 00:30:00,0.493,valid
DE_1023,2026-06-06 00:45:00,0.542,valid
DE_1023,2026-06-06 01:00:00,0.485,valid
DE_1023,2026-06-06 01:15:00,0.446,valid
DE_1023,2026-06-06 01:30:00,0.472,valid
DE_1023,2026-06-06 01:45:00,0.464,valid
DE_1023,2026-06-06 02:00:00,0.421,valid
DE_1023,2026-06-06 02:15:00,0.437,valid
DE_1023,2026-06-06 02:30:00,0.39,valid
DE_1023,2026-06-06 02:45:00,0.438,valid
DE_1023,2026-06-06 03:00:00,0.393,valid
DE_1023,2026-06-06 03:15:00,0.467,valid
DE_1023,2026-06-06 03:30:00,0.39,valid
DE_1023,2026-06-06 03:45:00,0.441,valid
DE_1023,2026-06-06 04:00:00,0.425,valid
DE_1023,2026-06-06 04:15:00,0.405,valid
DE_1023,2026-06-06 04:30:00,26.5,valid
DE_1023,2026-06-06 04:45:00,0.401,valid
DE_1023,2026-06-06 05:00:00,0.327,valid
DE_1023,2026-06-06 05:15:00,0.286,valid
DE_1023,2026-06-06 05:30:00,0.391,valid
DE_1023,2026-06-06 05:45:00,0.423,valid
DE_1023,2026-06-06 06:00:00,0.399,valid
DE_1023,2026-06-06 06:15:00,0.249,valid
DE_1023,2026-06-06 06:30:00,0.314,valid
DE_1023,2026-06-06 06:45:00,0.364,valid
DE_1023,2026-06-06 07:00:00,0.279,valid
DE_1023,2026-06-06 07:15:00,0.344,valid
DE_1023,2026-06-06 07:30:00,0.334,valid
DE_1023,2026-06-06 07:45:00,0.307,valid
DE_1023,2026-06-06 08:00:00,0.248,valid
DE_1023,2026-06-06 08:15:00,0.269,valid
DE_1023,2026-06-06 08:30:00,0.338,valid
DE_1023,2026-06-06 08:45:00,0.232,valid
DE_1023,2026-06-06 09:00:00,0.262,valid
DE_1023,2026-06-06 09:15:00,0.277,valid
DE_1023,2026-06-06 09:30:00,0.325,valid
DE_1023,2026-06-06 09:45:00,0.269,valid
DE_1023,2026-06-06 10:00:00,0.212,valid
DE_1023,2026-06-06 10:15:00,0.269,valid
DE_1023,2026-06-06 10:30:00,0.218,valid
DE_1023,2026-06-06 10:45:00,0.308,valid
DE_1023,2026-06-06 11:00:00,0.228,valid
DE_1023,2026-06-06 11:15:00,0.136,valid
DE_1023,2026-06-06 11:30:00,0.288,valid
DE_1023,2026-06-06 11:45:00,0.246,valid
DE_1023,2026-06-06 12:00:00,0.187,valid
DE_1023,2026-06-06 12:15:00,0.178,valid
DE_1023,2026-06-06 12:30:00,0.2,valid
DE_1023,2026-06-06 12:45:00,0.21,valid
DE_1023,2026-06-06 13:00:00,0.188,valid
DE_1023,2026-06-06 13:15:00,0.17,valid
DE_1023,2026-06-06 13:30:00,0.11,valid
DE_1023,2026-06-06 13:45:00,0.193,valid
DE_1023,2026-06-06 14:00:00,0.322,valid
DE_1023,2026-06-06 14:15:00,0.283,valid
DE_1023,2026-06-06 14:30:00,0.255,valid
DE_1023,2026-06-06 14:45:00,0.151,valid
DE_1023,2026-06-06 15:00:00,0.248,valid
DE_1023,2026-06-06 15:15:00,0.246,valid
DE_1023,2026-06-06 15:30:00,0.313,valid
DE_1023,2026-06-06 15:45:00,0.276,valid
DE_1023,2026-06-06 16:00:00,0.318,valid
DE_1023,2026-06-06 16:15:00,0.3,valid
DE_1023,2026-06-06 16:30:00,0.303,valid
DE_1023,2026-06-06 16:45:00,0.286,valid
DE_1023,2026-06-06 17:00:00,0.28,valid
DE_1023,2026-06-06 17:15:00,0.287,valid
DE_1023,2026-06-06 17:30:00,0.34,valid
DE_1023,2026-06-06 17:45:00,0.286,valid
DE_1023,2026-06-06 18:00:00,0.395,valid
DE_1023,2026-06-06 18:15:00,0.269,valid
DE_1023,2026-06-06 18:30:00,0.395,valid
DE_1023,2026-06-06 18:45:00,0.328,valid
DE_1023,2026-06-06 19:00:00,0.256,valid
DE_1023,2026-06-06 19:15:00,0.281,valid
DE_1023,2026-06-06 19:30:00,0.329,valid
DE_1023,2026-06-06 19:45:00,0.32,valid
DE_1023,2026-06-06 20:00:00,0.421,valid
DE_1023,2026-06-06 20:15:00,0.463,valid
DE_1023,2026-06-06 20:30:00,0.364,valid
DE_1023,2026-06-06 20:45:00,0.316,valid
DE_1023,2026-06-06 21:00:00,0.378,valid
DE_1023,2026-06-06 21:15:00,0.468,valid
DE_1023,2026-06-06 21:30:00,0.411,valid
DE_1023,2026-06-06 21:45:00,0.475,valid
DE_1023,2026-06-06 22:00:00,0.433,valid
DE_1023,2026-06-06 22:15:00,0.465,valid
DE_1023,2026-06-06 22:30:00,0.459,valid
DE_1023,2026-06-06 22:45:00,0.49,valid
DE_1023,2026-06-06 23:00:00,0.529,valid
DE_1023,2026-06-06 23:15:00,0.492,valid
DE_1023,2026-06-06 23:30:00,0.471,valid
DE_1023,2026-06-06 23:45:00,0.511,valid
DE_1023,2026-06-07 00:00:00,0.52,valid
DE_1023,2026-06-07 00:15:00,0.539,valid
DE_1023,2026-06-07 00:30:00,0.533,valid
DE_1023,2026-06-07 00:45:00,0.575,valid
DE_1023,2026-06-07 01:00:00,0.548,valid
DE_1023,2026-06-07 01:15:00,0.46,valid
DE_1023,2026-06-07 01:30:00,0.42,valid
DE_1023,2026-06-07 01:45:00,0.438,valid
DE_1023,2026-06-07 02:00:00,0.59,valid
DE_1023,2026-06-07 02:15:00,0.363,valid
DE_1023,2026-06-07 02:30:00,0.442,valid
DE_1023,2026-06-07 02:45:00,0.453,valid
DE_1023,2026-06-07 03:00:00,0.399,valid
DE_1023,2026-06-07 03:15:00,0.318,valid
DE_1023,2026-06-07 03:30:00,0.452,valid
DE_1023,2026-06-07 03:45:00,0.471,valid
DE_1023,2026-06-07 04:00:00,0.473,valid
DE_1023,2026-06-07 04:15:00,0.394,valid
DE_1023,2026-06-07 04:30:00,0.455,valid
DE_1023,2026-06-07 04:45:00,0.409,valid
DE_1023,2026-06-07 05:00:00,0.283,valid
DE_1023,2026-06-07 05:15:00,0.366,valid
DE_1023,2026-06-07 05:30:00,0.345,valid
DE_1023,2026-06-07 05:45:00,0.367,valid
DE_1023,2026-06-07 06:00:00,0.364,valid
DE_1023,2026-06-07 06:15:00,0.359,valid
DE_1023,2026-06-07 06:30:00,0.39,valid
DE_1023,2026-06-07 06:45:00,0.412,valid
DE_1023,2026-06-07 07:00:00,0.414,valid
DE_1023,2026-06-07 07:15:00,0.34,valid
DE_1023,2026-06-07 07:30:00,0.309,valid
DE_1023,2026-06-07 07:45:00,0.309,valid
DE_1023,2026-06-07 08:00:00,0.407,valid
DE_1023,2026-06-07 08:15:00,0.251,valid
DE_1023,2026-06-07 08:30:00,0.384,valid
DE_1023,2026-06-07 09:00:00,0.282,valid
DE_1023,2026-06-07 09:15:00,0.351,valid
DE_1023,2026-06-07 09:30:00,0.275,valid
DE_1023,2026-06-07 09:45:00,0.21,valid
DE_1023,2026-06-07 10:00:00,0.164,valid
DE_1023,2026-06-07 10:15:00,0.191,valid
DE_1023,2026-06-07 10:30:00,0.26,valid
DE_1023,2026-06-07 10:45:00,0.196,valid
DE_1023,2026-06-07 11:00:00,0.24,valid
DE_1023,2026-06-07 11:15:00,0.244,valid
DE_1023,2026-06-07 11:30:00,0.352,valid
DE_1023,2026-06-07 11:45:00,0.206,valid
DE_1023,2026-06-07 12:00:00,0.193,valid
DE_1023,2026-06-07 12:15:00,0.138,valid
DE_1023,2026-06-07 12:30:00,0.109,valid
DE_1023,2026-06-07 12:45:00,0.108,valid
DE_1023,2026-06-07 13:00:00,0.279,valid
DE_1023,2026-06-07 13:15:00,0.199,valid
DE_1023,2026-06-07 13:30:00,0.264,valid
DE_1023,2026-06-07 13:45:00,0.135,valid
DE_1023,2026-06-07 14:00:00,0.363,valid
DE_1023,2026-06-07 14:15:00,0.229,valid
DE_1023,2026-06-07 14:30:00,0.284,valid
DE_1023,2026-06-07 14:45:00,0.224,valid
DE_1023,2026-06-07 15:00:00,0.329,valid
DE_1023,2026-06-07 15:15:00,0.339,valid
DE_1023,2026-06-07 15:30:00,0.177,valid
DE_1023,2026-06-07 15:45:00,0.306,valid
DE_1023,2026-06-07 16:00:00,0.263,valid
DE_1023,2026-06-07 16:15:00,0.347,valid
DE_1023,2026-06-07 16:30:00,0.358,valid
DE_1023,2026-06-07 16:45:00,0.271,valid
DE_1023,2026-06-07 17:00:00,0.27,valid
DE_1023,2026-06-07 17:15:00,0.347,valid
DE_1023,2026-06-07 17:30:00,0.318,valid
DE_1023,2026-06-07 17:45:00,0.328,valid
DE_1023,2026-06-07 18:00:00,0.393,valid
DE_1023,2026-06-07 18:15:00,0.431,valid
DE_1023,2026-06-07 18:30:00,0.349,valid
DE_1023,2026-06-07 18:45:00,0.365,valid
DE_1023,2026-06-07 19:00:00,0.319,valid
DE_1023,2026-06-07 19:15:00,0.384,valid
DE_1023,2026-06-07 19:30:00,0.455,valid
DE_1023,2026-06-07 19:45:00,0.428,valid
DE_1023,2026-06-07 20:00:00,0.427,valid
DE_1023,2026-06-07 20:15:00,0.359,valid
DE_1023,2026-06-07 20:30:00,0.458,valid
DE_1023,2026-06-07 20:45:00,0.434,valid
DE_1023,2026-06-07 21:00:00,0.486,valid
DE_1023,2026-06-07 21:15:00,0.464,valid
DE_1023,2026-06-07 21:30:00,0.45,valid
DE_1023,2026-06-07 21:45:00,0.44,valid
DE_1023,2026-06-07 22:00:00,0.508,valid
DE_1023,2026-06-07 22:15:00,0.403,valid
DE_1023,2026-06-07 22:30:00,0.375,valid
DE_1023,2026-06-07 22:45:00,0.402,valid
DE_1023,2026-06-07 23:00:00,0.433,valid
DE_1023,2026-06-07 23:15:00,0.444,valid
DE_1023,2026-06-07 23:30:00,0.498,valid
DE_1023,2026-06-07 23:45:00,0.459,valid
DE_1024,2026-06-01 00:00:00,0.493,valid
DE_1024,2026-06-01 00:15:00,0.451,valid
DE_1024,2026-06-01 00:30:00,0.57,valid
DE_1024,2026-06-01 00:45:00,0.474,valid
DE_1024,2026-06-01 01:00:00,0.518,valid
DE_1024,2026-06-01 01:15:00,0.415,valid
DE_1024,2026-06-01 01:30:00,0.489,valid
DE_1024,2026-06-01 01:45:00,0.48,valid
DE_1024,2026-06-01 02:00:00,0.402,valid
DE_1024,2026-06-01 02:15:00,0.513,valid
DE_1024,2026-06-01 02:30:00,0.445,valid
DE_1024,2026-06-01 02:45:00,0.538,valid
DE_1024,2026-06-01 03:00:00,0.438,valid
DE_1024,2026-06-01 03:15:00,0.374,valid
DE_1024,2026-06-01 03:30:00,0.416,valid
DE_1024,2026-06-01 03:45:00,0.437,valid
DE_1024,2026-06-01 04:00:00,0.458,valid
DE_1024,2026-06-01 04:15:00,0.358,valid
DE_1024,2026-06-01 04:30:00,0.418,valid
DE_1024,2026-06-01 04:45:00,0.437,valid
DE_1024,2026-06-01 05:00:00,0.435,valid
DE_1024,2026-06-01 05:15:00,0.328,valid
DE_1024,2026-06-01 05:30:00,0.333,valid
DE_1024,2026-06-01 05:45:00,0.359,valid
DE_1024,2026-06-01 06:00:00,0.333,valid
DE_1024,2026-06-01 06:15:00,0.367,valid
DE_1024,2026-06-01 06:30:00,0.41,valid
DE_1024,2026-06-01 06:45:00,0.322,valid
DE_1024,2026-06-01 07:00:00,0.371,valid
DE_1024,2026-06-01 07:15:00,0.268,valid
DE_1024,2026-06-01 07:30:00,0.305,valid
DE_1024,2026-06-01 07:45:00,0.3,valid
DE_1024,2026-06-01 08:00:00,0.234,valid
DE_1024,2026-06-01 08:15:00,0.22,valid
DE_1024,2026-06-01 08:30:00,0.37,valid
DE_1024,2026-06-01 08:45:00,0.265,valid
DE_1024,2026-06-01 09:00:00,0.261,valid
DE_1024,2026-06-01 09:15:00,0.342,valid
DE_1024,2026-06-01 09:30:00,0.247,valid
DE_1024,2026-06-01 09:45:00,0.3,valid
DE_1024,2026-06-01 10:00:00,0.244,valid
DE_1024,2026-06-01 10:15:00,0.318,valid
DE_1024,2026-06-01 10:30:00,0.304,valid
DE_1024,2026-06-01 10:45:00,0.259,valid
DE_1024,2026-06-01 11:00:00,0.218,valid
DE_1024,2026-06-01 11:15:00,0.242,valid
DE_1024,2026-06-01 11:30:00,0.289,valid
DE_1024,2026-06-01 11:45:00,0.23,valid
DE_1024,2026-06-01 12:00:00,0.222,valid
DE_1024,2026-06-01 12:15:00,0.217,valid
DE_1024,2026-06-01 12:30:00,0.247,valid
DE_1024,2026-06-01 12:45:00,0.194,valid
DE_1024,2026-06-01 13:00:00,0.231,valid
DE_1024,2026-06-01 13:15:00,0.132,valid
DE_1024,2026-06-01 13:30:00,0.173,valid
DE_1024,2026-06-01 13:45:00,0.26,valid
DE_1024,2026-06-01 14:00:00,0.292,valid
DE_1024,2026-06-01 14:15:00,0.292,valid
DE_1024,2026-06-01 14:30:00,0.171,valid
DE_1024,2026-06-01 14:45:00,0.21,valid
DE_1024,2026-06-01 15:00:00,0.286,valid
DE_1024,2026-06-01 15:15:00,0.336,valid
DE_1024,2026-06-01 15:30:00,0.217,valid
DE_1024,2026-06-01 15:45:00,0.263,valid
DE_1024,2026-06-01 16:00:00,0.222,valid
DE_1024,2026-06-01 16:15:00,0.232,valid
DE_1024,2026-06-01 16:30:00,0.325,valid
DE_1024,2026-06-01 16:45:00,0.329,valid
DE_1024,2026-06-01 17:00:00,0.174,valid
DE_1024,2026-06-01 17:15:00,0.345,valid
DE_1024,2026-06-01 17:30:00,0.326,valid
DE_1024,2026-06-01 17:45:00,0.271,valid
DE_1024,2026-06-01 18:00:00,0.303,valid
DE_1024,2026-06-01 18:15:00,0.326,valid
DE_1024,2026-06-01 18:30:00,0.337,valid
DE_1024,2026-06-01 18:45:00,0.337,valid
DE_1024,2026-06-01 19:00:00,0.364,valid
DE_1024,2026-06-01 19:15:00,0.408,valid
DE_1024,2026-06-01 19:30:00,0.407,valid
DE_1024,2026-06-01 19:45:00,0.317,valid
DE_1024,2026-06-01 20:00:00,0.403,valid
DE_1024,2026-06-01 20:15:00,0.32,valid
DE_1024,2026-06-01 20:30:00,0.347,valid
DE_1024,2026-06-01 20:45:00,0.465,valid
DE_1024,2026-06-01 21:00:00,0.351,valid
DE_1024,2026-06-01 21:15:00,0.371,valid
DE_1024,2026-06-01 21:30:00,0.527,valid
DE_1024,2026-06-01 21:45:00,0.424,valid
DE_1024,2026-06-01 22:00:00,0.445,valid
DE_1024,2026-06-01 22:15:00,0.427,valid
DE_1024,2026-06-01 22:30:00,0.468,valid
DE_1024,2026-06-01 22:45:00,0.528,valid
DE_1024,2026-06-01 23:00:00,0.511,valid
DE_1024,2026-06-01 23:15:00,0.447,valid
DE_1024,2026-06-01 23:30:00,0.49,valid
DE_1024,2026-06-01 23:45:00,0.473,valid
DE_1024,2026-06-02 00:00:00,0.498,valid
DE_1024,2026-06-02 00:15:00,0.564,valid
DE_1024,2026-06-02 00:30:00,0.537,valid
DE_1024,2026-06-02 00:45:00,0.525,valid
DE_1024,2026-06-02 01:00:00,0.48,valid
DE_1024,2026-06-02 01:15:00,0.466,valid
DE_1024,2026-06-02 01:30:00,0.53,valid
DE_1024,2026-06-02 01:45:00,0.569,valid
DE_1024,2026-06-02 02:00:00,0.442,valid
DE_1024,2026-06-02 02:15:00,0.492,valid
DE_1024,2026-06-02 02:30:00,0.466,valid
DE_1024,2026-06-02 02:45:00,0.47,valid
DE_1024,2026-06-02 03:00:00,0.461,valid
DE_1024,2026-06-02 03:15:00,0.45,valid
DE_1024,2026-06-02 03:30:00,0.457,valid
DE_1024,2026-06-02 03:45:00,0.431,valid
DE_1024,2026-06-02 04:00:00,0.397,valid
DE_1024,2026-06-02 04:15:00,0.412,valid
DE_1024,2026-06-02 04:30:00,0.354,valid
DE_1024,2026-06-02 04:45:00,0.379,valid
DE_1024,2026-06-02 05:00:00,0.452,valid
DE_1024,2026-06-02 05:15:00,0.407,valid
DE_1024,2026-06-02 05:30:00,0.265,valid
DE_1024,2026-06-02 05:45:00,0.386,valid
DE_1024,2026-06-02 06:00:00,0.349,valid
DE_1024,2026-06-02 06:15:00,0.264,valid
DE_1024,2026-06-02 06:30:00,0.377,valid
DE_1024,2026-06-02 06:45:00,0.378,valid
DE_1024,2026-06-02 07:00:00,0.244,valid
DE_1024,2026-06-02 07:15:00,0.305,valid
DE_1024,2026-06-02 07:30:00,0.282,valid
DE_1024,2026-06-02 07:45:00,0.279,valid
DE_1024,2026-06-02 08:00:00,0.378,valid
DE_1024,2026-06-02 08:15:00,0.278,valid
DE_1024,2026-06-02 08:30:00,0.337,valid
DE_1024,2026-06-02 09:00:00,0.254,valid
DE_1024,2026-06-02 09:15:00,0.268,valid
DE_1024,2026-06-02 09:30:00,0.31,valid
DE_1024,2026-06-02 09:45:00,0.294,valid
DE_1024,2026-06-02 10:00:00,0.087,valid
DE_1024,2026-06-02 10:15:00,0.233,valid
DE_1024,2026-06-02 10:30:00,0.272,valid
DE_1024,2026-06-02 10:45:00,0.157,valid
DE_1024,2026-06-02 11:00:00,0.144,valid
DE_1024,2026-06-02 11:15:00,0.147,valid
DE_1024,2026-06-02 11:30:00,0.14,valid
DE_1024,2026-06-02 11:45:00,0.138,valid
DE_1024,2026-06-02 12:00:00,0.134,valid
DE_1024,2026-06-02 12:15:00,0.18,valid
DE_1024,2026-06-02 12:30:00,0.112,valid
DE_1024,2026-06-02 12:45:00,0.178,valid
DE_1024,2026-06-02 13:00:00,0.226,valid
DE_1024,2026-06-02 13:15:00,0.361,valid
DE_1024,2026-06-02 13:30:00,0.17,valid
DE_1024,2026-06-02 13:45:00,0.267,valid
DE_1024,2026-06-02 14:00:00,0.143,valid
DE_1024,2026-06-02 14:15:00,0.292,valid
DE_1024,2026-06-02 14:30:00,0.218,valid
DE_1024,2026-06-02 14:45:00,0.279,valid
DE_1024,2026-06-02 15:00:00,0.292,valid
DE_1024,2026-06-02 15:15:00,0.261,valid
DE_1024,2026-06-02 15:30:00,0.254,valid
DE_1024,2026-06-02 15:45:00,0.308,valid
DE_1024,2026-06-02 16:00:00,0.271,valid
DE_1024,2026-06-02 16:15:00,0.368,valid
DE_1024,2026-06-02 16:30:00,0.353,valid
DE_1024,2026-06-02 16:45:00,0.344,valid
DE_1024,2026-06-02 17:00:00,0.312,valid
DE_1024,2026-06-02 17:15:00,0.251,valid
DE_1024,2026-06-02 17:30:00,0.396,valid
DE_1024,2026-06-02 17:45:00,0.352,valid
DE_1024,2026-06-02 18:00:00,0.303,valid
DE_1024,2026-06-02 18:15:00,0.357,valid
DE_1024,2026-06-02 18:30:00,0.334,valid
DE_1024,2026-06-02 18:45:00,0.304,valid
DE_1024,2026-06-02 19:00:00,0.359,valid
DE_1024,2026-06-02 19:15:00,0.331,valid
DE_1024,2026-06-02 19:30:00,0.393,valid
DE_1024,2026-06-02 19:45:00,0.384,valid
DE_1024,2026-06-02 20:00:00,0.393,valid
DE_1024,2026-06-02 20:15:00,0.384,valid
DE_1024,2026-06-02 20:30:00,0.431,valid
DE_1024,2026-06-02 20:45:00,0.346,valid
DE_1024,2026-06-02 21:00:00,0.437,valid
DE_1024,2026-06-02 21:15:00,0.335,valid
DE_1024,2026-06-02 21:30:00,0.437,valid
DE_1024,2026-06-02 21:45:00,0.467,valid
DE_1024,2026-06-02 22:00:00,0.383,valid
DE_1024,2026-06-02 22:15:00,0.492,valid
DE_1024,2026-06-02 22:30:00,0.492,valid
DE_1024,2026-06-02 22:45:00,0.493,valid
DE_1024,2026-06-02 23:00:00,0.472,valid
DE_1024,2026-06-02 23:15:00,0.523,valid
DE_1024,2026-06-02 23:30:00,0.529,valid
DE_1024,2026-06-02 23:45:00,0.495,valid
DE_1024,2026-06-03 00:00:00,0.564,valid
DE_1024,2026-06-03 00:15:00,0.52,valid
DE_1024,2026-06-03 00:30:00,0.475,valid
DE_1024,2026-06-03 00:45:00,0.466,valid
DE_1024,2026-06-03 01:00:00,0.515,valid
DE_1024,2026-06-03 01:15:00,0.521,valid
DE_1024,2026-06-03 01:30:00,0.448,valid
DE_1024,2026-06-03 01:45:00,0.46,valid
DE_1024,2026-06-03 02:00:00,0.437,valid
DE_1024,2026-06-03 02:15:00,0.497,valid
DE_1024,2026-06-03 02:30:00,0.379,valid
DE_1024,2026-06-03 02:45:00,0.521,valid
DE_1024,2026-06-03 03:00:00,0.443,valid
DE_1024,2026-06-03 03:15:00,0.345,valid
DE_1024,2026-06-03 03:30:00,0.375,valid
DE_1024,2026-06-03 03:45:00,0.406,valid
DE_1024,2026-06-03 04:00:00,0.384,valid
DE_1024,2026-06-03 04:15:00,0.4,valid
DE_1024,2026-06-03 04:30:00,0.41,valid
DE_1024,2026-06-03 04:45:00,0.362,valid
DE_1024,2026-06-03 05:00:00,0.463,valid
DE_1024,2026-06-03 05:15:00,0.383,valid
DE_1024,2026-06-03 05:30:00,0.355,valid
DE_1024,2026-06-03 05:45:00,0.424,valid
DE_1024,2026-06-03 06:00:00,0.295,valid
DE_1024,2026-06-03 06:15:00,0.413,valid
DE_1024,2026-06-03 06:30:00,0.293,valid
DE_1024,2026-06-03 06:45:00,0.439,valid
DE_1024,2026-06-03 07:00:00,0.246,valid
DE_1024,2026-06-03 07:15:00,0.287,valid
DE_1024,2026-06-03 07:30:00,0.309,valid
DE_1024,2026-06-03 07:45:00,0.366,valid
DE_1024,2026-06-03 08:00:00,0.316,valid
DE_1024,2026-06-03 08:15:00,0.386,valid
DE_1024,2026-06-03 08:30:00,0.304,valid
DE_1024,2026-06-03 08:45:00,0.289,valid
DE_1024,2026-06-03 09:00:00,0.342,valid
DE_1024,2026-06-03 09:15:00,0.347,valid
DE_1024,2026-06-03 09:30:00,0.214,valid
DE_1024,2026-06-03 09:45:00,0.34,valid
DE_1024,2026-06-03 10:00:00,0.312,valid
DE_1024,2026-06-03 10:15:00,0.189,valid
DE_1024,2026-06-03 10:30:00,0.269,valid
DE_1024,2026-06-03 10:45:00,0.225,valid
DE_1024,2026-06-03 11:00:00,0.157,valid
DE_1024,2026-06-03 11:15:00,0.263,valid
DE_1024,2026-06-03 11:30:00,0.272,valid
DE_1024,2026-06-03 11:45:00,0.242,valid
DE_1024,2026-06-03 12:15:00,0.259,valid
DE_1024,2026-06-03 12:30:00,0.202,valid
DE_1024,2026-06-03 12:45:00,0.216,valid
DE_1024,2026-06-03 13:00:00,0.2,valid
DE_1024,2026-06-03 13:15:00,0.154,valid
DE_1024,2026-06-03 13:30:00,0.242,valid
DE_1024,2026-06-03 13:45:00,0.252,valid
DE_1024,2026-06-03 14:00:00,0.269,valid
DE_1024,2026-06-03 14:15:00,0.287,valid
DE_1024,2026-06-03 14:30:00,0.337,valid
DE_1024,2026-06-03 14:45:00,0.23,valid
DE_1024,2026-06-03 15:00:00,0.182,valid
DE_1024,2026-06-03 15:15:00,0.32,valid
DE_1024,2026-06-03 15:30:00,0.255,valid
DE_1024,2026-06-03 15:45:00,0.222,valid
DE_1024,2026-06-03 16:00:00,0.231,valid
DE_1024,2026-06-03 16:15:00,0.349,valid
DE_1024,2026-06-03 16:30:00,0.262,valid
DE_1024,2026-06-03 16:45:00,0.268,valid
DE_1024,2026-06-03 17:00:00,0.35,valid
DE_1024,2026-06-03 17:15:00,0.344,valid
DE_1024,2026-06-03 17:30:00,0.319,valid
DE_1024,2026-06-03 17:45:00,0.303,valid
DE_1024,2026-06-03 18:00:00,0.257,valid
DE_1024,2026-06-03 18:15:00,0.446,valid
DE_1024,2026-06-03 18:30:00,0.225,valid
DE_1024,2026-06-03 18:45:00,0.347,valid
DE_1024,2026-06-03 19:00:00,0.316,valid
DE_1024,2026-06-03 19:15:00,0.362,valid
DE_1024,2026-06-03 19:30:00,0.362,valid
DE_1024,2026-06-03 19:45:00,0.386,valid
DE_1024,2026-06-03 20:00:00,0.409,valid
DE_1024,2026-06-03 20:15:00,0.261,valid
DE_1024,2026-06-03 20:30:00,0.456,valid
DE_1024,2026-06-03 20:45:00,0.405,valid
DE_1024,2026-06-03 21:00:00,0.375,valid
DE_1024,2026-06-03 21:15:00,0.42,valid
DE_1024,2026-06-03 21:30:00,0.387,valid
DE_1024,2026-06-03 21:45:00,0.275,valid
DE_1024,2026-06-03 22:00:00,0.521,valid
DE_1024,2026-06-03 22:15:00,0.523,valid
DE_1024,2026-06-03 22:30:00,0.481,valid
DE_1024,2026-06-03 22:45:00,0.51,valid
DE_1024,2026-06-03 23:00:00,0.526,valid
DE_1024,2026-06-03 23:15:00,0.456,valid
DE_1024,2026-06-03 23:30:00,0.477,valid
DE_1024,2026-06-03 23:45:00,0.467,valid
DE_1024,2026-06-04 00:00:00,0.517,valid
DE_1024,2026-06-04 00:15:00,0.449,valid
DE_1024,2026-06-04 00:30:00,0.551,valid
DE_1024,2026-06-04 00:45:00,0.498,valid
DE_1024,2026-06-04 01:00:00,0.473,valid
DE_1024,2026-06-04 01:15:00,0.505,valid
DE_1024,2026-06-04 01:30:00,0.483,valid
DE_1024,2026-06-04 01:45:00,0.457,valid
DE_1024,2026-06-04 02:00:00,0.436,valid
DE_1024,2026-06-04 02:15:00,0.339,valid
DE_1024,2026-06-04 02:30:00,0.508,valid
DE_1024,2026-06-04 02:45:00,0.47,valid
DE_1024,2026-06-04 03:00:00,0.436,valid
DE_1024,2026-06-04 03:15:00,0.509,valid
DE_1024,2026-06-04 03:30:00,0.389,valid
DE_1024,2026-06-04 03:45:00,0.43,valid
DE_1024,2026-06-04 04:00:00,0.362,valid
DE_1024,2026-06-04 04:15:00,0.455,valid
DE_1024,2026-06-04 04:30:00,0.337,valid
DE_1024,2026-06-04 04:45:00,0.455,valid
DE_1024,2026-06-04 05:00:00,0.436,valid
DE_1024,2026-06-04 05:15:00,0.394,valid
DE_1024,2026-06-04 05:30:00,0.445,valid
DE_1024,2026-06-04 05:45:00,0.363,valid
DE_1024,2026-06-04 06:00:00,0.323,valid
DE_1024,2026-06-04 06:15:00,0.379,valid
DE_1024,2026-06-04 06:30:00,0.307,valid
DE_1024,2026-06-04 06:45:00,0.346,valid
DE_1024,2026-06-04 07:00:00,0.371,valid
DE_1024,2026-06-04 07:15:00,0.37,valid
DE_1024,2026-06-04 07:30:00,0.325,valid
DE_1024,2026-06-04 07:45:00,0.266,valid
DE_1024,2026-06-04 08:00:00,0.334,valid
DE_1024,2026-06-04 08:15:00,0.267,valid
DE_1024,2026-06-04 08:30:00,0.302,valid
DE_1024,2026-06-04 08:45:00,0.178,valid
DE_1024,2026-06-04 09:00:00,0.347,valid
DE_1024,2026-06-04 09:15:00,0.297,valid
DE_1024,2026-06-04 09:30:00,0.236,valid
DE_1024,2026-06-04 09:45:00,0.293,valid
DE_1024,2026-06-04 10:00:00,0.201,valid
DE_1024,2026-06-04 10:15:00,0.304,valid
DE_1024,2026-06-04 10:30:00,0.235,valid
DE_1024,2026-06-04 10:45:00,0.274,valid
DE_1024,2026-06-04 11:00:00,0.259,valid
DE_1024,2026-06-04 11:15:00,0.322,valid
DE_1024,2026-06-04 11:30:00,0.317,valid
DE_1024,2026-06-04 11:45:00,0.302,valid
DE_1024,2026-06-04 12:00:00,0.245,valid
DE_1024,2026-06-04 12:15:00,0.265,valid
DE_1024,2026-06-04 12:30:00,0.119,valid
DE_1024,2026-06-04 12:45:00,0.228,valid
DE_1024,2026-06-04 13:00:00,0.164,valid
DE_1024,2026-06-04 13:15:00,0.171,valid
DE_1024,2026-06-04 13:30:00,0.3,valid
DE_1024,2026-06-04 14:00:00,0.183,valid
DE_1024,2026-06-04 14:15:00,0.187,valid
DE_1024,2026-06-04 14:30:00,0.296,valid
DE_1024,2026-06-04 14:45:00,0.277,valid
DE_1024,2026-06-04 15:00:00,0.288,valid
DE_1024,2026-06-04 15:15:00,0.191,valid
DE_1024,2026-06-04 15:30:00,0.277,valid
DE_1024,2026-06-04 15:45:00,0.317,valid
DE_1024,2026-06-04 16:00:00,0.248,valid
DE_1024,2026-06-04 16:15:00,0.236,valid
DE_1024,2026-06-04 16:30:00,0.288,valid
DE_1024,2026-06-04 16:45:00,0.301,valid
DE_1024,2026-06-04 17:15:00,0.278,valid
DE_1024,2026-06-04 17:30:00,0.303,valid
DE_1024,2026-06-04 17:45:00,0.346,valid
DE_1024,2026-06-04 18:00:00,0.401,valid
DE_1024,2026-06-04 18:15:00,0.375,valid
DE_1024,2026-06-04 18:45:00,0.279,valid
DE_1024,2026-06-04 19:00:00,0.465,valid
DE_1024,2026-06-04 19:15:00,0.411,valid
DE_1024,2026-06-04 19:30:00,0.336,valid
DE_1024,2026-06-04 19:45:00,0.344,valid
DE_1024,2026-06-04 20:00:00,0.4,valid
DE_1024,2026-06-04 20:15:00,0.415,valid
DE_1024,2026-06-04 20:30:00,0.366,valid
DE_1024,2026-06-04 20:45:00,0.462,valid
DE_1024,2026-06-04 21:00:00,0.492,valid
DE_1024,2026-06-04 21:15:00,0.439,valid
DE_1024,2026-06-04 21:30:00,0.435,valid
DE_1024,2026-06-04 21:45:00,0.39,valid
DE_1024,2026-06-04 22:00:00,0.439,valid
DE_1024,2026-06-04 22:15:00,0.392,valid
DE_1024,2026-06-04 22:30:00,0.493,valid
DE_1024,2026-06-04 22:45:00,0.505,valid
DE_1024,2026-06-04 23:00:00,0.487,valid
DE_1024,2026-06-04 23:15:00,0.571,valid
DE_1024,2026-06-04 23:30:00,0.481,valid
DE_1024,2026-06-04 23:45:00,0.47,valid
DE_1024,2026-06-05 00:00:00,0.563,valid
DE_1024,2026-06-05 00:15:00,0.422,valid
DE_1024,2026-06-05 00:30:00,0.519,valid
DE_1024,2026-06-05 00:45:00,0.42,valid
DE_1024,2026-06-05 01:00:00,0.396,valid
DE_1024,2026-06-05 01:15:00,0.468,valid
DE_1024,2026-06-05 01:30:00,0.43,valid
DE_1024,2026-06-05 01:45:00,0.509,valid
DE_1024,2026-06-05 02:00:00,0.425,valid
DE_1024,2026-06-05 02:15:00,0.556,valid
DE_1024,2026-06-05 02:30:00,0.475,valid
DE_1024,2026-06-05 02:45:00,0.412,valid
DE_1024,2026-06-05 03:00:00,0.443,valid
DE_1024,2026-06-05 03:15:00,0.459,valid
DE_1024,2026-06-05 03:30:00,0.533,valid
DE_1024,2026-06-05 03:45:00,0.363,valid
DE_1024,2026-06-05 04:00:00,0.396,valid
DE_1024,2026-06-05 04:15:00,0.453,valid
DE_1024,2026-06-05 04:30:00,0.416,valid
DE_1024,2026-06-05 04:45:00,0.369,valid
DE_1024,2026-06-05 05:00:00,0.329,valid
DE_1024,2026-06-05 05:15:00,0.365,valid
DE_1024,2026-06-05 05:30:00,0.437,valid
DE_1024,2026-06-05 05:45:00,0.402,valid
DE_1024,2026-06-05 06:00:00,0.366,valid
DE_1024,2026-06-05 06:15:00,0.426,valid
DE_1024,2026-06-05 06:30:00,0.342,valid
DE_1024,2026-06-05 06:45:00,0.347,valid
DE_1024,2026-06-05 07:00:00,0.292,valid
DE_1024,2026-06-05 07:15:00,0.248,valid
DE_1024,2026-06-05 07:30:00,0.348,valid
DE_1024,2026-06-05 07:45:00,0.254,valid
DE_1024,2026-06-05 08:00:00,0.304,valid
DE_1024,2026-06-05 08:15:00,0.367,valid
DE_1024,2026-06-05 08:30:00,0.333,valid
DE_1024,2026-06-05 08:45:00,0.344,valid
DE_1024,2026-06-05 09:00:00,0.201,valid
DE_1024,2026-06-05 09:15:00,0.274,valid
DE_1024,2026-06-05 09:30:00,0.332,valid
DE_1024,2026-06-05 09:45:00,0.217,valid
DE_1024,2026-06-05 10:15:00,0.189,valid
DE_1024,2026-06-05 10:30:00,0.191,valid
DE_1024,2026-06-05 10:45:00,0.28,valid
DE_1024,2026-06-05 11:00:00,0.196,valid
DE_1024,2026-06-05 11:15:00,0.222,valid
DE_1024,2026-06-05 11:30:00,0.283,valid
DE_1024,2026-06-05 11:45:00,0.175,valid
DE_1024,2026-06-05 12:00:00,0.347,valid
DE_1024,2026-06-05 12:15:00,0.259,valid
DE_1024,2026-06-05 12:30:00,0.174,valid
DE_1024,2026-06-05 12:45:00,0.26,valid
DE_1024,2026-06-05 13:00:00,0.263,valid
DE_1024,2026-06-05 13:15:00,0.267,valid
DE_1024,2026-06-05 13:30:00,0.217,valid
DE_1024,2026-06-05 13:45:00,0.279,valid
DE_1024,2026-06-05 14:00:00,0.282,valid
DE_1024,2026-06-05 14:15:00,0.287,valid
DE_1024,2026-06-05 14:30:00,0.271,valid
DE_1024,2026-06-05 14:45:00,0.255,valid
DE_1024,2026-06-05 15:00:00,0.266,valid
DE_1024,2026-06-05 15:15:00,0.208,valid
DE_1024,2026-06-05 15:30:00,0.274,valid
DE_1024,2026-06-05 15:45:00,0.226,valid
DE_1024,2026-06-05 16:00:00,0.299,valid
DE_1024,2026-06-05 16:15:00,0.339,valid
DE_1024,2026-06-05 16:30:00,0.378,valid
DE_1024,2026-06-05 16:45:00,0.247,valid
DE_1024,2026-06-05 17:00:00,0.285,valid
DE_1024,2026-06-05 17:15:00,0.271,valid
DE_1024,2026-06-05 17:30:00,0.344,valid
DE_1024,2026-06-05 17:45:00,0.356,valid
DE_1024,2026-06-05 18:00:00,0.329,valid
DE_1024,2026-06-05 18:15:00,0.34,valid
DE_1024,2026-06-05 18:30:00,0.494,valid
DE_1024,2026-06-05 18:45:00,0.328,valid
DE_1024,2026-06-05 19:00:00,0.343,valid
DE_1024,2026-06-05 19:15:00,0.325,valid
DE_1024,2026-06-05 19:30:00,0.303,valid
DE_1024,2026-06-05 19:45:00,0.433,valid
DE_1024,2026-06-05 20:00:00,0.461,valid
DE_1024,2026-06-05 20:15:00,0.378,valid
DE_1024,2026-06-05 20:30:00,0.46,valid
DE_1024,2026-06-05 20:45:00,0.394,valid
DE_1024,2026-06-05 21:00:00,0.409,valid
DE_1024,2026-06-05 21:15:00,0.424,valid
DE_1024,2026-06-05 21:30:00,0.325,valid
DE_1024,2026-06-05 21:45:00,0.372,valid
DE_1024,2026-06-05 22:00:00,0.463,valid
DE_1024,2026-06-05 22:15:00,0.472,valid
DE_1024,2026-06-05 22:30:00,0.454,valid
DE_1024,2026-06-05 22:45:00,0.442,valid
DE_1024,2026-06-05 23:00:00,0.488,valid
DE_1024,2026-06-05 23:15:00,0.579,valid
DE_1024,2026-06-05 23:30:00,0.551,valid
DE_1024,2026-06-05 23:45:00,0.483,valid
DE_1024,2026-06-06 00:00:00,0.46,valid
DE_1024,2026-06-06 00:15:00,0.535,valid
DE_1024,2026-06-06 00:30:00,0.582,valid
DE_1024,2026-06-06 00:45:00,0.572,valid
DE_1024,2026-06-06 01:00:00,0.404,valid
DE_1024,2026-06-06 01:15:00,0.471,valid
DE_1024,2026-06-06 01:30:00,0.445,valid
DE_1024,2026-06-06 01:45:00,0.419,valid
DE_1024,2026-06-06 02:00:00,0.468,valid
DE_1024,2026-06-06 02:15:00,0.396,valid
DE_1024,2026-06-06 02:30:00,0.444,valid
DE_1024,2026-06-06 02:45:00,0.455,valid
DE_1024,2026-06-06 03:00:00,0.461,valid
DE_1024,2026-06-06 03:15:00,0.446,valid
DE_1024,2026-06-06 03:30:00,0.363,valid
DE_1024,2026-06-06 03:45:00,0.489,valid
DE_1024,2026-06-06 04:00:00,0.373,valid
DE_1024,2026-06-06 04:15:00,0.508,valid
DE_1024,2026-06-06 04:30:00,0.406,valid
DE_1024,2026-06-06 04:45:00,0.463,valid
DE_1024,2026-06-06 05:00:00,0.44,valid
DE_1024,2026-06-06 05:15:00,0.344,valid
DE_1024,2026-06-06 05:30:00,0.362,valid
DE_1024,2026-06-06 05:45:00,0.359,valid
DE_1024,2026-06-06 06:00:00,0.334,valid
DE_1024,2026-06-06 06:15:00,0.349,valid
DE_1024,2026-06-06 06:30:00,0.298,valid
DE_1024,2026-06-06 06:45:00,0.356,valid
DE_1024,2026-06-06 07:00:00,0.326,valid
DE_1024,2026-06-06 07:15:00,0.227,valid
DE_1024,2026-06-06 07:30:00,0.304,valid
DE_1024,2026-06-06 07:45:00,0.299,valid
DE_1024,2026-06-06 08:00:00,0.263,valid
DE_1024,2026-06-06 08:15:00,0.393,valid
DE_1024,2026-06-06 08:45:00,0.25,valid
DE_1024,2026-06-06 09:00:00,0.278,valid
DE_1024,2026-06-06 09:15:00,0.262,valid
DE_1024,2026-06-06 09:30:00,0.302,valid
DE_1024,2026-06-06 09:45:00,0.357,valid
DE_1024,2026-06-06 10:00:00,0.344,valid
DE_1024,2026-06-06 10:15:00,0.26,valid
DE_1024,2026-06-06 10:30:00,0.224,valid
DE_1024,2026-06-06 10:45:00,0.268,valid
DE_1024,2026-06-06 11:00:00,0.162,valid
DE_1024,2026-06-06 11:15:00,0.292,valid
DE_1024,2026-06-06 11:30:00,0.341,valid
DE_1024,2026-06-06 11:45:00,0.182,valid
DE_1024,2026-06-06 12:00:00,0.154,valid
DE_1024,2026-06-06 12:15:00,0.172,valid
DE_1024,2026-06-06 12:30:00,0.209,valid
DE_1024,2026-06-06 12:45:00,0.204,valid
DE_1024,2026-06-06 13:00:00,0.205,valid
DE_1024,2026-06-06 13:15:00,0.175,valid
DE_1024,2026-06-06 13:30:00,0.298,valid
DE_1024,2026-06-06 13:45:00,0.212,valid
DE_1024,2026-06-06 14:00:00,0.231,valid
DE_1024,2026-06-06 14:15:00,0.26,valid
DE_1024,2026-06-06 14:30:00,0.322,valid
DE_1024,2026-06-06 14:45:00,0.256,valid
DE_1024,2026-06-06 15:00:00,0.311,valid
DE_1024,2026-06-06 15:15:00,0.254,valid
DE_1024,2026-06-06 15:30:00,0.294,valid
DE_1024,2026-06-06 15:45:00,0.286,valid
DE_1024,2026-06-06 16:00:00,0.385,valid
DE_1024,2026-06-06 16:15:00,0.167,valid
DE_1024,2026-06-06 16:30:00,0.306,valid
DE_1024,2026-06-06 16:45:00,0.34,valid
DE_1024,2026-06-06 17:00:00,0.347,valid
DE_1024,2026-06-06 17:15:00,0.267,valid
DE_1024,2026-06-06 17:30:00,0.381,valid
DE_1024,2026-06-06 17:45:00,0.366,valid
DE_1024,2026-06-06 18:00:00,0.409,valid
DE_1024,2026-06-06 18:15:00,0.319,valid
DE_1024,2026-06-06 18:30:00,0.358,valid
DE_1024,2026-06-06 18:45:00,0.294,valid
DE_1024,2026-06-06 19:00:00,0.366,valid
DE_1024,2026-06-06 19:15:00,0.374,valid
DE_1024,2026-06-06 19:30:00,0.387,valid
DE_1024,2026-06-06 19:45:00,0.291,valid
DE_1024,2026-06-06 20:00:00,0.343,valid
DE_1024,2026-06-06 20:15:00,0.427,valid
DE_1024,2026-06-06 20:30:00,0.392,valid
DE_1024,2026-06-06 20:45:00,0.426,valid
DE_1024,2026-06-06 21:00:00,0.362,valid
DE_1024,2026-06-06 21:15:00,0.411,valid
DE_1024,2026-06-06 21:30:00,0.404,valid
DE_1024,2026-06-06 21:45:00,0.405,valid
DE_1024,2026-06-06 22:00:00,0.381,valid
DE_1024,2026-06-06 22:15:00,0.395,valid
DE_1024,2026-06-06 22:30:00,0.389,valid
DE_1024,2026-06-06 22:45:00,0.439,valid
DE_1024,2026-06-06 23:00:00,0.418,valid
DE_1024,2026-06-06 23:15:00,0.453,valid
DE_1024,2026-06-06 23:30:00,0.458,valid
DE_1024,2026-06-06 23:45:00,0.456,valid
DE_1024,2026-06-07 00:00:00,0.426,valid
DE_1024,2026-06-07 00:15:00,0.486,valid
DE_1024,2026-06-07 00:30:00,0.445,valid
DE_1024,2026-06-07 00:45:00,0.433,valid
DE_1024,2026-06-07 01:00:00,0.486,valid
DE_1024,2026-06-07 01:15:00,0.48,valid
DE_1024,2026-06-07 01:30:00,0.492,valid
DE_1024,2026-06-07 01:45:00,0.425,valid
DE_1024,2026-06-07 02:00:00,0.387,valid
DE_1024,2026-06-07 02:15:00,0.523,valid
DE_1024,2026-06-07 02:30:00,0.353,valid
DE_1024,2026-06-07 02:45:00,0.405,valid
DE_1024,2026-06-07 03:00:00,0.491,valid
DE_1024,2026-06-07 03:15:00,0.435,valid
DE_1024,2026-06-07 03:30:00,0.509,valid
DE_1024,2026-06-07 03:45:00,0.51,valid
DE_1024,2026-06-07 04:00:00,0.469,valid
DE_1024,2026-06-07 04:15:00,0.476,valid
DE_1024,2026-06-07 04:30:00,0.404,valid
DE_1024,2026-06-07 04:45:00,0.353,valid
DE_1024,2026-06-07 05:00:00,0.416,valid
DE_1024,2026-06-07 05:15:00,0.318,valid
DE_1024,2026-06-07 05:30:00,0.292,valid
DE_1024,2026-06-07 05:45:00,0.331,valid
DE_1024,2026-06-07 06:00:00,0.353,valid
DE_1024,2026-06-07 06:15:00,0.358,valid
DE_1024,2026-06-07 06:30:00,0.413,valid
DE_1024,2026-06-07 06:45:00,0.341,valid
DE_1024,2026-06-07 07:00:00,0.445,valid
DE_1024,2026-06-07 07:15:00,0.329,valid
DE_1024,2026-06-07 07:30:00,0.363,valid
DE_1024,2026-06-07 07:45:00,0.296,valid
DE_1024,2026-06-07 08:00:00,0.312,valid
DE_1024,2026-06-07 08:15:00,0.315,valid
DE_1024,2026-06-07 08:30:00,0.256,valid
DE_1024,2026-06-07 08:45:00,0.311,valid
DE_1024,2026-06-07 09:00:00,0.226,valid
DE_1024,2026-06-07 09:15:00,0.39,valid
DE_1024,2026-06-07 09:30:00,0.221,valid
DE_1024,2026-06-07 09:45:00,0.289,valid
DE_1024,2026-06-07 10:00:00,0.23,valid
DE_1024,2026-06-07 10:15:00,0.178,valid
DE_1024,2026-06-07 10:30:00,0.277,valid
DE_1024,2026-06-07 10:45:00,0.282,valid
DE_1024,2026-06-07 11:00:00,0.155,valid
DE_1024,2026-06-07 11:15:00,0.173,valid
DE_1024,2026-06-07 11:30:00,0.286,valid
DE_1024,2026-06-07 11:45:00,0.268,valid
DE_1024,2026-06-07 12:00:00,0.232,valid
DE_1024,2026-06-07 12:15:00,0.145,valid
DE_1024,2026-06-07 12:30:00,0.187,valid
DE_1024,2026-06-07 12:45:00,0.267,valid
DE_1024,2026-06-07 13:00:00,0.126,valid
DE_1024,2026-06-07 13:15:00,0.16,valid
DE_1024,2026-06-07 13:30:00,0.196,valid
DE_1024,2026-06-07 13:45:00,0.237,valid
DE_1024,2026-06-07 14:00:00,0.326,valid
DE_1024,2026-06-07 14:15:00,0.343,valid
DE_1024,2026-06-07 14:30:00,0.216,valid
DE_1024,2026-06-07 14:45:00,0.307,valid
DE_1024,2026-06-07 15:00:00,0.188,valid
DE_1024,2026-06-07 15:15:00,0.304,valid
DE_1024,2026-06-07 15:30:00,0.356,valid
DE_1024,2026-06-07 15:45:00,0.2,valid
DE_1024,2026-06-07 16:00:00,0.293,valid
DE_1024,2026-06-07 16:15:00,0.381,valid
DE_1024,2026-06-07 16:30:00,0.297,valid
DE_1024,2026-06-07 16:45:00,0.326,valid
DE_1024,2026-06-07 17:00:00,0.346,valid
DE_1024,2026-06-07 17:15:00,0.284,valid
DE_1024,2026-06-07 17:30:00,0.309,valid
DE_1024,2026-06-07 17:45:00,0.381,valid
DE_1024,2026-06-07 18:00:00,0.372,valid
DE_1024,2026-06-07 18:15:00,0.312,valid
DE_1024,2026-06-07 18:30:00,0.355,valid
DE_1024,2026-06-07 18:45:00,0.324,valid
DE_1024,2026-06-07 19:00:00,0.391,valid
DE_1024,2026-06-07 19:15:00,0.352,valid
DE_1024,2026-06-07 19:30:00,0.402,valid
DE_1024,2026-06-07 19:45:00,0.335,valid
DE_1024,2026-06-07 20:00:00,0.438,valid
DE_1024,2026-06-07 20:15:00,0.331,valid
DE_1024,2026-06-07 20:30:00,0.481,valid
DE_1024,2026-06-07 20:45:00,0.409,valid
DE_1024,2026-06-07 21:00:00,0.472,valid
DE_1024,2026-06-07 21:15:00,0.445,valid
DE_1024,2026-06-07 21:30:00,0.52,valid
DE_1024,2026-06-07 21:45:00,0.377,valid
DE_1024,2026-06-07 22:00:00,0.346,valid
DE_1024,2026-06-07 22:15:00,0.516,valid
DE_1024,2026-06-07 22:30:00,0.417,valid
DE_1024,2026-06-07 22:45:00,0.459,valid
DE_1024,2026-06-07 23:00:00,0.539,valid
DE_1024,2026-06-07 23:15:00,0.548,valid
DE_1024,2026-06-07 23:30:00,0.444,valid
DE_1024,2026-06-07 23:45:00,0.481,valid
DE_1025,2026-06-01 00:00:00,0.533,valid
DE_1025,2026-06-01 00:15:00,0.555,valid
DE_1025,2026-06-01 00:30:00,0.462,valid
DE_1025,2026-06-01 00:45:00,0.57,valid
DE_1025,2026-06-01 01:00:00,0.476,valid
DE_1025,2026-06-01 01:15:00,0.47,valid
DE_1025,2026-06-01 01:30:00,0.526,valid
DE_1025,2026-06-01 01:45:00,0.507,valid
DE_1025,2026-06-01 02:00:00,0.537,valid
DE_1025,2026-06-01 02:15:00,0.419,valid
DE_1025,2026-06-01 02:30:00,0.481,valid
DE_1025,2026-06-01 02:45:00,0.52,valid
DE_1025,2026-06-01 03:00:00,0.417,valid
DE_1025,2026-06-01 03:15:00,0.389,valid
DE_1025,2026-06-01 03:30:00,0.459,valid
DE_1025,2026-06-01 03:45:00,0.464,valid
DE_1025,2026-06-01 04:00:00,0.31,valid
DE_1025,2026-06-01 04:15:00,0.475,valid
DE_1025,2026-06-01 04:30:00,0.479,valid
DE_1025,2026-06-01 04:45:00,0.359,valid
DE_1025,2026-06-01 05:00:00,0.335,valid
DE_1025,2026-06-01 05:15:00,0.416,valid
DE_1025,2026-06-01 05:30:00,0.418,valid
DE_1025,2026-06-01 05:45:00,0.392,valid
DE_1025,2026-06-01 06:00:00,0.279,valid
DE_1025,2026-06-01 06:15:00,0.32,valid
DE_1025,2026-06-01 06:30:00,0.371,valid
DE_1025,2026-06-01 06:45:00,0.343,valid
DE_1025,2026-06-01 07:00:00,0.204,valid
DE_1025,2026-06-01 07:15:00,0.264,valid
DE_1025,2026-06-01 07:30:00,0.251,valid
DE_1025,2026-06-01 07:45:00,0.263,valid
DE_1025,2026-06-01 08:00:00,0.318,valid
DE_1025,2026-06-01 08:15:00,0.284,valid
DE_1025,2026-06-01 08:30:00,0.309,valid
DE_1025,2026-06-01 08:45:00,0.281,valid
DE_1025,2026-06-01 09:00:00,0.283,valid
DE_1025,2026-06-01 09:15:00,0.294,valid
DE_1025,2026-06-01 09:30:00,0.335,valid
DE_1025,2026-06-01 09:45:00,0.219,valid
DE_1025,2026-06-01 10:00:00,0.263,valid
DE_1025,2026-06-01 10:15:00,0.341,valid
DE_1025,2026-06-01 10:30:00,0.255,valid
DE_1025,2026-06-01 10:45:00,0.234,valid
DE_1025,2026-06-01 11:00:00,0.195,valid
DE_1025,2026-06-01 11:15:00,0.211,valid
DE_1025,2026-06-01 11:30:00,0.244,valid
DE_1025,2026-06-01 11:45:00,0.229,valid
DE_1025,2026-06-01 12:00:00,0.161,valid
DE_1025,2026-06-01 12:15:00,0.218,valid
DE_1025,2026-06-01 12:30:00,0.325,valid
DE_1025,2026-06-01 12:45:00,0.212,valid
DE_1025,2026-06-01 13:00:00,0.222,valid
DE_1025,2026-06-01 13:15:00,0.303,valid
DE_1025,2026-06-01 13:30:00,0.246,valid
DE_1025,2026-06-01 13:45:00,0.223,valid
DE_1025,2026-06-01 14:00:00,0.162,valid
DE_1025,2026-06-01 14:15:00,0.248,valid
DE_1025,2026-06-01 14:30:00,0.209,valid
DE_1025,2026-06-01 14:45:00,0.233,valid
DE_1025,2026-06-01 15:00:00,0.251,valid
DE_1025,2026-06-01 15:15:00,0.363,valid
DE_1025,2026-06-01 15:30:00,0.316,valid
DE_1025,2026-06-01 15:45:00,0.325,valid
DE_1025,2026-06-01 16:00:00,0.234,valid
DE_1025,2026-06-01 16:15:00,0.313,valid
DE_1025,2026-06-01 16:30:00,0.21,valid
DE_1025,2026-06-01 16:45:00,0.256,valid
DE_1025,2026-06-01 17:00:00,0.302,valid
DE_1025,2026-06-01 17:15:00,0.339,valid
DE_1025,2026-06-01 17:30:00,0.319,valid
DE_1025,2026-06-01 17:45:00,0.45,valid
DE_1025,2026-06-01 18:00:00,0.355,valid
DE_1025,2026-06-01 18:15:00,0.299,valid
DE_1025,2026-06-01 18:30:00,0.336,valid
DE_1025,2026-06-01 18:45:00,0.224,valid
DE_1025,2026-06-01 19:00:00,0.391,valid
DE_1025,2026-06-01 19:15:00,0.317,valid
DE_1025,2026-06-01 19:30:00,0.411,valid
DE_1025,2026-06-01 19:45:00,0.419,valid
DE_1025,2026-06-01 20:00:00,0.431,valid
DE_1025,2026-06-01 20:15:00,0.314,valid
DE_1025,2026-06-01 20:30:00,0.494,valid
DE_1025,2026-06-01 20:45:00,0.453,valid
DE_1025,2026-06-01 21:00:00,0.422,valid
DE_1025,2026-06-01 21:15:00,0.406,valid
DE_1025,2026-06-01 21:30:00,0.424,valid
DE_1025,2026-06-01 21:45:00,0.44,valid
DE_1025,2026-06-01 22:00:00,0.412,valid
DE_1025,2026-06-01 22:15:00,0.502,valid
DE_1025,2026-06-01 22:30:00,0.423,valid
DE_1025,2026-06-01 22:45:00,0.427,valid
DE_1025,2026-06-01 23:00:00,0.498,valid
DE_1025,2026-06-01 23:15:00,0.526,valid
DE_1025,2026-06-01 23:30:00,0.436,valid
DE_1025,2026-06-01 23:45:00,0.602,valid
DE_1025,2026-06-02 00:00:00,0.517,valid
DE_1025,2026-06-02 00:15:00,0.421,valid
DE_1025,2026-06-02 00:30:00,0.444,valid
DE_1025,2026-06-02 00:45:00,0.523,valid
DE_1025,2026-06-02 01:00:00,0.502,valid
DE_1025,2026-06-02 01:15:00,0.45,valid
DE_1025,2026-06-02 01:30:00,0.495,valid
DE_1025,2026-06-02 01:45:00,0.454,valid
DE_1025,2026-06-02 02:00:00,0.4,valid
DE_1025,2026-06-02 02:15:00,0.44,valid
DE_1025,2026-06-02 02:30:00,0.441,valid
DE_1025,2026-06-02 02:45:00,0.512,valid
DE_1025,2026-06-02 03:00:00,0.476,valid
DE_1025,2026-06-02 03:15:00,0.438,valid
DE_1025,2026-06-02 03:30:00,0.447,valid
DE_1025,2026-06-02 03:45:00,0.484,valid
DE_1025,2026-06-02 04:00:00,0.568,valid
DE_1025,2026-06-02 04:15:00,0.389,valid
DE_1025,2026-06-02 04:30:00,0.49,valid
DE_1025,2026-06-02 04:45:00,0.327,valid
DE_1025,2026-06-02 05:00:00,0.312,valid
DE_1025,2026-06-02 05:15:00,0.374,valid
DE_1025,2026-06-02 05:30:00,0.418,valid
DE_1025,2026-06-02 05:45:00,0.366,valid
DE_1025,2026-06-02 06:00:00,0.366,valid
DE_1025,2026-06-02 06:15:00,0.462,valid
DE_1025,2026-06-02 06:30:00,0.371,valid
DE_1025,2026-06-02 06:45:00,0.283,valid
DE_1025,2026-06-02 07:00:00,0.355,valid
DE_1025,2026-06-02 07:15:00,0.284,valid
DE_1025,2026-06-02 07:30:00,0.335,valid
DE_1025,2026-06-02 07:45:00,0.337,valid
DE_1025,2026-06-02 08:00:00,0.273,valid
DE_1025,2026-06-02 08:15:00,0.347,valid
DE_1025,2026-06-02 08:30:00,0.262,valid
DE_1025,2026-06-02 08:45:00,0.314,valid
DE_1025,2026-06-02 09:00:00,0.32,valid
DE_1025,2026-06-02 09:15:00,0.29,valid
DE_1025,2026-06-02 09:30:00,0.241,valid
DE_1025,2026-06-02 09:45:00,0.243,valid
DE_1025,2026-06-02 10:00:00,0.217,valid
DE_1025,2026-06-02 10:15:00,0.288,valid
DE_1025,2026-06-02 10:30:00,0.259,valid
DE_1025,2026-06-02 10:45:00,0.281,valid
DE_1025,2026-06-02 11:00:00,0.255,valid
DE_1025,2026-06-02 11:15:00,0.165,valid
DE_1025,2026-06-02 11:30:00,0.181,valid
DE_1025,2026-06-02 11:45:00,0.214,valid
DE_1025,2026-06-02 12:00:00,0.202,valid
DE_1025,2026-06-02 12:15:00,0.176,valid
DE_1025,2026-06-02 12:30:00,0.122,valid
DE_1025,2026-06-02 12:45:00,0.203,valid
DE_1025,2026-06-02 13:00:00,0.216,valid
DE_1025,2026-06-02 13:15:00,0.151,valid
DE_1025,2026-06-02 13:30:00,0.14,valid
DE_1025,2026-06-02 13:45:00,0.163,valid
DE_1025,2026-06-02 14:00:00,0.267,valid
DE_1025,2026-06-02 14:15:00,0.262,valid
DE_1025,2026-06-02 14:30:00,0.32,valid
DE_1025,2026-06-02 14:45:00,0.301,valid
DE_1025,2026-06-02 15:00:00,0.296,valid
DE_1025,2026-06-02 15:15:00,0.267,valid
DE_1025,2026-06-02 15:30:00,0.285,valid
DE_1025,2026-06-02 15:45:00,0.274,valid
DE_1025,2026-06-02 16:00:00,0.28,valid
DE_1025,2026-06-02 16:15:00,0.337,valid
DE_1025,2026-06-02 16:30:00,0.371,valid
DE_1025,2026-06-02 16:45:00,0.273,valid
DE_1025,2026-06-02 17:00:00,0.398,valid
DE_1025,2026-06-02 17:15:00,0.351,valid
DE_1025,2026-06-02 17:30:00,0.33,valid
DE_1025,2026-06-02 17:45:00,0.335,valid
DE_1025,2026-06-02 18:00:00,0.34,valid
DE_1025,2026-06-02 18:15:00,0.303,valid
DE_1025,2026-06-02 18:30:00,0.359,valid
DE_1025,2026-06-02 18:45:00,0.442,valid
DE_1025,2026-06-02 19:00:00,0.446,valid
DE_1025,2026-06-02 19:15:00,0.343,valid
DE_1025,2026-06-02 19:30:00,0.402,valid
DE_1025,2026-06-02 19:45:00,0.391,valid
DE_1025,2026-06-02 20:00:00,0.421,valid
DE_1025,2026-06-02 20:15:00,0.4,valid
DE_1025,2026-06-02 20:30:00,0.435,valid
DE_1025,2026-06-02 20:45:00,0.44,valid
DE_1025,2026-06-02 21:00:00,0.39,valid
DE_1025,2026-06-02 21:15:00,0.507,valid
DE_1025,2026-06-02 21:30:00,0.332,valid
DE_1025,2026-06-02 21:45:00,0.384,valid
DE_1025,2026-06-02 22:00:00,0.477,valid
DE_1025,2026-06-02 22:15:00,0.461,valid
DE_1025,2026-06-02 22:30:00,0.37,valid
DE_1025,2026-06-02 22:45:00,0.495,valid
DE_1025,2026-06-02 23:00:00,0.493,valid
DE_1025,2026-06-02 23:15:00,0.465,valid
DE_1025,2026-06-02 23:30:00,0.502,valid
DE_1025,2026-06-02 23:45:00,0.497,valid
DE_1025,2026-06-03 00:00:00,0.494,valid
DE_1025,2026-06-03 00:15:00,0.469,valid
DE_1025,2026-06-03 00:30:00,0.594,valid
DE_1025,2026-06-03 00:45:00,0.41,valid
DE_1025,2026-06-03 01:00:00,0.432,valid
DE_1025,2026-06-03 01:15:00,0.412,valid
DE_1025,2026-06-03 01:30:00,0.471,valid
DE_1025,2026-06-03 01:45:00,0.546,valid
DE_1025,2026-06-03 02:00:00,0.441,valid
DE_1025,2026-06-03 02:15:00,0.441,valid
DE_1025,2026-06-03 02:30:00,0.425,valid
DE_1025,2026-06-03 02:45:00,0.572,valid
DE_1025,2026-06-03 03:00:00,0.34,valid
DE_1025,2026-06-03 03:15:00,0.429,valid
DE_1025,2026-06-03 03:30:00,0.398,valid
DE_1025,2026-06-03 03:45:00,0.333,valid
DE_1025,2026-06-03 04:00:00,0.338,valid
DE_1025,2026-06-03 04:15:00,0.414,valid
DE_1025,2026-06-03 04:30:00,0.471,valid
DE_1025,2026-06-03 04:45:00,0.367,valid
DE_1025,2026-06-03 05:00:00,0.335,valid
DE_1025,2026-06-03 05:15:00,0.349,valid
DE_1025,2026-06-03 05:30:00,0.411,valid
DE_1025,2026-06-03 05:45:00,0.381,valid
DE_1025,2026-06-03 06:00:00,0.35,valid
DE_1025,2026-06-03 06:15:00,0.332,valid
DE_1025,2026-06-03 06:30:00,0.4,valid
DE_1025,2026-06-03 06:45:00,0.353,valid
DE_1025,2026-06-03 07:00:00,0.392,valid
DE_1025,2026-06-03 07:15:00,0.307,valid
DE_1025,2026-06-03 07:30:00,0.41,valid
DE_1025,2026-06-03 07:45:00,0.309,valid
DE_1025,2026-06-03 08:00:00,0.376,valid
DE_1025,2026-06-03 08:15:00,0.306,valid
DE_1025,2026-06-03 08:30:00,0.297,valid
DE_1025,2026-06-03 08:45:00,0.298,valid
DE_1025,2026-06-03 09:00:00,0.207,valid
DE_1025,2026-06-03 09:15:00,0.371,valid
DE_1025,2026-06-03 09:30:00,0.313,valid
DE_1025,2026-06-03 09:45:00,0.238,valid
DE_1025,2026-06-03 10:00:00,0.173,valid
DE_1025,2026-06-03 10:15:00,0.247,valid
DE_1025,2026-06-03 10:30:00,0.251,valid
DE_1025,2026-06-03 10:45:00,0.232,valid
DE_1025,2026-06-03 11:00:00,0.157,valid
DE_1025,2026-06-03 11:15:00,0.206,valid
DE_1025,2026-06-03 11:30:00,0.33,valid
DE_1025,2026-06-03 11:45:00,0.158,valid
DE_1025,2026-06-03 12:00:00,0.245,valid
DE_1025,2026-06-03 12:15:00,0.197,valid
DE_1025,2026-06-03 12:30:00,0.121,valid
DE_1025,2026-06-03 12:45:00,0.13,valid
DE_1025,2026-06-03 13:00:00,0.271,valid
DE_1025,2026-06-03 13:15:00,0.213,valid
DE_1025,2026-06-03 13:30:00,0.227,valid
DE_1025,2026-06-03 13:45:00,0.188,valid
DE_1025,2026-06-03 14:00:00,0.205,valid
DE_1025,2026-06-03 14:15:00,0.296,valid
DE_1025,2026-06-03 14:30:00,0.279,valid
DE_1025,2026-06-03 14:45:00,0.288,valid
DE_1025,2026-06-03 15:00:00,0.291,valid
DE_1025,2026-06-03 15:15:00,0.283,valid
DE_1025,2026-06-03 15:30:00,0.338,valid
DE_1025,2026-06-03 15:45:00,0.26,valid
DE_1025,2026-06-03 16:00:00,0.237,valid
DE_1025,2026-06-03 16:15:00,0.266,valid
DE_1025,2026-06-03 16:30:00,0.258,valid
DE_1025,2026-06-03 16:45:00,0.332,valid
DE_1025,2026-06-03 17:00:00,0.405,valid
DE_1025,2026-06-03 17:15:00,0.277,valid
DE_1025,2026-06-03 17:30:00,0.384,valid
DE_1025,2026-06-03 17:45:00,0.348,valid
DE_1025,2026-06-03 18:00:00,0.338,valid
DE_1025,2026-06-03 18:15:00,0.294,valid
DE_1025,2026-06-03 18:30:00,0.424,valid
DE_1025,2026-06-03 18:45:00,0.371,valid
DE_1025,2026-06-03 19:00:00,0.378,valid
DE_1025,2026-06-03 19:15:00,0.432,valid
DE_1025,2026-06-03 19:30:00,0.367,valid
DE_1025,2026-06-03 19:45:00,0.45,valid
DE_1025,2026-06-03 20:00:00,0.374,valid
DE_1025,2026-06-03 20:15:00,0.278,valid
DE_1025,2026-06-03 20:30:00,0.366,valid
DE_1025,2026-06-03 20:45:00,0.345,valid
DE_1025,2026-06-03 21:00:00,0.409,valid
DE_1025,2026-06-03 21:15:00,0.489,valid
DE_1025,2026-06-03 21:30:00,0.472,valid
DE_1025,2026-06-03 21:45:00,0.414,valid
DE_1025,2026-06-03 22:00:00,0.451,valid
DE_1025,2026-06-03 22:15:00,0.454,valid
DE_1025,2026-06-03 22:30:00,0.401,valid
DE_1025,2026-06-03 22:45:00,0.453,valid
DE_1025,2026-06-03 23:00:00,0.492,valid
DE_1025,2026-06-03 23:15:00,0.451,valid
DE_1025,2026-06-03 23:30:00,0.458,valid
DE_1025,2026-06-03 23:45:00,0.506,valid
DE_1025,2026-06-04 00:00:00,0.437,valid
DE_1025,2026-06-04 00:15:00,0.43,valid
DE_1025,2026-06-04 00:30:00,0.531,valid
DE_1025,2026-06-04 00:45:00,0.515,valid
DE_1025,2026-06-04 01:00:00,0.447,valid
DE_1025,2026-06-04 01:15:00,0.501,valid
DE_1025,2026-06-04 01:30:00,0.501,valid
DE_1025,2026-06-04 01:45:00,0.456,valid
DE_1025,2026-06-04 02:00:00,0.499,valid
DE_1025,2026-06-04 02:15:00,0.488,valid
DE_1025,2026-06-04 02:30:00,0.457,valid
DE_1025,2026-06-04 02:45:00,0.466,valid
DE_1025,2026-06-04 03:00:00,0.472,valid
DE_1025,2026-06-04 03:15:00,0.537,valid
DE_1025,2026-06-04 03:30:00,0.417,valid
DE_1025,2026-06-04 03:45:00,0.398,valid
DE_1025,2026-06-04 04:00:00,0.41,valid
DE_1025,2026-06-04 04:15:00,0.358,valid
DE_1025,2026-06-04 04:30:00,0.412,valid
DE_1025,2026-06-04 04:45:00,0.385,valid
DE_1025,2026-06-04 05:00:00,0.374,valid
DE_1025,2026-06-04 05:15:00,0.362,valid
DE_1025,2026-06-04 05:30:00,0.478,valid
DE_1025,2026-06-04 05:45:00,0.401,valid
DE_1025,2026-06-04 06:00:00,0.284,valid
DE_1025,2026-06-04 06:15:00,0.385,valid
DE_1025,2026-06-04 06:30:00,0.347,valid
DE_1025,2026-06-04 06:45:00,0.354,valid
DE_1025,2026-06-04 07:00:00,0.331,valid
DE_1025,2026-06-04 07:15:00,0.263,valid
DE_1025,2026-06-04 07:30:00,0.376,valid
DE_1025,2026-06-04 07:45:00,0.294,valid
DE_1025,2026-06-04 08:00:00,0.301,valid
DE_1025,2026-06-04 08:15:00,0.329,valid
DE_1025,2026-06-04 08:30:00,0.318,valid
DE_1025,2026-06-04 08:45:00,0.288,valid
DE_1025,2026-06-04 09:00:00,0.247,valid
DE_1025,2026-06-04 09:15:00,0.297,valid
DE_1025,2026-06-04 09:30:00,0.35,valid
DE_1025,2026-06-04 09:45:00,0.361,valid
DE_1025,2026-06-04 10:00:00,0.235,valid
DE_1025,2026-06-04 10:15:00,0.324,valid
DE_1025,2026-06-04 10:30:00,0.359,valid
DE_1025,2026-06-04 10:45:00,0.22,valid
DE_1025,2026-06-04 11:00:00,0.144,valid
DE_1025,2026-06-04 11:15:00,0.248,valid
DE_1025,2026-06-04 11:30:00,0.289,valid
DE_1025,2026-06-04 11:45:00,0.223,valid
DE_1025,2026-06-04 12:00:00,0.254,valid
DE_1025,2026-06-04 12:15:00,0.194,valid
DE_1025,2026-06-04 12:30:00,0.262,valid
DE_1025,2026-06-04 12:45:00,0.122,valid
DE_1025,2026-06-04 13:00:00,0.282,valid
DE_1025,2026-06-04 13:15:00,0.26,valid
DE_1025,2026-06-04 13:30:00,0.181,valid
DE_1025,2026-06-04 13:45:00,0.196,valid
DE_1025,2026-06-04 14:00:00,0.258,valid
DE_1025,2026-06-04 14:15:00,0.263,valid
DE_1025,2026-06-04 14:30:00,0.285,valid
DE_1025,2026-06-04 14:45:00,0.239,valid
DE_1025,2026-06-04 15:00:00,0.226,valid
DE_1025,2026-06-04 15:15:00,0.184,valid
DE_1025,2026-06-04 15:30:00,0.305,valid
DE_1025,2026-06-04 15:45:00,0.176,valid
DE_1025,2026-06-04 16:00:00,0.33,valid
DE_1025,2026-06-04 16:15:00,0.337,valid
DE_1025,2026-06-04 16:30:00,0.28,valid
DE_1025,2026-06-04 16:45:00,0.297,valid
DE_1025,2026-06-04 17:00:00,0.271,valid
DE_1025,2026-06-04 17:15:00,0.338,valid
DE_1025,2026-06-04 17:30:00,0.391,valid
DE_1025,2026-06-04 17:45:00,0.335,valid
DE_1025,2026-06-04 18:00:00,0.404,valid
DE_1025,2026-06-04 18:15:00,0.35,valid
DE_1025,2026-06-04 18:30:00,0.389,valid
DE_1025,2026-06-04 18:45:00,0.375,valid
DE_1025,2026-06-04 19:00:00,0.416,valid
DE_1025,2026-06-04 19:15:00,0.442,valid
DE_1025,2026-06-04 19:30:00,0.345,valid
DE_1025,2026-06-04 19:45:00,0.365,valid
DE_1025,2026-06-04 20:00:00,0.286,valid
DE_1025,2026-06-04 20:15:00,0.452,valid
DE_1025,2026-06-04 20:30:00,0.472,valid
DE_1025,2026-06-04 20:45:00,0.452,valid
DE_1025,2026-06-04 21:00:00,0.42,valid
DE_1025,2026-06-04 21:15:00,0.395,valid
DE_1025,2026-06-04 21:30:00,0.359,valid
DE_1025,2026-06-04 21:45:00,0.513,valid
DE_1025,2026-06-04 22:00:00,0.464,valid
DE_1025,2026-06-04 22:15:00,0.391,valid
DE_1025,2026-06-04 22:30:00,0.518,valid
DE_1025,2026-06-04 22:45:00,0.407,valid
DE_1025,2026-06-04 23:00:00,0.45,valid
DE_1025,2026-06-04 23:15:00,0.416,valid
DE_1025,2026-06-04 23:30:00,0.396,valid
DE_1025,2026-06-04 23:45:00,0.51,valid
DE_1025,2026-06-05 00:00:00,0.466,valid
DE_1025,2026-06-05 00:15:00,0.499,valid
DE_1025,2026-06-05 00:30:00,0.456,valid
DE_1025,2026-06-05 00:45:00,0.546,valid
DE_1025,2026-06-05 01:00:00,0.533,valid
DE_1025,2026-06-05 01:15:00,0.508,valid
DE_1025,2026-06-05 01:30:00,0.443,valid
DE_1025,2026-06-05 01:45:00,0.552,valid
DE_1025,2026-06-05 02:00:00,0.429,valid
DE_1025,2026-06-05 02:15:00,0.398,valid
DE_1025,2026-06-05 02:30:00,0.444,valid
DE_1025,2026-06-05 02:45:00,0.429,valid
DE_1025,2026-06-05 03:00:00,0.411,valid
DE_1025,2026-06-05 03:15:00,0.42,valid
DE_1025,2026-06-05 03:30:00,0.573,valid
DE_1025,2026-06-05 03:45:00,0.474,valid
DE_1025,2026-06-05 04:00:00,0.38,valid
DE_1025,2026-06-05 04:15:00,0.431,valid
DE_1025,2026-06-05 04:30:00,0.311,valid
DE_1025,2026-06-05 04:45:00,0.38,valid
DE_1025,2026-06-05 05:00:00,0.347,valid
DE_1025,2026-06-05 05:15:00,0.354,valid
DE_1025,2026-06-05 05:30:00,0.329,valid
DE_1025,2026-06-05 05:45:00,0.361,valid
DE_1025,2026-06-05 06:00:00,0.406,valid
DE_1025,2026-06-05 06:15:00,0.329,valid
DE_1025,2026-06-05 06:30:00,0.257,valid
DE_1025,2026-06-05 06:45:00,0.297,valid
DE_1025,2026-06-05 07:00:00,0.338,valid
DE_1025,2026-06-05 07:15:00,0.287,valid
DE_1025,2026-06-05 07:30:00,0.367,valid
DE_1025,2026-06-05 07:45:00,0.315,valid
DE_1025,2026-06-05 08:00:00,0.321,valid
DE_1025,2026-06-05 08:15:00,0.307,valid
DE_1025,2026-06-05 08:30:00,0.27,valid
DE_1025,2026-06-05 08:45:00,0.297,valid
DE_1025,2026-06-05 09:00:00,0.276,valid
DE_1025,2026-06-05 09:15:00,0.245,valid
DE_1025,2026-06-05 09:30:00,0.335,valid
DE_1025,2026-06-05 09:45:00,0.296,valid
DE_1025,2026-06-05 10:00:00,0.203,valid
DE_1025,2026-06-05 10:15:00,0.209,valid
DE_1025,2026-06-05 10:30:00,0.183,valid
DE_1025,2026-06-05 10:45:00,0.182,valid
DE_1025,2026-06-05 11:00:00,0.235,valid
DE_1025,2026-06-05 11:15:00,0.298,valid
DE_1025,2026-06-05 11:30:00,0.246,valid
DE_1025,2026-06-05 11:45:00,0.257,valid
DE_1025,2026-06-05 12:00:00,0.19,valid
DE_1025,2026-06-05 12:15:00,0.257,valid
DE_1025,2026-06-05 12:30:00,0.194,valid
DE_1025,2026-06-05 12:45:00,0.234,valid
DE_1025,2026-06-05 13:00:00,0.281,valid
DE_1025,2026-06-05 13:15:00,0.286,valid
DE_1025,2026-06-05 13:30:00,0.201,valid
DE_1025,2026-06-05 13:45:00,0.221,valid
DE_1025,2026-06-05 14:00:00,0.141,valid
DE_1025,2026-06-05 14:15:00,0.309,valid
DE_1025,2026-06-05 14:30:00,0.207,valid
DE_1025,2026-06-05 14:45:00,0.302,valid
DE_1025,2026-06-05 15:00:00,0.277,valid
DE_1025,2026-06-05 15:15:00,0.282,valid
DE_1025,2026-06-05 15:30:00,0.324,valid
DE_1025,2026-06-05 15:45:00,0.325,valid
DE_1025,2026-06-05 16:00:00,0.314,valid
DE_1025,2026-06-05 16:15:00,0.301,valid
DE_1025,2026-06-05 16:30:00,0.304,valid
DE_1025,2026-06-05 16:45:00,0.316,valid
DE_1025,2026-06-05 17:00:00,0.396,valid
DE_1025,2026-06-05 17:15:00,0.295,valid
DE_1025,2026-06-05 17:30:00,0.33,valid
DE_1025,2026-06-05 17:45:00,0.351,valid
DE_1025,2026-06-05 18:00:00,0.338,valid
DE_1025,2026-06-05 18:15:00,0.293,valid
DE_1025,2026-06-05 18:30:00,0.365,valid
DE_1025,2026-06-05 18:45:00,0.329,valid
DE_1025,2026-06-05 19:00:00,0.402,valid
DE_1025,2026-06-05 19:15:00,0.349,valid
DE_1025,2026-06-05 19:30:00,0.372,valid
DE_1025,2026-06-05 20:00:00,0.404,valid
DE_1025,2026-06-05 20:15:00,0.374,valid
DE_1025,2026-06-05 20:45:00,0.425,valid
DE_1025,2026-06-05 21:00:00,0.462,valid
DE_1025,2026-06-05 21:15:00,0.436,valid
DE_1025,2026-06-05 21:30:00,0.45,valid
DE_1025,2026-06-05 21:45:00,0.497,valid
DE_1025,2026-06-05 22:00:00,0.471,valid
DE_1025,2026-06-05 22:15:00,0.409,valid
DE_1025,2026-06-05 22:30:00,0.46,valid
DE_1025,2026-06-05 22:45:00,0.415,valid
DE_1025,2026-06-05 23:00:00,0.501,valid
DE_1025,2026-06-05 23:15:00,0.426,valid
DE_1025,2026-06-05 23:30:00,0.408,valid
DE_1025,2026-06-05 23:45:00,0.56,valid
DE_1025,2026-06-06 00:00:00,0.551,valid
DE_1025,2026-06-06 00:15:00,0.535,valid
DE_1025,2026-06-06 00:30:00,0.513,valid
DE_1025,2026-06-06 00:45:00,0.514,valid
DE_1025,2026-06-06 01:00:00,0.504,valid
DE_1025,2026-06-06 01:15:00,0.479,valid
DE_1025,2026-06-06 01:30:00,0.433,valid
DE_1025,2026-06-06 01:45:00,0.445,valid
DE_1025,2026-06-06 02:00:00,0.507,valid
DE_1025,2026-06-06 02:15:00,0.399,valid
DE_1025,2026-06-06 02:30:00,0.447,valid
DE_1025,2026-06-06 02:45:00,0.394,valid
DE_1025,2026-06-06 03:00:00,0.376,valid
DE_1025,2026-06-06 03:15:00,0.472,valid
DE_1025,2026-06-06 03:30:00,0.444,valid
DE_1025,2026-06-06 03:45:00,0.402,valid
DE_1025,2026-06-06 04:00:00,0.4,valid
DE_1025,2026-06-06 04:15:00,0.338,valid
DE_1025,2026-06-06 04:30:00,0.464,valid
DE_1025,2026-06-06 04:45:00,0.46,valid
DE_1025,2026-06-06 05:00:00,0.367,valid
DE_1025,2026-06-06 05:15:00,0.471,valid
DE_1025,2026-06-06 05:30:00,0.37,valid
DE_1025,2026-06-06 05:45:00,0.282,valid
DE_1025,2026-06-06 06:00:00,0.395,valid
DE_1025,2026-06-06 06:15:00,0.37,valid
DE_1025,2026-06-06 06:30:00,0.384,valid
DE_1025,2026-06-06 06:45:00,0.405,valid
DE_1025,2026-06-06 07:00:00,0.336,valid
DE_1025,2026-06-06 07:15:00,0.293,valid
DE_1025,2026-06-06 07:30:00,0.367,valid
DE_1025,2026-06-06 07:45:00,0.364,valid
DE_1025,2026-06-06 08:00:00,0.252,valid
DE_1025,2026-06-06 08:15:00,0.3,valid
DE_1025,2026-06-06 08:30:00,0.255,valid
DE_1025,2026-06-06 08:45:00,0.283,valid
DE_1025,2026-06-06 09:00:00,0.327,valid
DE_1025,2026-06-06 09:15:00,0.194,valid
DE_1025,2026-06-06 09:30:00,0.321,valid
DE_1025,2026-06-06 09:45:00,0.244,valid
DE_1025,2026-06-06 10:00:00,0.252,valid
DE_1025,2026-06-06 10:15:00,0.145,valid
DE_1025,2026-06-06 10:30:00,0.192,valid
DE_1025,2026-06-06 10:45:00,0.302,valid
DE_1025,2026-06-06 11:00:00,0.244,valid
DE_1025,2026-06-06 11:15:00,0.216,valid
DE_1025,2026-06-06 11:30:00,0.175,valid
DE_1025,2026-06-06 11:45:00,0.221,valid
DE_1025,2026-06-06 12:00:00,0.173,valid
DE_1025,2026-06-06 12:15:00,0.232,valid
DE_1025,2026-06-06 12:30:00,0.18,valid
DE_1025,2026-06-06 12:45:00,0.283,valid
DE_1025,2026-06-06 13:00:00,0.223,valid
DE_1025,2026-06-06 13:15:00,0.298,valid
DE_1025,2026-06-06 13:30:00,0.175,valid
DE_1025,2026-06-06 13:45:00,0.244,valid
DE_1025,2026-06-06 14:00:00,0.325,valid
DE_1025,2026-06-06 14:15:00,0.24,valid
DE_1025,2026-06-06 14:30:00,0.224,valid
DE_1025,2026-06-06 14:45:00,0.23,valid
DE_1025,2026-06-06 15:00:00,0.283,valid
DE_1025,2026-06-06 15:15:00,0.326,valid
DE_1025,2026-06-06 15:30:00,0.347,valid
DE_1025,2026-06-06 15:45:00,0.279,valid
DE_1025,2026-06-06 16:00:00,0.261,valid
DE_1025,2026-06-06 16:15:00,0.338,valid
DE_1025,2026-06-06 16:30:00,0.321,valid
DE_1025,2026-06-06 16:45:00,0.322,valid
DE_1025,2026-06-06 17:00:00,0.394,valid
DE_1025,2026-06-06 17:15:00,0.402,valid
DE_1025,2026-06-06 17:30:00,0.356,valid
DE_1025,2026-06-06 17:45:00,0.353,valid
DE_1025,2026-06-06 18:00:00,0.371,valid
DE_1025,2026-06-06 18:15:00,0.378,valid
DE_1025,2026-06-06 18:30:00,0.327,valid
DE_1025,2026-06-06 18:45:00,0.364,valid
DE_1025,2026-06-06 19:00:00,0.397,valid
DE_1025,2026-06-06 19:15:00,0.335,valid
DE_1025,2026-06-06 19:30:00,0.331,valid
DE_1025,2026-06-06 19:30:00,0.331,valid
DE_1025,2026-06-06 19:45:00,0.311,valid
DE_1025,2026-06-06 20:15:00,0.428,valid
DE_1025,2026-06-06 20:30:00,0.358,valid
DE_1025,2026-06-06 20:45:00,0.312,valid
DE_1025,2026-06-06 21:00:00,0.343,valid
DE_1025,2026-06-06 21:15:00,0.331,valid
DE_1025,2026-06-06 21:30:00,0.368,valid
DE_1025,2026-06-06 21:45:00,0.413,valid
DE_1025,2026-06-06 22:00:00,0.572,valid
DE_1025,2026-06-06 22:15:00,0.439,valid
DE_1025,2026-06-06 22:30:00,0.389,valid
DE_1025,2026-06-06 22:45:00,0.395,valid
DE_1025,2026-06-06 23:00:00,0.501,valid
DE_1025,2026-06-06 23:15:00,0.463,valid
DE_1025,2026-06-06 23:30:00,0.478,valid
DE_1025,2026-06-06 23:45:00,0.518,valid
DE_1025,2026-06-07 00:00:00,0.509,valid
DE_1025,2026-06-07 00:15:00,0.481,valid
DE_1025,2026-06-07 00:30:00,0.439,valid
DE_1025,2026-06-07 00:45:00,0.455,valid
DE_1025,2026-06-07 01:00:00,0.472,valid
DE_1025,2026-06-07 01:15:00,0.508,valid
DE_1025,2026-06-07 01:30:00,0.455,valid
DE_1025,2026-06-07 01:45:00,0.506,valid
DE_1025,2026-06-07 02:00:00,0.536,valid
DE_1025,2026-06-07 02:15:00,0.547,valid
DE_1025,2026-06-07 02:30:00,0.571,valid
DE_1025,2026-06-07 02:45:00,0.442,valid
DE_1025,2026-06-07 03:00:00,0.457,valid
DE_1025,2026-06-07 03:15:00,0.42,valid
DE_1025,2026-06-07 03:30:00,0.414,valid
DE_1025,2026-06-07 03:45:00,0.438,valid
DE_1025,2026-06-07 04:00:00,0.365,valid
DE_1025,2026-06-07 04:15:00,0.393,valid
DE_1025,2026-06-07 04:30:00,0.398,valid
DE_1025,2026-06-07 04:45:00,0.434,valid
DE_1025,2026-06-07 05:00:00,0.411,valid
DE_1025,2026-06-07 05:15:00,0.292,valid
DE_1025,2026-06-07 05:30:00,0.376,valid
DE_1025,2026-06-07 05:45:00,0.395,valid
DE_1025,2026-06-07 06:00:00,0.399,valid
DE_1025,2026-06-07 06:15:00,0.266,valid
DE_1025,2026-06-07 06:30:00,0.3,valid
DE_1025,2026-06-07 06:45:00,0.341,valid
DE_1025,2026-06-07 07:15:00,0.382,valid
DE_1025,2026-06-07 07:30:00,0.287,valid
DE_1025,2026-06-07 07:45:00,0.366,valid
DE_1025,2026-06-07 08:00:00,0.284,valid
DE_1025,2026-06-07 08:15:00,0.19,valid
DE_1025,2026-06-07 08:45:00,0.285,valid
DE_1025,2026-06-07 09:00:00,0.248,valid
DE_1025,2026-06-07 09:15:00,0.323,valid
DE_1025,2026-06-07 09:30:00,0.184,valid
DE_1025,2026-06-07 09:45:00,0.22,valid
DE_1025,2026-06-07 10:00:00,0.262,valid
DE_1025,2026-06-07 10:15:00,0.212,valid
DE_1025,2026-06-07 10:30:00,0.265,valid
DE_1025,2026-06-07 10:45:00,0.143,valid
DE_1025,2026-06-07 11:00:00,0.145,valid
DE_1025,2026-06-07 11:15:00,0.134,valid
DE_1025,2026-06-07 11:30:00,0.201,valid
DE_1025,2026-06-07 11:45:00,0.253,valid
DE_1025,2026-06-07 12:00:00,0.161,valid
DE_1025,2026-06-07 12:15:00,0.241,valid
DE_1025,2026-06-07 12:30:00,0.231,valid
DE_1025,2026-06-07 12:45:00,0.161,valid
DE_1025,2026-06-07 13:00:00,0.286,valid
DE_1025,2026-06-07 13:15:00,0.197,valid
DE_1025,2026-06-07 13:30:00,0.097,valid
DE_1025,2026-06-07 13:45:00,0.223,valid
DE_1025,2026-06-07 14:00:00,0.282,valid
DE_1025,2026-06-07 14:15:00,0.263,valid
DE_1025,2026-06-07 14:30:00,0.246,valid
DE_1025,2026-06-07 14:45:00,0.27,valid
DE_1025,2026-06-07 15:00:00,0.248,valid
DE_1025,2026-06-07 15:15:00,0.315,valid
DE_1025,2026-06-07 15:30:00,0.168,valid
DE_1025,2026-06-07 15:45:00,0.251,valid
DE_1025,2026-06-07 16:00:00,0.198,valid
DE_1025,2026-06-07 16:15:00,0.25,valid
DE_1025,2026-06-07 16:30:00,0.403,valid
DE_1025,2026-06-07 16:45:00,0.257,valid
DE_1025,2026-06-07 17:00:00,0.318,valid
DE_1025,2026-06-07 17:15:00,0.345,valid
DE_1025,2026-06-07 17:30:00,0.279,valid
DE_1025,2026-06-07 17:45:00,0.396,valid
DE_1025,2026-06-07 18:00:00,0.314,valid
DE_1025,2026-06-07 18:15:00,0.325,valid
DE_1025,2026-06-07 18:30:00,0.411,valid
DE_1025,2026-06-07 18:45:00,0.326,valid
DE_1025,2026-06-07 19:00:00,0.298,valid
DE_1025,2026-06-07 19:15:00,0.433,valid
DE_1025,2026-06-07 19:30:00,0.416,valid
DE_1025,2026-06-07 19:45:00,0.464,valid
DE_1025,2026-06-07 20:00:00,0.404,valid
DE_1025,2026-06-07 20:15:00,0.455,valid
DE_1025,2026-06-07 20:30:00,0.427,valid
DE_1025,2026-06-07 20:45:00,0.397,valid
DE_1025,2026-06-07 21:00:00,0.371,valid
DE_1025,2026-06-07 21:15:00,0.484,valid
DE_1025,2026-06-07 21:30:00,0.464,valid
DE_1025,2026-06-07 21:45:00,0.422,valid
DE_1025,2026-06-07 22:00:00,0.363,valid
DE_1025,2026-06-07 22:15:00,0.527,valid
DE_1025,2026-06-07 22:30:00,0.411,valid
DE_1025,2026-06-07 22:45:00,0.62,valid
DE_1025,2026-06-07 23:00:00,0.544,valid
DE_1025,2026-06-07 23:15:00,0.454,valid
DE_1025,2026-06-07 23:30:00,0.442,valid
DE_1025,2026-06-07 23:45:00,0.456,valid
DE_1026,2026-06-01 00:00:00,0.595,valid
DE_1026,2026-06-01 00:15:00,0.428,valid
DE_1026,2026-06-01 00:30:00,0.517,valid
DE_1026,2026-06-01 00:45:00,0.461,valid
DE_1026,2026-06-01 01:00:00,0.457,valid
DE_1026,2026-06-01 01:15:00,0.514,valid
DE_1026,2026-06-01 01:30:00,0.472,valid
DE_1026,2026-06-01 01:45:00,0.458,valid
DE_1026,2026-06-01 02:00:00,0.418,valid
DE_1026,2026-06-01 02:15:00,0.436,valid
DE_1026,2026-06-01 02:30:00,0.455,valid
DE_1026,2026-06-01 02:45:00,0.415,valid
DE_1026,2026-06-01 03:00:00,0.498,valid
DE_1026,2026-06-01 03:15:00,0.407,valid
DE_1026,2026-06-01 03:30:00,0.486,valid
DE_1026,2026-06-01 03:45:00,0.432,valid
DE_1026,2026-06-01 04:00:00,0.39,valid
DE_1026,2026-06-01 04:15:00,0.377,valid
DE_1026,2026-06-01 04:30:00,0.486,valid
DE_1026,2026-06-01 04:45:00,0.366,valid
DE_1026,2026-06-01 05:00:00,0.399,valid
DE_1026,2026-06-01 05:15:00,0.362,valid
DE_1026,2026-06-01 05:30:00,0.41,valid
DE_1026,2026-06-01 05:45:00,0.408,valid
DE_1026,2026-06-01 06:00:00,0.329,valid
DE_1026,2026-06-01 06:15:00,0.343,valid
DE_1026,2026-06-01 06:30:00,0.387,valid
DE_1026,2026-06-01 06:45:00,0.333,valid
DE_1026,2026-06-01 07:00:00,0.351,valid
DE_1026,2026-06-01 07:15:00,0.364,valid
DE_1026,2026-06-01 07:30:00,0.365,valid
DE_1026,2026-06-01 07:45:00,0.317,valid
DE_1026,2026-06-01 08:00:00,0.342,valid
DE_1026,2026-06-01 08:15:00,0.268,valid
DE_1026,2026-06-01 08:30:00,0.374,valid
DE_1026,2026-06-01 08:45:00,0.25,valid
DE_1026,2026-06-01 09:00:00,0.269,valid
DE_1026,2026-06-01 09:15:00,0.371,valid
DE_1026,2026-06-01 09:30:00,0.231,valid
DE_1026,2026-06-01 09:45:00,0.214,valid
DE_1026,2026-06-01 10:00:00,0.306,valid
DE_1026,2026-06-01 10:15:00,0.268,valid
DE_1026,2026-06-01 10:30:00,0.231,valid
DE_1026,2026-06-01 10:45:00,0.227,valid
DE_1026,2026-06-01 11:00:00,0.17,valid
DE_1026,2026-06-01 11:15:00,0.151,valid
DE_1026,2026-06-01 11:30:00,0.286,valid
DE_1026,2026-06-01 11:45:00,0.235,valid
DE_1026,2026-06-01 12:00:00,0.229,valid
DE_1026,2026-06-01 12:15:00,0.102,valid
DE_1026,2026-06-01 12:30:00,0.215,valid
DE_1026,2026-06-01 12:45:00,0.168,valid
DE_1026,2026-06-01 13:00:00,0.173,valid
DE_1026,2026-06-01 13:15:00,0.244,valid
DE_1026,2026-06-01 13:30:00,0.18,valid
DE_1026,2026-06-01 13:45:00,0.201,valid
DE_1026,2026-06-01 14:00:00,0.236,valid
DE_1026,2026-06-01 14:15:00,0.279,valid
DE_1026,2026-06-01 14:30:00,0.226,valid
DE_1026,2026-06-01 14:45:00,0.255,valid
DE_1026,2026-06-01 15:00:00,0.336,valid
DE_1026,2026-06-01 15:15:00,0.237,valid
DE_1026,2026-06-01 15:30:00,0.356,valid
DE_1026,2026-06-01 15:45:00,0.3,valid
DE_1026,2026-06-01 16:00:00,0.272,valid
DE_1026,2026-06-01 16:15:00,0.213,valid
DE_1026,2026-06-01 16:30:00,0.345,valid
DE_1026,2026-06-01 16:45:00,0.193,valid
DE_1026,2026-06-01 17:00:00,0.431,valid
DE_1026,2026-06-01 17:15:00,0.369,valid
DE_1026,2026-06-01 17:30:00,0.276,valid
DE_1026,2026-06-01 17:45:00,0.379,valid
DE_1026,2026-06-01 18:00:00,0.342,valid
DE_1026,2026-06-01 18:15:00,0.337,valid
DE_1026,2026-06-01 18:30:00,0.378,valid
DE_1026,2026-06-01 18:45:00,0.355,valid
DE_1026,2026-06-01 19:00:00,0.394,valid
DE_1026,2026-06-01 19:22:00,0.35,valid
DE_1026,2026-06-01 19:30:00,0.405,valid
DE_1026,2026-06-01 19:45:00,0.406,valid
DE_1026,2026-06-01 20:00:00,0.369,valid
DE_1026,2026-06-01 20:15:00,0.467,valid
DE_1026,2026-06-01 20:30:00,0.424,valid
DE_1026,2026-06-01 20:45:00,0.391,valid
DE_1026,2026-06-01 21:00:00,0.467,valid
DE_1026,2026-06-01 21:15:00,0.432,valid
DE_1026,2026-06-01 21:30:00,0.5,valid
DE_1026,2026-06-01 21:45:00,0.41,valid
DE_1026,2026-06-01 22:00:00,0.53,valid
DE_1026,2026-06-01 22:15:00,0.528,valid
DE_1026,2026-06-01 22:30:00,0.455,valid
DE_1026,2026-06-01 22:45:00,0.389,valid
DE_1026,2026-06-01 23:00:00,0.46,valid
DE_1026,2026-06-01 23:15:00,0.46,valid
DE_1026,2026-06-01 23:30:00,0.584,valid
DE_1026,2026-06-01 23:45:00,0.471,valid
DE_1026,2026-06-02 00:00:00,0.511,valid
DE_1026,2026-06-02 00:15:00,0.531,valid
DE_1026,2026-06-02 00:30:00,0.467,valid
DE_1026,2026-06-02 00:45:00,0.468,valid
DE_1026,2026-06-02 01:00:00,0.524,valid
DE_1026,2026-06-02 01:15:00,0.546,valid
DE_1026,2026-06-02 01:30:00,0.511,valid
DE_1026,2026-06-02 01:45:00,0.546,valid
DE_1026,2026-06-02 02:00:00,0.424,valid
DE_1026,2026-06-02 02:15:00,0.431,valid
DE_1026,2026-06-02 02:30:00,0.435,valid
DE_1026,2026-06-02 02:45:00,0.353,valid
DE_1026,2026-06-02 03:00:00,0.435,valid
DE_1026,2026-06-02 03:15:00,0.38,valid
DE_1026,2026-06-02 03:30:00,0.4,valid
DE_1026,2026-06-02 03:45:00,0.297,valid
DE_1026,2026-06-02 04:00:00,0.337,valid
DE_1026,2026-06-02 04:15:00,0.485,valid
DE_1026,2026-06-02 04:30:00,0.381,valid
DE_1026,2026-06-02 04:45:00,0.371,valid
DE_1026,2026-06-02 05:00:00,0.378,valid
DE_1026,2026-06-02 05:15:00,0.405,valid
DE_1026,2026-06-02 05:30:00,0.32,valid
DE_1026,2026-06-02 05:45:00,0.309,valid
DE_1026,2026-06-02 06:00:00,0.277,valid
DE_1026,2026-06-02 06:15:00,0.377,valid
DE_1026,2026-06-02 06:30:00,0.372,valid
DE_1026,2026-06-02 06:45:00,0.407,valid
DE_1026,2026-06-02 07:00:00,0.323,valid
DE_1026,2026-06-02 07:15:00,0.323,valid
DE_1026,2026-06-02 07:30:00,0.288,valid
DE_1026,2026-06-02 07:45:00,0.368,valid
DE_1026,2026-06-02 08:00:00,0.263,valid
DE_1026,2026-06-02 08:15:00,0.201,valid
DE_1026,2026-06-02 08:30:00,0.343,valid
DE_1026,2026-06-02 08:45:00,0.224,valid
DE_1026,2026-06-02 09:00:00,0.28,valid
DE_1026,2026-06-02 09:15:00,0.31,valid
DE_1026,2026-06-02 09:30:00,0.222,valid
DE_1026,2026-06-02 09:45:00,0.301,valid
DE_1026,2026-06-02 10:00:00,0.305,valid
DE_1026,2026-06-02 10:15:00,0.24,valid
DE_1026,2026-06-02 10:30:00,0.263,valid
DE_1026,2026-06-02 10:45:00,0.259,valid
DE_1026,2026-06-02 11:00:00,0.24,valid
DE_1026,2026-06-02 11:15:00,0.223,valid
DE_1026,2026-06-02 11:30:00,0.251,valid
DE_1026,2026-06-02 11:45:00,0.288,valid
DE_1026,2026-06-02 12:00:00,0.206,valid
DE_1026,2026-06-02 12:15:00,0.175,valid
DE_1026,2026-06-02 12:30:00,0.171,valid
DE_1026,2026-06-02 12:45:00,0.199,valid
DE_1026,2026-06-02 13:00:00,0.255,valid
DE_1026,2026-06-02 13:15:00,0.186,valid
DE_1026,2026-06-02 13:30:00,0.272,valid
DE_1026,2026-06-02 13:45:00,0.259,valid
DE_1026,2026-06-02 14:00:00,0.263,valid
DE_1026,2026-06-02 14:15:00,0.269,valid
DE_1026,2026-06-02 14:30:00,0.174,valid
DE_1026,2026-06-02 14:45:00,0.153,valid
DE_1026,2026-06-02 15:00:00,0.31,valid
DE_1026,2026-06-02 15:15:00,0.271,valid
DE_1026,2026-06-02 15:30:00,0.348,valid
DE_1026,2026-06-02 15:45:00,0.258,valid
DE_1026,2026-06-02 16:00:00,0.279,valid
DE_1026,2026-06-02 16:15:00,0.277,valid
DE_1026,2026-06-02 16:30:00,0.384,valid
DE_1026,2026-06-02 16:45:00,0.353,valid
DE_1026,2026-06-02 17:00:00,0.277,valid
DE_1026,2026-06-02 17:15:00,0.242,valid
DE_1026,2026-06-02 17:30:00,0.253,valid
DE_1026,2026-06-02 17:45:00,0.356,valid
DE_1026,2026-06-02 18:00:00,0.342,valid
DE_1026,2026-06-02 18:15:00,-0.131,valid
DE_1026,2026-06-02 18:30:00,0.36,valid
DE_1026,2026-06-02 18:45:00,0.294,valid
DE_1026,2026-06-02 19:00:00,0.337,valid
DE_1026,2026-06-02 19:15:00,0.45,valid
DE_1026,2026-06-02 19:30:00,0.398,valid
DE_1026,2026-06-02 19:45:00,0.4,valid
DE_1026,2026-06-02 20:00:00,0.434,valid
DE_1026,2026-06-02 20:15:00,0.393,valid
DE_1026,2026-06-02 20:30:00,0.39,valid
DE_1026,2026-06-02 20:45:00,0.373,valid
DE_1026,2026-06-02 21:00:00,0.532,valid
DE_1026,2026-06-02 21:15:00,0.392,valid
DE_1026,2026-06-02 21:30:00,0.354,valid
DE_1026,2026-06-02 21:45:00,0.421,valid
DE_1026,2026-06-02 22:00:00,0.451,valid
DE_1026,2026-06-02 22:15:00,0.408,valid
DE_1026,2026-06-02 22:30:00,0.496,valid
DE_1026,2026-06-02 22:45:00,0.449,valid
DE_1026,2026-06-02 23:00:00,0.574,valid
DE_1026,2026-06-02 23:15:00,0.469,valid
DE_1026,2026-06-02 23:30:00,0.402,valid
DE_1026,2026-06-02 23:45:00,0.443,valid
DE_1026,2026-06-03 00:00:00,0.461,valid
DE_1026,2026-06-03 00:15:00,0.435,valid
DE_1026,2026-06-03 00:30:00,0.52,valid
DE_1026,2026-06-03 00:45:00,0.476,valid
DE_1026,2026-06-03 01:00:00,0.524,valid
DE_1026,2026-06-03 01:15:00,0.462,valid
DE_1026,2026-06-03 01:30:00,0.409,valid
DE_1026,2026-06-03 01:45:00,0.54,valid
DE_1026,2026-06-03 02:00:00,0.334,valid
DE_1026,2026-06-03 02:15:00,0.344,valid
DE_1026,2026-06-03 02:30:00,0.468,valid
DE_1026,2026-06-03 02:45:00,0.521,valid
DE_1026,2026-06-03 03:00:00,0.455,valid
DE_1026,2026-06-03 03:15:00,0.403,valid
DE_1026,2026-06-03 03:30:00,0.496,valid
DE_1026,2026-06-03 03:45:00,0.372,valid
DE_1026,2026-06-03 04:00:00,0.311,valid
DE_1026,2026-06-03 04:15:00,0.412,valid
DE_1026,2026-06-03 04:30:00,0.466,valid
DE_1026,2026-06-03 04:45:00,0.429,valid
DE_1026,2026-06-03 05:00:00,0.336,valid
DE_1026,2026-06-03 05:15:00,0.367,valid
DE_1026,2026-06-03 05:30:00,0.351,valid
DE_1026,2026-06-03 05:45:00,0.322,valid
DE_1026,2026-06-03 06:00:00,0.379,valid
DE_1026,2026-06-03 06:15:00,0.372,valid
DE_1026,2026-06-03 06:30:00,0.307,valid
DE_1026,2026-06-03 06:45:00,0.354,valid
DE_1026,2026-06-03 07:00:00,0.401,valid
DE_1026,2026-06-03 07:15:00,0.229,valid
DE_1026,2026-06-03 07:30:00,0.335,valid
DE_1026,2026-06-03 07:45:00,0.253,valid
DE_1026,2026-06-03 08:00:00,0.296,valid
DE_1026,2026-06-03 08:15:00,0.307,valid
DE_1026,2026-06-03 08:15:00,0.307,valid
DE_1026,2026-06-03 08:30:00,0.281,valid
DE_1026,2026-06-03 08:45:00,0.27,valid
DE_1026,2026-06-03 09:00:00,0.237,valid
DE_1026,2026-06-03 09:15:00,0.308,valid
DE_1026,2026-06-03 09:30:00,0.357,valid
DE_1026,2026-06-03 09:45:00,0.306,valid
DE_1026,2026-06-03 10:00:00,0.231,valid
DE_1026,2026-06-03 10:15:00,0.219,valid
DE_1026,2026-06-03 10:30:00,0.277,valid
DE_1026,2026-06-03 10:45:00,0.2,valid
DE_1026,2026-06-03 11:00:00,0.213,valid
DE_1026,2026-06-03 11:15:00,0.239,valid
DE_1026,2026-06-03 11:30:00,0.214,valid
DE_1026,2026-06-03 11:45:00,0.137,valid
DE_1026,2026-06-03 12:00:00,0.242,valid
DE_1026,2026-06-03 12:15:00,0.212,valid
DE_1026,2026-06-03 12:30:00,0.119,valid
DE_1026,2026-06-03 12:45:00,0.163,valid
DE_1026,2026-06-03 13:00:00,0.293,valid
DE_1026,2026-06-03 13:15:00,0.197,valid
DE_1026,2026-06-03 13:30:00,0.189,valid
DE_1026,2026-06-03 13:45:00,0.264,valid
DE_1026,2026-06-03 14:00:00,0.246,valid
DE_1026,2026-06-03 14:15:00,0.231,valid
DE_1026,2026-06-03 14:30:00,0.148,valid
DE_1026,2026-06-03 14:45:00,0.205,valid
DE_1026,2026-06-03 15:00:00,0.246,valid
DE_1026,2026-06-03 15:15:00,0.319,valid
DE_1026,2026-06-03 15:30:00,0.391,valid
DE_1026,2026-06-03 15:45:00,0.287,valid
DE_1026,2026-06-03 16:00:00,0.367,valid
DE_1026,2026-06-03 16:15:00,0.343,valid
DE_1026,2026-06-03 16:30:00,0.271,valid
DE_1026,2026-06-03 16:45:00,0.281,valid
DE_1026,2026-06-03 17:00:00,0.298,valid
DE_1026,2026-06-03 17:15:00,0.382,valid
DE_1026,2026-06-03 17:30:00,0.305,valid
DE_1026,2026-06-03 17:45:00,0.35,valid
DE_1026,2026-06-03 18:00:00,0.348,valid
DE_1026,2026-06-03 18:15:00,0.35,valid
DE_1026,2026-06-03 18:30:00,0.375,valid
DE_1026,2026-06-03 18:45:00,0.379,valid
DE_1026,2026-06-03 19:00:00,0.348,valid
DE_1026,2026-06-03 19:15:00,0.387,valid
DE_1026,2026-06-03 19:45:00,0.382,valid
DE_1026,2026-06-03 20:00:00,0.387,valid
DE_1026,2026-06-03 20:15:00,0.382,valid
DE_1026,2026-06-03 20:30:00,0.397,valid
DE_1026,2026-06-03 20:45:00,0.378,valid
DE_1026,2026-06-03 21:00:00,0.383,valid
DE_1026,2026-06-03 21:15:00,0.536,valid
DE_1026,2026-06-03 21:30:00,0.35,valid
DE_1026,2026-06-03 21:45:00,0.389,valid
DE_1026,2026-06-03 22:00:00,0.34,valid
DE_1026,2026-06-03 22:15:00,0.502,valid
DE_1026,2026-06-03 22:30:00,0.399,valid
DE_1026,2026-06-03 22:45:00,0.485,valid
DE_1026,2026-06-03 23:00:00,0.444,valid
DE_1026,2026-06-03 23:15:00,0.434,valid
DE_1026,2026-06-03 23:30:00,0.419,valid
DE_1026,2026-06-03 23:45:00,0.45,valid
DE_1026,2026-06-04 00:00:00,0.506,valid
DE_1026,2026-06-04 00:15:00,0.529,valid
DE_1026,2026-06-04 00:30:00,0.443,valid
DE_1026,2026-06-04 00:45:00,0.503,valid
DE_1026,2026-06-04 01:00:00,0.534,valid
DE_1026,2026-06-04 01:15:00,0.508,valid
DE_1026,2026-06-04 01:30:00,0.478,valid
DE_1026,2026-06-04 01:45:00,0.449,valid
DE_1026,2026-06-04 02:00:00,0.407,valid
DE_1026,2026-06-04 02:15:00,0.389,valid
DE_1026,2026-06-04 02:30:00,0.574,valid
DE_1026,2026-06-04 02:45:00,0.472,valid
DE_1026,2026-06-04 03:00:00,0.382,valid
DE_1026,2026-06-04 03:15:00,0.304,valid
DE_1026,2026-06-04 03:30:00,0.37,valid
DE_1026,2026-06-04 03:45:00,0.413,valid
DE_1026,2026-06-04 04:00:00,0.355,valid
DE_1026,2026-06-04 04:15:00,0.387,valid
DE_1026,2026-06-04 04:30:00,0.463,valid
DE_1026,2026-06-04 04:45:00,0.301,valid
DE_1026,2026-06-04 05:00:00,0.446,valid
DE_1026,2026-06-04 05:15:00,0.347,valid
DE_1026,2026-06-04 05:30:00,0.438,valid
DE_1026,2026-06-04 05:45:00,0.33,valid
DE_1026,2026-06-04 06:00:00,0.341,valid
DE_1026,2026-06-04 06:15:00,0.373,valid
DE_1026,2026-06-04 06:30:00,0.422,valid
DE_1026,2026-06-04 06:45:00,0.397,valid
DE_1026,2026-06-04 07:00:00,0.31,valid
DE_1026,2026-06-04 07:15:00,0.353,valid
DE_1026,2026-06-04 07:30:00,0.397,valid
DE_1026,2026-06-04 07:45:00,0.304,valid
DE_1026,2026-06-04 08:00:00,0.316,valid
DE_1026,2026-06-04 08:15:00,0.231,valid
DE_1026,2026-06-04 08:30:00,0.311,valid
DE_1026,2026-06-04 08:45:00,0.323,valid
DE_1026,2026-06-04 09:00:00,0.299,valid
DE_1026,2026-06-04 09:15:00,0.282,valid
DE_1026,2026-06-04 09:30:00,0.362,valid
DE_1026,2026-06-04 10:00:00,0.259,valid
DE_1026,2026-06-04 10:15:00,0.193,valid
DE_1026,2026-06-04 10:30:00,0.136,valid
DE_1026,2026-06-04 10:45:00,0.359,valid
DE_1026,2026-06-04 11:15:00,0.204,valid
DE_1026,2026-06-04 11:30:00,0.275,valid
DE_1026,2026-06-04 11:45:00,0.198,valid
DE_1026,2026-06-04 12:00:00,0.199,valid
DE_1026,2026-06-04 12:15:00,0.198,valid
DE_1026,2026-06-04 12:30:00,0.144,valid
DE_1026,2026-06-04 12:45:00,0.231,valid
DE_1026,2026-06-04 13:00:00,0.191,valid
DE_1026,2026-06-04 13:15:00,0.251,valid
DE_1026,2026-06-04 13:30:00,0.198,valid
DE_1026,2026-06-04 13:45:00,0.179,valid
DE_1026,2026-06-04 14:00:00,0.197,valid
DE_1026,2026-06-04 14:15:00,0.288,valid
DE_1026,2026-06-04 14:30:00,0.156,valid
DE_1026,2026-06-04 14:45:00,0.187,valid
DE_1026,2026-06-04 15:00:00,0.291,valid
DE_1026,2026-06-04 15:15:00,0.261,valid
DE_1026,2026-06-04 15:30:00,0.295,valid
DE_1026,2026-06-04 15:45:00,0.23,valid
DE_1026,2026-06-04 16:00:00,0.256,valid
DE_1026,2026-06-04 16:15:00,0.363,valid
DE_1026,2026-06-04 16:30:00,0.397,valid
DE_1026,2026-06-04 16:45:00,0.321,valid
DE_1026,2026-06-04 17:00:00,0.375,valid
DE_1026,2026-06-04 17:15:00,0.336,valid
DE_1026,2026-06-04 17:30:00,0.278,valid
DE_1026,2026-06-04 17:45:00,0.387,valid
DE_1026,2026-06-04 18:00:00,0.336,valid
DE_1026,2026-06-04 18:15:00,0.353,valid
DE_1026,2026-06-04 18:30:00,0.341,valid
DE_1026,2026-06-04 18:45:00,0.214,valid
DE_1026,2026-06-04 19:00:00,0.311,valid
DE_1026,2026-06-04 19:15:00,0.347,valid
DE_1026,2026-06-04 19:30:00,0.427,valid
DE_1026,2026-06-04 19:45:00,0.363,valid
DE_1026,2026-06-04 20:00:00,0.455,valid
DE_1026,2026-06-04 20:15:00,0.445,valid
DE_1026,2026-06-04 20:30:00,0.384,valid
DE_1026,2026-06-04 20:45:00,0.378,valid
DE_1026,2026-06-04 21:00:00,0.413,valid
DE_1026,2026-06-04 21:15:00,0.392,valid
DE_1026,2026-06-04 21:30:00,0.446,valid
DE_1026,2026-06-04 21:45:00,0.499,valid
DE_1026,2026-06-04 22:00:00,0.384,valid
DE_1026,2026-06-04 22:15:00,0.406,valid
DE_1026,2026-06-04 22:30:00,0.47,valid
DE_1026,2026-06-04 22:45:00,0.492,valid
DE_1026,2026-06-04 23:00:00,0.491,valid
DE_1026,2026-06-04 23:15:00,0.5,valid
DE_1026,2026-06-04 23:30:00,0.446,valid
DE_1026,2026-06-04 23:45:00,0.493,valid
DE_1026,2026-06-05 00:00:00,0.455,valid
DE_1026,2026-06-05 00:15:00,0.641,valid
DE_1026,2026-06-05 00:30:00,0.542,valid
DE_1026,2026-06-05 00:45:00,0.445,valid
DE_1026,2026-06-05 01:00:00,0.535,valid
DE_1026,2026-06-05 01:15:00,0.44,valid
DE_1026,2026-06-05 01:30:00,0.415,valid
DE_1026,2026-06-05 01:45:00,0.451,valid
DE_1026,2026-06-05 02:00:00,0.424,valid
DE_1026,2026-06-05 02:15:00,0.493,valid
DE_1026,2026-06-05 02:30:00,0.496,valid
DE_1026,2026-06-05 02:45:00,0.426,valid
DE_1026,2026-06-05 03:00:00,0.386,valid
DE_1026,2026-06-05 03:15:00,0.442,valid
DE_1026,2026-06-05 03:30:00,0.406,valid
DE_1026,2026-06-05 03:45:00,0.459,valid
DE_1026,2026-06-05 04:00:00,0.492,valid
DE_1026,2026-06-05 04:15:00,0.334,valid
DE_1026,2026-06-05 04:30:00,0.399,valid
DE_1026,2026-06-05 04:45:00,0.357,valid
DE_1026,2026-06-05 05:00:00,0.374,valid
DE_1026,2026-06-05 05:15:00,0.394,valid
DE_1026,2026-06-05 05:30:00,0.43,valid
DE_1026,2026-06-05 05:45:00,0.333,valid
DE_1026,2026-06-05 06:00:00,0.259,valid
DE_1026,2026-06-05 06:15:00,0.42,valid
DE_1026,2026-06-05 06:30:00,0.279,valid
DE_1026,2026-06-05 06:45:00,0.306,valid
DE_1026,2026-06-05 07:00:00,0.329,valid
DE_1026,2026-06-05 07:15:00,0.403,valid
DE_1026,2026-06-05 07:30:00,0.35,valid
DE_1026,2026-06-05 07:45:00,0.294,valid
DE_1026,2026-06-05 08:00:00,0.266,valid
DE_1026,2026-06-05 08:15:00,0.311,valid
DE_1026,2026-06-05 08:30:00,0.375,valid
DE_1026,2026-06-05 08:45:00,0.23,valid
DE_1026,2026-06-05 09:00:00,0.27,valid
DE_1026,2026-06-05 09:15:00,0.336,valid
DE_1026,2026-06-05 09:30:00,0.242,valid
DE_1026,2026-06-05 09:45:00,0.21,valid
DE_1026,2026-06-05 10:00:00,0.224,valid
DE_1026,2026-06-05 10:15:00,0.239,valid
DE_1026,2026-06-05 10:30:00,0.293,valid
DE_1026,2026-06-05 10:45:00,0.263,valid
DE_1026,2026-06-05 11:00:00,0.165,valid
DE_1026,2026-06-05 11:15:00,0.258,valid
DE_1026,2026-06-05 11:30:00,0.109,valid
DE_1026,2026-06-05 11:45:00,0.242,valid
DE_1026,2026-06-05 12:00:00,0.274,valid
DE_1026,2026-06-05 12:15:00,0.195,valid
DE_1026,2026-06-05 12:30:00,0.116,valid
DE_1026,2026-06-05 12:45:00,0.182,valid
DE_1026,2026-06-05 13:00:00,0.127,valid
DE_1026,2026-06-05 13:15:00,0.211,valid
DE_1026,2026-06-05 13:30:00,0.22,valid
DE_1026,2026-06-05 13:45:00,0.263,valid
DE_1026,2026-06-05 14:00:00,0.255,valid
DE_1026,2026-06-05 14:15:00,0.254,valid
DE_1026,2026-06-05 14:30:00,0.301,valid
DE_1026,2026-06-05 14:45:00,0.21,valid
DE_1026,2026-06-05 15:00:00,0.328,valid
DE_1026,2026-06-05 15:15:00,0.331,valid
DE_1026,2026-06-05 15:30:00,0.318,valid
DE_1026,2026-06-05 15:45:00,0.313,valid
DE_1026,2026-06-05 16:00:00,0.343,valid
DE_1026,2026-06-05 16:15:00,0.312,valid
DE_1026,2026-06-05 16:30:00,0.349,valid
DE_1026,2026-06-05 16:45:00,0.264,valid
DE_1026,2026-06-05 17:00:00,0.35,valid
DE_1026,2026-06-05 17:15:00,0.391,valid
DE_1026,2026-06-05 17:30:00,0.335,valid
DE_1026,2026-06-05 17:45:00,0.278,valid
DE_1026,2026-06-05 18:00:00,0.285,valid
DE_1026,2026-06-05 18:15:00,0.361,valid
DE_1026,2026-06-05 18:30:00,0.366,valid
DE_1026,2026-06-05 18:45:00,0.33,valid
DE_1026,2026-06-05 19:00:00,0.376,valid
DE_1026,2026-06-05 19:15:00,0.39,valid
DE_1026,2026-06-05 19:30:00,0.366,valid
DE_1026,2026-06-05 19:45:00,0.427,valid
DE_1026,2026-06-05 20:00:00,0.361,valid
DE_1026,2026-06-05 20:15:00,0.508,valid
DE_1026,2026-06-05 20:30:00,0.441,valid
DE_1026,2026-06-05 20:45:00,0.455,valid
DE_1026,2026-06-05 21:00:00,0.34,valid
DE_1026,2026-06-05 21:15:00,0.387,valid
DE_1026,2026-06-05 21:30:00,0.477,valid
DE_1026,2026-06-05 21:45:00,0.488,valid
DE_1026,2026-06-05 22:00:00,0.433,valid
DE_1026,2026-06-05 22:15:00,0.471,valid
DE_1026,2026-06-05 22:30:00,0.511,valid
DE_1026,2026-06-05 22:45:00,0.504,valid
DE_1026,2026-06-05 23:00:00,0.379,valid
DE_1026,2026-06-05 23:15:00,0.499,valid
DE_1026,2026-06-05 23:30:00,0.515,valid
DE_1026,2026-06-05 23:45:00,0.429,valid
DE_1026,2026-06-06 00:00:00,0.473,valid
DE_1026,2026-06-06 00:15:00,0.482,valid
DE_1026,2026-06-06 00:30:00,0.439,valid
DE_1026,2026-06-06 00:45:00,0.465,valid
DE_1026,2026-06-06 01:00:00,0.544,valid
DE_1026,2026-06-06 01:15:00,0.366,valid
DE_1026,2026-06-06 01:30:00,0.425,valid
DE_1026,2026-06-06 01:45:00,0.457,valid
DE_1026,2026-06-06 02:00:00,0.489,valid
DE_1026,2026-06-06 02:15:00,0.344,valid
DE_1026,2026-06-06 02:30:00,0.357,valid
DE_1026,2026-06-06 02:45:00,0.374,valid
DE_1026,2026-06-06 03:00:00,0.422,valid
DE_1026,2026-06-06 03:15:00,0.472,valid
DE_1026,2026-06-06 03:30:00,0.413,valid
DE_1026,2026-06-06 03:45:00,0.462,valid
DE_1026,2026-06-06 04:00:00,0.377,valid
DE_1026,2026-06-06 04:15:00,0.444,valid
DE_1026,2026-06-06 04:30:00,0.431,valid
DE_1026,2026-06-06 04:45:00,0.418,valid
DE_1026,2026-06-06 05:00:00,0.329,valid
DE_1026,2026-06-06 05:30:00,0.406,valid
DE_1026,2026-06-06 05:45:00,0.347,valid
DE_1026,2026-06-06 06:00:00,0.388,valid
DE_1026,2026-06-06 06:15:00,0.436,valid
DE_1026,2026-06-06 06:30:00,0.391,valid
DE_1026,2026-06-06 06:45:00,0.412,valid
DE_1026,2026-06-06 07:00:00,0.39,valid
DE_1026,2026-06-06 07:15:00,0.399,valid
DE_1026,2026-06-06 07:30:00,0.344,valid
DE_1026,2026-06-06 07:45:00,0.377,valid
DE_1026,2026-06-06 08:00:00,0.321,valid
DE_1026,2026-06-06 08:15:00,0.347,valid
DE_1026,2026-06-06 08:30:00,0.295,valid
DE_1026,2026-06-06 08:45:00,0.292,valid
DE_1026,2026-06-06 09:00:00,0.281,valid
DE_1026,2026-06-06 09:15:00,0.329,valid
DE_1026,2026-06-06 09:30:00,0.223,valid
DE_1026,2026-06-06 09:45:00,0.247,valid
DE_1026,2026-06-06 10:00:00,0.219,valid
DE_1026,2026-06-06 10:15:00,0.166,valid
DE_1026,2026-06-06 10:30:00,0.176,valid
DE_1026,2026-06-06 10:45:00,0.306,valid
DE_1026,2026-06-06 11:00:00,0.231,valid
DE_1026,2026-06-06 11:15:00,0.214,valid
DE_1026,2026-06-06 11:30:00,0.264,valid
DE_1026,2026-06-06 11:45:00,0.081,valid
DE_1026,2026-06-06 12:00:00,0.154,valid
DE_1026,2026-06-06 12:15:00,0.136,valid
DE_1026,2026-06-06 12:30:00,0.252,valid
DE_1026,2026-06-06 12:45:00,0.161,valid
DE_1026,2026-06-06 13:00:00,0.209,valid
DE_1026,2026-06-06 13:15:00,0.307,valid
DE_1026,2026-06-06 13:30:00,0.253,valid
DE_1026,2026-06-06 13:45:00,0.218,valid
DE_1026,2026-06-06 14:00:00,0.257,valid
DE_1026,2026-06-06 14:15:00,0.23,valid
DE_1026,2026-06-06 14:30:00,0.22,valid
DE_1026,2026-06-06 14:45:00,0.201,valid
DE_1026,2026-06-06 15:00:00,0.289,valid
DE_1026,2026-06-06 15:15:00,0.263,valid
DE_1026,2026-06-06 15:30:00,0.262,valid
DE_1026,2026-06-06 15:45:00,0.433,valid
DE_1026,2026-06-06 16:00:00,0.269,valid
DE_1026,2026-06-06 16:15:00,0.391,valid
DE_1026,2026-06-06 16:30:00,0.334,valid
DE_1026,2026-06-06 16:45:00,0.313,valid
DE_1026,2026-06-06 17:00:00,0.351,valid
DE_1026,2026-06-06 17:15:00,0.234,valid
DE_1026,2026-06-06 17:30:00,0.353,valid
DE_1026,2026-06-06 17:45:00,0.315,valid
DE_1026,2026-06-06 18:00:00,0.377,valid
DE_1026,2026-06-06 18:15:00,0.287,valid
DE_1026,2026-06-06 18:30:00,0.341,valid
DE_1026,2026-06-06 18:45:00,0.399,valid
DE_1026,2026-06-06 19:00:00,0.41,valid
DE_1026,2026-06-06 19:15:00,0.451,valid
DE_1026,2026-06-06 19:30:00,0.364,valid
DE_1026,2026-06-06 19:45:00,0.292,valid
DE_1026,2026-06-06 20:00:00,0.402,valid
DE_1026,2026-06-06 20:15:00,0.367,valid
DE_1026,2026-06-06 20:30:00,0.507,valid
DE_1026,2026-06-06 20:45:00,0.519,valid
DE_1026,2026-06-06 21:00:00,0.399,valid
DE_1026,2026-06-06 21:15:00,0.399,valid
DE_1026,2026-06-06 21:30:00,0.443,valid
DE_1026,2026-06-06 21:45:00,0.445,valid
DE_1026,2026-06-06 22:00:00,0.324,valid
DE_1026,2026-06-06 22:15:00,0.54,valid
DE_1026,2026-06-06 22:30:00,0.472,valid
DE_1026,2026-06-06 22:45:00,0.55,valid
DE_1026,2026-06-06 23:00:00,0.479,valid
DE_1026,2026-06-06 23:15:00,0.51,valid
DE_1026,2026-06-06 23:30:00,0.474,valid
DE_1026,2026-06-06 23:45:00,0.531,valid
DE_1026,2026-06-07 00:00:00,0.57,valid
DE_1026,2026-06-07 00:15:00,0.532,valid
DE_1026,2026-06-07 00:30:00,0.475,valid
DE_1026,2026-06-07 00:45:00,0.454,valid
DE_1026,2026-06-07 01:00:00,0.363,valid
DE_1026,2026-06-07 01:15:00,0.507,valid
DE_1026,2026-06-07 01:30:00,0.573,valid
DE_1026,2026-06-07 01:45:00,0.482,valid
DE_1026,2026-06-07 02:00:00,0.486,valid
DE_1026,2026-06-07 02:15:00,0.494,valid
DE_1026,2026-06-07 02:30:00,0.386,valid
DE_1026,2026-06-07 02:45:00,0.397,valid
DE_1026,2026-06-07 03:00:00,0.382,valid
DE_1026,2026-06-07 03:15:00,0.523,valid
DE_1026,2026-06-07 03:30:00,0.463,valid
DE_1026,2026-06-07 03:45:00,0.439,valid
DE_1026,2026-06-07 04:00:00,0.388,valid
DE_1026,2026-06-07 04:15:00,0.412,valid
DE_1026,2026-06-07 04:30:00,0.429,valid
DE_1026,2026-06-07 04:45:00,0.389,valid
DE_1026,2026-06-07 05:00:00,0.383,valid
DE_1026,2026-06-07 05:15:00,0.441,valid
DE_1026,2026-06-07 05:30:00,0.386,valid
DE_1026,2026-06-07 05:45:00,0.284,valid
DE_1026,2026-06-07 06:00:00,0.356,valid
DE_1026,2026-06-07 06:15:00,0.361,valid
DE_1026,2026-06-07 06:30:00,0.335,valid
DE_1026,2026-06-07 06:45:00,0.461,valid
DE_1026,2026-06-07 07:00:00,0.329,valid
DE_1026,2026-06-07 07:15:00,0.31,valid
DE_1026,2026-06-07 07:30:00,0.271,valid
DE_1026,2026-06-07 07:45:00,0.311,valid
DE_1026,2026-06-07 08:00:00,0.385,valid
DE_1026,2026-06-07 08:15:00,0.27,valid
DE_1026,2026-06-07 08:30:00,0.333,valid
DE_1026,2026-06-07 08:45:00,0.217,valid
DE_1026,2026-06-07 09:00:00,0.283,valid
DE_1026,2026-06-07 09:15:00,0.27,valid
DE_1026,2026-06-07 09:30:00,0.246,valid
DE_1026,2026-06-07 09:45:00,0.283,valid
DE_1026,2026-06-07 10:00:00,0.296,valid
DE_1026,2026-06-07 10:15:00,0.326,valid
DE_1026,2026-06-07 10:30:00,0.223,valid
DE_1026,2026-06-07 10:45:00,0.349,valid
DE_1026,2026-06-07 11:00:00,0.311,valid
DE_1026,2026-06-07 11:15:00,0.258,valid
DE_1026,2026-06-07 11:30:00,0.206,valid
DE_1026,2026-06-07 11:45:00,0.115,valid
DE_1026,2026-06-07 12:00:00,0.194,valid
DE_1026,2026-06-07 12:15:00,0.303,valid
DE_1026,2026-06-07 12:30:00,0.116,valid
DE_1026,2026-06-07 12:45:00,0.22,valid
DE_1026,2026-06-07 13:00:00,0.315,valid
DE_1026,2026-06-07 13:15:00,0.292,valid
DE_1026,2026-06-07 13:30:00,0.177,valid
DE_1026,2026-06-07 13:45:00,0.165,valid
DE_1026,2026-06-07 14:00:00,0.233,valid
DE_1026,2026-06-07 14:15:00,0.285,valid
DE_1026,2026-06-07 14:30:00,0.319,valid
DE_1026,2026-06-07 14:45:00,0.304,valid
DE_1026,2026-06-07 15:00:00,0.195,valid
DE_1026,2026-06-07 15:15:00,0.216,valid
DE_1026,2026-06-07 15:30:00,0.289,valid
DE_1026,2026-06-07 15:45:00,0.268,valid
DE_1026,2026-06-07 16:00:00,0.26,valid
DE_1026,2026-06-07 16:15:00,0.348,valid
DE_1026,2026-06-07 16:30:00,0.19,valid
DE_1026,2026-06-07 16:45:00,0.274,valid
DE_1026,2026-06-07 17:00:00,0.368,valid
DE_1026,2026-06-07 17:15:00,0.387,valid
DE_1026,2026-06-07 17:30:00,0.294,valid
DE_1026,2026-06-07 17:45:00,0.292,valid
DE_1026,2026-06-07 18:00:00,0.363,valid
DE_1026,2026-06-07 18:15:00,0.337,valid
DE_1026,2026-06-07 18:30:00,0.388,valid
DE_1026,2026-06-07 18:45:00,0.406,valid
DE_1026,2026-06-07 19:00:00,0.397,valid
DE_1026,2026-06-07 19:15:00,0.312,valid
DE_1026,2026-06-07 19:30:00,0.356,valid
DE_1026,2026-06-07 19:45:00,0.329,valid
DE_1026,2026-06-07 20:00:00,0.402,valid
DE_1026,2026-06-07 20:15:00,0.359,valid
DE_1026,2026-06-07 20:30:00,0.398,valid
DE_1026,2026-06-07 20:45:00,0.459,valid
DE_1026,2026-06-07 21:00:00,0.417,valid
DE_1026,2026-06-07 21:15:00,0.304,valid
DE_1026,2026-06-07 21:30:00,0.355,valid
DE_1026,2026-06-07 21:45:00,0.431,valid
DE_1026,2026-06-07 22:00:00,0.368,valid
DE_1026,2026-06-07 22:15:00,0.476,valid
DE_1026,2026-06-07 22:30:00,0.478,valid
DE_1026,2026-06-07 22:45:00,0.465,valid
DE_1026,2026-06-07 23:00:00,0.49,valid
DE_1026,2026-06-07 23:15:00,0.49,valid
DE_1026,2026-06-07 23:30:00,0.534,valid
DE_1026,2026-06-07 23:45:00,0.493,valid
DE_1027,2026-06-01 00:00:00,0.514,valid
DE_1027,2026-06-01 00:15:00,0.497,valid
DE_1027,2026-06-01 00:30:00,0.453,valid
DE_1027,2026-06-01 00:45:00,0.366,valid
DE_1027,2026-06-01 01:00:00,0.389,valid
DE_1027,2026-06-01 01:15:00,0.445,valid
DE_1027,2026-06-01 01:30:00,0.474,valid
DE_1027,2026-06-01 01:45:00,0.459,valid
DE_1027,2026-06-01 02:00:00,0.568,valid
DE_1027,2026-06-01 02:15:00,0.381,valid
DE_1027,2026-06-01 02:30:00,0.538,valid
DE_1027,2026-06-01 02:45:00,0.494,valid
DE_1027,2026-06-01 03:00:00,0.463,valid
DE_1027,2026-06-01 03:15:00,0.381,valid
DE_1027,2026-06-01 03:30:00,0.394,valid
DE_1027,2026-06-01 03:45:00,0.341,valid
DE_1027,2026-06-01 04:15:00,0.372,valid
DE_1027,2026-06-01 04:30:00,0.36,valid
DE_1027,2026-06-01 04:45:00,0.453,valid
DE_1027,2026-06-01 05:00:00,0.347,valid
DE_1027,2026-06-01 05:15:00,0.349,valid
DE_1027,2026-06-01 05:30:00,0.334,valid
DE_1027,2026-06-01 05:45:00,0.428,valid
DE_1027,2026-06-01 06:00:00,0.34,valid
DE_1027,2026-06-01 06:15:00,0.244,valid
DE_1027,2026-06-01 06:30:00,0.368,valid
DE_1027,2026-06-01 06:45:00,0.365,valid
DE_1027,2026-06-01 07:00:00,0.374,valid
DE_1027,2026-06-01 07:15:00,0.422,valid
DE_1027,2026-06-01 07:30:00,0.403,valid
DE_1027,2026-06-01 07:45:00,0.297,valid
DE_1027,2026-06-01 08:00:00,0.3,valid
DE_1027,2026-06-01 08:15:00,0.364,valid
DE_1027,2026-06-01 08:30:00,0.304,valid
DE_1027,2026-06-01 08:45:00,0.309,valid
DE_1027,2026-06-01 09:00:00,0.293,valid
DE_1027,2026-06-01 09:15:00,0.253,valid
DE_1027,2026-06-01 09:30:00,0.299,valid
DE_1027,2026-06-01 09:45:00,0.295,valid
DE_1027,2026-06-01 10:00:00,0.217,valid
DE_1027,2026-06-01 10:15:00,0.181,valid
DE_1027,2026-06-01 10:30:00,0.243,valid
DE_1027,2026-06-01 10:45:00,0.353,valid
DE_1027,2026-06-01 11:00:00,0.132,valid
DE_1027,2026-06-01 11:15:00,0.31,valid
DE_1027,2026-06-01 11:30:00,0.294,valid
DE_1027,2026-06-01 11:45:00,0.18,valid
DE_1027,2026-06-01 12:00:00,0.262,valid
DE_1027,2026-06-01 12:15:00,0.201,valid
DE_1027,2026-06-01 12:30:00,0.246,valid
DE_1027,2026-06-01 12:45:00,0.329,valid
DE_1027,2026-06-01 13:00:00,0.21,valid
DE_1027,2026-06-01 13:15:00,0.277,valid
DE_1027,2026-06-01 13:30:00,0.233,valid
DE_1027,2026-06-01 14:00:00,0.19,valid
DE_1027,2026-06-01 14:15:00,0.249,valid
DE_1027,2026-06-01 14:30:00,0.184,valid
DE_1027,2026-06-01 14:45:00,0.246,valid
DE_1027,2026-06-01 15:00:00,0.256,valid
DE_1027,2026-06-01 15:15:00,0.31,valid
DE_1027,2026-06-01 15:30:00,0.305,valid
DE_1027,2026-06-01 15:45:00,0.279,valid
DE_1027,2026-06-01 16:00:00,0.344,valid
DE_1027,2026-06-01 16:30:00,0.257,valid
DE_1027,2026-06-01 16:45:00,0.341,valid
DE_1027,2026-06-01 17:00:00,0.285,valid
DE_1027,2026-06-01 17:15:00,0.381,valid
DE_1027,2026-06-01 17:45:00,0.302,valid
DE_1027,2026-06-01 18:00:00,0.326,valid
DE_1027,2026-06-01 18:15:00,0.297,valid
DE_1027,2026-06-01 18:30:00,0.273,valid
DE_1027,2026-06-01 18:45:00,0.274,valid
DE_1027,2026-06-01 19:00:00,0.318,valid
DE_1027,2026-06-01 19:15:00,0.418,valid
DE_1027,2026-06-01 19:30:00,0.406,valid
DE_1027,2026-06-01 19:45:00,0.492,valid
DE_1027,2026-06-01 20:00:00,0.364,valid
DE_1027,2026-06-01 20:15:00,0.375,valid
DE_1027,2026-06-01 20:30:00,0.403,valid
DE_1027,2026-06-01 20:45:00,0.432,valid
DE_1027,2026-06-01 21:00:00,0.475,valid
DE_1027,2026-06-01 21:15:00,0.398,valid
DE_1027,2026-06-01 21:30:00,0.433,valid
DE_1027,2026-06-01 21:45:00,0.397,valid
DE_1027,2026-06-01 22:00:00,0.432,valid
DE_1027,2026-06-01 22:15:00,0.472,valid
DE_1027,2026-06-01 22:30:00,0.359,valid
DE_1027,2026-06-01 22:45:00,0.501,valid
DE_1027,2026-06-01 23:00:00,0.463,valid
DE_1027,2026-06-01 23:15:00,0.492,valid
DE_1027,2026-06-01 23:30:00,0.485,valid
DE_1027,2026-06-01 23:45:00,0.45,valid
DE_1027,2026-06-02 00:00:00,0.463,valid
DE_1027,2026-06-02 00:30:00,0.526,valid
DE_1027,2026-06-02 00:45:00,0.487,valid
DE_1027,2026-06-02 01:00:00,0.471,valid
DE_1027,2026-06-02 01:15:00,0.494,valid
DE_1027,2026-06-02 01:30:00,0.586,valid
DE_1027,2026-06-02 01:45:00,0.418,valid
DE_1027,2026-06-02 02:00:00,0.454,valid
DE_1027,2026-06-02 02:15:00,0.415,valid
DE_1027,2026-06-02 02:30:00,0.475,valid
DE_1027,2026-06-02 02:45:00,0.486,valid
DE_1027,2026-06-02 03:00:00,0.429,valid
DE_1027,2026-06-02 03:15:00,0.347,valid
DE_1027,2026-06-02 03:30:00,0.381,valid
DE_1027,2026-06-02 03:45:00,0.456,valid
DE_1027,2026-06-02 04:00:00,0.322,valid
DE_1027,2026-06-02 04:15:00,0.418,valid
DE_1027,2026-06-02 04:30:00,0.429,valid
DE_1027,2026-06-02 04:45:00,0.442,valid
DE_1027,2026-06-02 05:00:00,0.412,valid
DE_1027,2026-06-02 05:15:00,0.304,valid
DE_1027,2026-06-02 05:30:00,0.311,valid
DE_1027,2026-06-02 05:45:00,0.269,valid
DE_1027,2026-06-02 06:00:00,0.397,valid
DE_1027,2026-06-02 06:15:00,0.363,valid
DE_1027,2026-06-02 06:30:00,0.33,valid
DE_1027,2026-06-02 06:45:00,0.383,valid
DE_1027,2026-06-02 07:00:00,0.253,valid
DE_1027,2026-06-02 07:15:00,0.318,valid
DE_1027,2026-06-02 07:30:00,0.304,valid
DE_1027,2026-06-02 07:45:00,0.318,valid
DE_1027,2026-06-02 08:00:00,0.307,valid
DE_1027,2026-06-02 08:15:00,0.323,valid
DE_1027,2026-06-02 08:30:00,0.252,valid
DE_1027,2026-06-02 08:45:00,0.23,valid
DE_1027,2026-06-02 09:00:00,0.314,valid
DE_1027,2026-06-02 09:15:00,0.285,valid
DE_1027,2026-06-02 09:30:00,0.18,valid
DE_1027,2026-06-02 09:45:00,0.254,valid
DE_1027,2026-06-02 10:00:00,0.242,valid
DE_1027,2026-06-02 10:15:00,0.222,valid
DE_1027,2026-06-02 10:30:00,0.259,valid
DE_1027,2026-06-02 10:45:00,0.231,valid
DE_1027,2026-06-02 11:00:00,0.238,valid
DE_1027,2026-06-02 11:15:00,0.207,valid
DE_1027,2026-06-02 11:30:00,0.266,valid
DE_1027,2026-06-02 11:45:00,0.148,valid
DE_1027,2026-06-02 12:00:00,0.171,valid
DE_1027,2026-06-02 12:15:00,0.23,valid
DE_1027,2026-06-02 12:30:00,0.146,valid
DE_1027,2026-06-02 12:45:00,0.112,valid
DE_1027,2026-06-02 13:00:00,0.21,valid
DE_1027,2026-06-02 13:15:00,0.165,valid
DE_1027,2026-06-02 13:30:00,0.268,valid
DE_1027,2026-06-02 13:45:00,0.179,valid
DE_1027,2026-06-02 14:00:00,0.1,valid
DE_1027,2026-06-02 14:15:00,0.216,valid
DE_1027,2026-06-02 14:30:00,0.248,valid
DE_1027,2026-06-02 14:45:00,0.256,valid
DE_1027,2026-06-02 15:00:00,0.277,valid
DE_1027,2026-06-02 15:15:00,0.251,valid
DE_1027,2026-06-02 15:30:00,0.245,valid
DE_1027,2026-06-02 15:45:00,0.331,valid
DE_1027,2026-06-02 16:00:00,0.34,valid
DE_1027,2026-06-02 16:15:00,0.315,valid
DE_1027,2026-06-02 16:30:00,0.291,valid
DE_1027,2026-06-02 16:45:00,0.325,valid
DE_1027,2026-06-02 17:00:00,0.326,valid
DE_1027,2026-06-02 17:15:00,0.323,valid
DE_1027,2026-06-02 17:30:00,0.334,valid
DE_1027,2026-06-02 17:45:00,0.295,valid
DE_1027,2026-06-02 18:00:00,0.45,valid
DE_1027,2026-06-02 18:15:00,0.301,valid
DE_1027,2026-06-02 18:30:00,0.279,valid
DE_1027,2026-06-02 18:45:00,0.351,valid
DE_1027,2026-06-02 19:00:00,0.281,valid
DE_1027,2026-06-02 19:15:00,0.387,valid
DE_1027,2026-06-02 19:30:00,0.289,valid
DE_1027,2026-06-02 19:45:00,0.364,valid
DE_1027,2026-06-02 20:00:00,0.469,valid
DE_1027,2026-06-02 20:15:00,0.382,valid
DE_1027,2026-06-02 20:30:00,0.38,valid
DE_1027,2026-06-02 20:45:00,0.499,valid
DE_1027,2026-06-02 21:00:00,0.424,valid
DE_1027,2026-06-02 21:15:00,0.339,valid
DE_1027,2026-06-02 21:30:00,0.464,valid
DE_1027,2026-06-02 21:45:00,0.461,valid
DE_1027,2026-06-02 22:00:00,0.479,valid
DE_1027,2026-06-02 22:15:00,0.48,valid
DE_1027,2026-06-02 22:30:00,0.479,valid
DE_1027,2026-06-02 22:45:00,0.512,valid
DE_1027,2026-06-02 23:00:00,0.463,valid
DE_1027,2026-06-02 23:15:00,0.423,valid
DE_1027,2026-06-02 23:30:00,0.487,valid
DE_1027,2026-06-02 23:45:00,0.491,valid
DE_1027,2026-06-03 00:00:00,0.517,valid
DE_1027,2026-06-03 00:15:00,0.539,valid
DE_1027,2026-06-03 00:30:00,0.538,valid
DE_1027,2026-06-03 00:45:00,0.516,valid
DE_1027,2026-06-03 01:00:00,0.428,valid
DE_1027,2026-06-03 01:15:00,0.435,valid
DE_1027,2026-06-03 01:30:00,0.482,valid
DE_1027,2026-06-03 01:45:00,0.452,valid
DE_1027,2026-06-03 02:00:00,0.437,valid
DE_1027,2026-06-03 02:15:00,0.333,valid
DE_1027,2026-06-03 02:30:00,0.506,valid
DE_1027,2026-06-03 02:45:00,0.418,valid
DE_1027,2026-06-03 03:00:00,0.49,valid
DE_1027,2026-06-03 03:15:00,0.349,valid
DE_1027,2026-06-03 03:30:00,0.509,valid
DE_1027,2026-06-03 03:45:00,0.478,valid
DE_1027,2026-06-03 04:00:00,0.312,valid
DE_1027,2026-06-03 04:15:00,0.431,valid
DE_1027,2026-06-03 04:30:00,0.343,valid
DE_1027,2026-06-03 04:45:00,0.438,valid
DE_1027,2026-06-03 05:00:00,0.415,valid
DE_1027,2026-06-03 05:15:00,0.369,valid
DE_1027,2026-06-03 05:30:00,0.367,valid
DE_1027,2026-06-03 05:45:00,0.354,valid
DE_1027,2026-06-03 06:00:00,0.391,valid
DE_1027,2026-06-03 06:15:00,0.416,valid
DE_1027,2026-06-03 06:30:00,0.398,valid
DE_1027,2026-06-03 06:45:00,0.391,valid
DE_1027,2026-06-03 07:00:00,0.421,valid
DE_1027,2026-06-03 07:15:00,0.361,valid
DE_1027,2026-06-03 07:30:00,0.316,valid
DE_1027,2026-06-03 07:45:00,0.33,valid
DE_1027,2026-06-03 08:00:00,0.289,valid
DE_1027,2026-06-03 08:15:00,0.272,valid
DE_1027,2026-06-03 08:30:00,0.305,valid
DE_1027,2026-06-03 08:45:00,0.3,valid
DE_1027,2026-06-03 09:00:00,0.351,valid
DE_1027,2026-06-03 09:15:00,0.243,valid
DE_1027,2026-06-03 09:30:00,0.243,valid
DE_1027,2026-06-03 09:45:00,0.267,valid
DE_1027,2026-06-03 10:15:00,0.312,valid
DE_1027,2026-06-03 10:30:00,0.321,valid
DE_1027,2026-06-03 10:45:00,0.252,valid
DE_1027,2026-06-03 11:00:00,0.21,valid
DE_1027,2026-06-03 11:15:00,0.253,valid
DE_1027,2026-06-03 11:30:00,0.227,valid
DE_1027,2026-06-03 11:45:00,0.286,valid
DE_1027,2026-06-03 12:00:00,0.207,valid
DE_1027,2026-06-03 12:15:00,0.278,valid
DE_1027,2026-06-03 12:30:00,0.258,valid
DE_1027,2026-06-03 12:45:00,0.175,valid
DE_1027,2026-06-03 13:00:00,0.252,valid
DE_1027,2026-06-03 13:15:00,0.269,valid
DE_1027,2026-06-03 13:30:00,0.236,valid
DE_1027,2026-06-03 13:45:00,0.197,valid
DE_1027,2026-06-03 14:00:00,0.265,valid
DE_1027,2026-06-03 14:15:00,0.166,valid
DE_1027,2026-06-03 14:30:00,0.301,valid
DE_1027,2026-06-03 14:45:00,0.271,valid
DE_1027,2026-06-03 15:00:00,0.223,valid
DE_1027,2026-06-03 15:15:00,0.264,valid
DE_1027,2026-06-03 15:30:00,0.312,valid
DE_1027,2026-06-03 15:45:00,0.2,valid
DE_1027,2026-06-03 16:00:00,0.39,valid
DE_1027,2026-06-03 16:15:00,0.26,valid
DE_1027,2026-06-03 16:30:00,0.328,valid
DE_1027,2026-06-03 16:45:00,0.357,valid
DE_1027,2026-06-03 17:00:00,0.404,valid
DE_1027,2026-06-03 17:15:00,0.259,valid
DE_1027,2026-06-03 17:30:00,0.219,valid
DE_1027,2026-06-03 17:45:00,0.324,valid
DE_1027,2026-06-03 18:00:00,0.302,valid
DE_1027,2026-06-03 18:15:00,0.258,valid
DE_1027,2026-06-03 18:30:00,0.376,valid
DE_1027,2026-06-03 19:00:00,0.306,valid
DE_1027,2026-06-03 19:15:00,0.421,valid
DE_1027,2026-06-03 19:30:00,0.304,valid
DE_1027,2026-06-03 19:45:00,0.372,valid
DE_1027,2026-06-03 20:00:00,0.496,valid
DE_1027,2026-06-03 20:15:00,0.314,valid
DE_1027,2026-06-03 20:30:00,0.471,valid
DE_1027,2026-06-03 20:45:00,0.357,valid
DE_1027,2026-06-03 21:00:00,0.429,valid
DE_1027,2026-06-03 21:15:00,0.394,valid
DE_1027,2026-06-03 21:30:00,0.389,valid
DE_1027,2026-06-03 21:45:00,0.436,valid
DE_1027,2026-06-03 22:00:00,0.327,valid
DE_1027,2026-06-03 22:15:00,0.408,valid
DE_1027,2026-06-03 22:30:00,0.554,valid
DE_1027,2026-06-03 22:45:00,0.535,valid
DE_1027,2026-06-03 23:00:00,0.502,valid
DE_1027,2026-06-03 23:15:00,0.544,valid
DE_1027,2026-06-03 23:30:00,0.484,valid
DE_1027,2026-06-03 23:45:00,0.443,valid
DE_1027,2026-06-04 00:00:00,0.51,valid
DE_1027,2026-06-04 00:15:00,0.568,valid
DE_1027,2026-06-04 00:30:00,0.551,valid
DE_1027,2026-06-04 00:45:00,0.536,valid
DE_1027,2026-06-04 01:00:00,0.342,valid
DE_1027,2026-06-04 01:15:00,0.468,valid
DE_1027,2026-06-04 01:30:00,0.456,valid
DE_1027,2026-06-04 01:45:00,-0.286,valid
DE_1027,2026-06-04 02:00:00,0.444,valid
DE_1027,2026-06-04 02:15:00,0.37,valid
DE_1027,2026-06-04 02:30:00,0.502,valid
DE_1027,2026-06-04 02:45:00,0.472,valid
DE_1027,2026-06-04 03:00:00,0.403,valid
DE_1027,2026-06-04 03:15:00,0.343,valid
DE_1027,2026-06-04 03:30:00,0.434,valid
DE_1027,2026-06-04 03:45:00,0.421,valid
DE_1027,2026-06-04 04:00:00,0.455,valid
DE_1027,2026-06-04 04:15:00,0.383,valid
DE_1027,2026-06-04 04:30:00,0.345,valid
DE_1027,2026-06-04 04:45:00,0.448,valid
DE_1027,2026-06-04 05:15:00,0.408,valid
DE_1027,2026-06-04 05:30:00,0.33,valid
DE_1027,2026-06-04 05:45:00,0.423,valid
DE_1027,2026-06-04 06:00:00,0.457,valid
DE_1027,2026-06-04 06:15:00,0.354,valid
DE_1027,2026-06-04 06:30:00,0.328,valid
DE_1027,2026-06-04 06:45:00,0.345,valid
DE_1027,2026-06-04 07:00:00,0.303,valid
DE_1027,2026-06-04 07:15:00,0.293,valid
DE_1027,2026-06-04 07:30:00,0.334,valid
DE_1027,2026-06-04 07:45:00,0.256,valid
DE_1027,2026-06-04 08:00:00,0.247,valid
DE_1027,2026-06-04 08:15:00,0.311,valid
DE_1027,2026-06-04 08:30:00,0.253,valid
DE_1027,2026-06-04 08:45:00,0.33,valid
DE_1027,2026-06-04 09:00:00,0.251,valid
DE_1027,2026-06-04 09:15:00,0.275,valid
DE_1027,2026-06-04 09:30:00,0.326,valid
DE_1027,2026-06-04 09:45:00,0.265,valid
DE_1027,2026-06-04 10:00:00,0.293,valid
DE_1027,2026-06-04 10:15:00,0.193,valid
DE_1027,2026-06-04 10:30:00,0.209,valid
DE_1027,2026-06-04 10:45:00,0.239,valid
DE_1027,2026-06-04 11:00:00,0.208,valid
DE_1027,2026-06-04 11:15:00,0.198,valid
DE_1027,2026-06-04 11:30:00,0.156,valid
DE_1027,2026-06-04 11:45:00,0.089,valid
DE_1027,2026-06-04 12:00:00,0.212,valid
DE_1027,2026-06-04 12:15:00,0.174,valid
DE_1027,2026-06-04 12:30:00,0.163,valid
DE_1027,2026-06-04 12:45:00,0.23,valid
DE_1027,2026-06-04 13:00:00,0.273,valid
DE_1027,2026-06-04 13:15:00,0.21,valid
DE_1027,2026-06-04 13:30:00,0.202,valid
DE_1027,2026-06-04 13:45:00,0.245,valid
DE_1027,2026-06-04 14:00:00,0.295,valid
DE_1027,2026-06-04 14:15:00,0.202,valid
DE_1027,2026-06-04 14:30:00,0.287,valid
DE_1027,2026-06-04 14:45:00,0.275,valid
DE_1027,2026-06-04 15:00:00,0.295,valid
DE_1027,2026-06-04 15:15:00,0.341,valid
DE_1027,2026-06-04 15:30:00,0.187,valid
DE_1027,2026-06-04 15:45:00,0.217,valid
DE_1027,2026-06-04 16:00:00,0.323,valid
DE_1027,2026-06-04 16:15:00,0.338,valid
DE_1027,2026-06-04 16:30:00,0.24,valid
DE_1027,2026-06-04 16:45:00,0.255,valid
DE_1027,2026-06-04 17:15:00,0.32,valid
DE_1027,2026-06-04 17:30:00,0.285,valid
DE_1027,2026-06-04 17:45:00,0.339,valid
DE_1027,2026-06-04 18:00:00,0.415,valid
DE_1027,2026-06-04 18:15:00,0.425,valid
DE_1027,2026-06-04 18:30:00,0.389,valid
DE_1027,2026-06-04 18:45:00,0.356,valid
DE_1027,2026-06-04 19:00:00,0.291,valid
DE_1027,2026-06-04 19:15:00,0.388,valid
DE_1027,2026-06-04 19:30:00,0.318,valid
DE_1027,2026-06-04 19:45:00,0.41,valid
DE_1027,2026-06-04 20:00:00,0.418,valid
DE_1027,2026-06-04 20:15:00,0.4,valid
DE_1027,2026-06-04 20:30:00,0.336,valid
DE_1027,2026-06-04 20:45:00,0.426,valid
DE_1027,2026-06-04 21:00:00,0.361,valid
DE_1027,2026-06-04 21:15:00,0.431,valid
DE_1027,2026-06-04 21:30:00,0.361,valid
DE_1027,2026-06-04 21:45:00,0.403,valid
DE_1027,2026-06-04 22:00:00,0.424,valid
DE_1027,2026-06-04 22:15:00,0.521,valid
DE_1027,2026-06-04 22:30:00,0.449,valid
DE_1027,2026-06-04 22:45:00,0.497,valid
DE_1027,2026-06-04 23:00:00,0.427,valid
DE_1027,2026-06-04 23:15:00,0.431,valid
DE_1027,2026-06-04 23:30:00,0.459,valid
DE_1027,2026-06-04 23:45:00,0.486,valid
DE_1027,2026-06-05 00:00:00,-0.41,valid
DE_1027,2026-06-05 00:15:00,0.495,valid
DE_1027,2026-06-05 00:30:00,0.531,valid
DE_1027,2026-06-05 00:30:00,0.531,valid
DE_1027,2026-06-05 00:45:00,0.408,valid
DE_1027,2026-06-05 01:00:00,0.517,valid
DE_1027,2026-06-05 01:15:00,0.511,valid
DE_1027,2026-06-05 01:30:00,0.462,valid
DE_1027,2026-06-05 01:45:00,0.529,valid
DE_1027,2026-06-05 02:00:00,0.493,valid
DE_1027,2026-06-05 02:15:00,0.434,valid
DE_1027,2026-06-05 02:30:00,0.397,valid
DE_1027,2026-06-05 02:45:00,0.489,valid
DE_1027,2026-06-05 03:00:00,0.434,valid
DE_1027,2026-06-05 03:15:00,0.403,valid
DE_1027,2026-06-05 03:30:00,0.362,valid
DE_1027,2026-06-05 03:45:00,0.484,valid
DE_1027,2026-06-05 04:00:00,0.362,valid
DE_1027,2026-06-05 04:15:00,0.392,valid
DE_1027,2026-06-05 04:30:00,0.364,valid
DE_1027,2026-06-05 04:45:00,0.481,valid
DE_1027,2026-06-05 05:00:00,0.411,valid
DE_1027,2026-06-05 05:15:00,0.437,valid
DE_1027,2026-06-05 05:30:00,0.41,valid
DE_1027,2026-06-05 05:45:00,0.279,valid
DE_1027,2026-06-05 06:00:00,0.336,valid
DE_1027,2026-06-05 06:15:00,0.377,valid
DE_1027,2026-06-05 06:30:00,0.425,valid
DE_1027,2026-06-05 06:45:00,0.224,valid
DE_1027,2026-06-05 07:00:00,0.339,valid
DE_1027,2026-06-05 07:15:00,0.349,valid
DE_1027,2026-06-05 07:30:00,0.276,valid
DE_1027,2026-06-05 07:45:00,0.338,valid
DE_1027,2026-06-05 08:00:00,0.283,valid
DE_1027,2026-06-05 08:15:00,0.366,valid
DE_1027,2026-06-05 08:30:00,0.389,valid
DE_1027,2026-06-05 08:45:00,0.336,valid
DE_1027,2026-06-05 09:00:00,0.302,valid
DE_1027,2026-06-05 09:15:00,0.331,valid
DE_1027,2026-06-05 09:30:00,0.274,valid
DE_1027,2026-06-05 09:45:00,0.336,valid
DE_1027,2026-06-05 10:00:00,0.25,valid
DE_1027,2026-06-05 10:15:00,0.248,valid
DE_1027,2026-06-05 10:30:00,0.297,valid
DE_1027,2026-06-05 10:45:00,0.205,valid
DE_1027,2026-06-05 11:00:00,0.252,valid
DE_1027,2026-06-05 11:15:00,0.294,valid
DE_1027,2026-06-05 11:30:00,0.28,valid
DE_1027,2026-06-05 11:45:00,0.24,valid
DE_1027,2026-06-05 12:00:00,0.169,valid
DE_1027,2026-06-05 12:15:00,0.146,valid
DE_1027,2026-06-05 12:30:00,0.206,valid
DE_1027,2026-06-05 12:45:00,0.267,valid
DE_1027,2026-06-05 13:00:00,0.132,valid
DE_1027,2026-06-05 13:15:00,0.241,valid
DE_1027,2026-06-05 13:30:00,0.224,valid
DE_1027,2026-06-05 13:45:00,0.201,valid
DE_1027,2026-06-05 14:00:00,0.167,valid
DE_1027,2026-06-05 14:15:00,0.368,valid
DE_1027,2026-06-05 14:30:00,0.252,valid
DE_1027,2026-06-05 14:45:00,0.278,valid
DE_1027,2026-06-05 15:00:00,0.36,valid
DE_1027,2026-06-05 15:15:00,0.253,valid
DE_1027,2026-06-05 15:30:00,0.288,valid
DE_1027,2026-06-05 15:45:00,0.267,valid
DE_1027,2026-06-05 16:00:00,0.317,valid
DE_1027,2026-06-05 16:15:00,0.373,valid
DE_1027,2026-06-05 16:30:00,0.284,valid
DE_1027,2026-06-05 16:45:00,0.217,valid
DE_1027,2026-06-05 17:00:00,0.27,valid
DE_1027,2026-06-05 17:15:00,0.363,valid
DE_1027,2026-06-05 17:30:00,0.371,valid
DE_1027,2026-06-05 17:45:00,0.276,valid
DE_1027,2026-06-05 18:00:00,0.344,valid
DE_1027,2026-06-05 18:15:00,0.343,valid
DE_1027,2026-06-05 18:30:00,0.396,valid
DE_1027,2026-06-05 18:45:00,0.341,valid
DE_1027,2026-06-05 19:00:00,0.358,valid
DE_1027,2026-06-05 19:15:00,0.437,valid
DE_1027,2026-06-05 19:30:00,0.379,valid
DE_1027,2026-06-05 20:00:00,0.342,valid
DE_1027,2026-06-05 20:15:00,0.424,valid
DE_1027,2026-06-05 20:30:00,0.486,valid
DE_1027,2026-06-05 20:45:00,0.274,valid
DE_1027,2026-06-05 21:00:00,0.366,valid
DE_1027,2026-06-05 21:15:00,0.452,valid
DE_1027,2026-06-05 21:30:00,0.368,valid
DE_1027,2026-06-05 21:45:00,0.424,valid
DE_1027,2026-06-05 22:00:00,0.448,valid
DE_1027,2026-06-05 22:15:00,0.44,valid
DE_1027,2026-06-05 22:30:00,0.492,valid
DE_1027,2026-06-05 22:45:00,0.488,valid
DE_1027,2026-06-05 23:00:00,0.413,valid
DE_1027,2026-06-05 23:15:00,0.512,valid
DE_1027,2026-06-05 23:30:00,0.499,valid
DE_1027,2026-06-05 23:45:00,0.48,valid
DE_1027,2026-06-06 00:00:00,0.5,valid
DE_1027,2026-06-06 00:15:00,0.447,valid
DE_1027,2026-06-06 00:30:00,0.52,valid
DE_1027,2026-06-06 00:45:00,0.484,valid
DE_1027,2026-06-06 01:00:00,0.488,valid
DE_1027,2026-06-06 01:15:00,0.586,valid
DE_1027,2026-06-06 01:30:00,0.432,valid
DE_1027,2026-06-06 01:45:00,0.6,valid
DE_1027,2026-06-06 02:00:00,0.496,valid
DE_1027,2026-06-06 02:15:00,0.499,valid
DE_1027,2026-06-06 02:30:00,0.505,valid
DE_1027,2026-06-06 02:45:00,0.465,valid
DE_1027,2026-06-06 03:00:00,0.362,valid
DE_1027,2026-06-06 03:15:00,0.318,valid
DE_1027,2026-06-06 03:30:00,0.318,valid
DE_1027,2026-06-06 03:45:00,0.384,valid
DE_1027,2026-06-06 04:00:00,0.42,valid
DE_1027,2026-06-06 04:15:00,0.356,valid
DE_1027,2026-06-06 04:30:00,0.396,valid
DE_1027,2026-06-06 04:30:00,0.396,valid
DE_1027,2026-06-06 04:45:00,0.413,valid
DE_1027,2026-06-06 05:00:00,0.43,valid
DE_1027,2026-06-06 05:15:00,0.442,valid
DE_1027,2026-06-06 05:30:00,0.456,valid
DE_1027,2026-06-06 05:45:00,0.449,valid
DE_1027,2026-06-06 06:00:00,0.309,valid
DE_1027,2026-06-06 06:15:00,0.316,valid
DE_1027,2026-06-06 06:30:00,0.307,valid
DE_1027,2026-06-06 06:45:00,0.356,valid
DE_1027,2026-06-06 07:00:00,0.297,valid
DE_1027,2026-06-06 07:15:00,0.339,valid
DE_1027,2026-06-06 07:30:00,0.354,valid
DE_1027,2026-06-06 07:45:00,0.313,valid
DE_1027,2026-06-06 08:00:00,0.265,valid
DE_1027,2026-06-06 08:15:00,0.272,valid
DE_1027,2026-06-06 08:30:00,0.315,valid
DE_1027,2026-06-06 08:45:00,0.369,valid
DE_1027,2026-06-06 09:00:00,0.246,valid
DE_1027,2026-06-06 09:15:00,0.23,valid
DE_1027,2026-06-06 09:30:00,0.333,valid
DE_1027,2026-06-06 09:45:00,0.286,valid
DE_1027,2026-06-06 10:00:00,0.201,valid
DE_1027,2026-06-06 10:15:00,0.256,valid
DE_1027,2026-06-06 10:30:00,0.177,valid
DE_1027,2026-06-06 10:45:00,0.231,valid
DE_1027,2026-06-06 11:00:00,0.194,valid
DE_1027,2026-06-06 11:15:00,0.285,valid
DE_1027,2026-06-06 11:30:00,0.189,valid
DE_1027,2026-06-06 11:45:00,0.199,valid
DE_1027,2026-06-06 12:00:00,0.277,valid
DE_1027,2026-06-06 12:15:00,0.253,valid
DE_1027,2026-06-06 12:30:00,0.204,valid
DE_1027,2026-06-06 12:45:00,0.235,valid
DE_1027,2026-06-06 13:00:00,0.319,valid
DE_1027,2026-06-06 13:15:00,0.229,valid
DE_1027,2026-06-06 13:30:00,0.265,valid
DE_1027,2026-06-06 13:45:00,0.217,valid
DE_1027,2026-06-06 14:00:00,0.245,valid
DE_1027,2026-06-06 14:15:00,0.215,valid
DE_1027,2026-06-06 14:30:00,0.297,valid
DE_1027,2026-06-06 14:45:00,0.331,valid
DE_1027,2026-06-06 15:00:00,0.289,valid
DE_1027,2026-06-06 15:15:00,0.265,valid
DE_1027,2026-06-06 15:30:00,0.272,valid
DE_1027,2026-06-06 15:45:00,0.225,valid
DE_1027,2026-06-06 16:00:00,0.234,valid
DE_1027,2026-06-06 16:15:00,0.198,valid
DE_1027,2026-06-06 16:30:00,0.317,valid
DE_1027,2026-06-06 16:45:00,0.292,valid
DE_1027,2026-06-06 17:00:00,0.313,valid
DE_1027,2026-06-06 17:15:00,0.27,valid
DE_1027,2026-06-06 17:30:00,0.388,valid
DE_1027,2026-06-06 17:45:00,0.292,valid
DE_1027,2026-06-06 18:00:00,0.313,valid
DE_1027,2026-06-06 18:15:00,0.309,valid
DE_1027,2026-06-06 18:30:00,0.397,valid
DE_1027,2026-06-06 18:45:00,0.422,valid
DE_1027,2026-06-06 19:00:00,0.314,valid
DE_1027,2026-06-06 19:15:00,0.361,valid
DE_1027,2026-06-06 19:30:00,0.376,valid
DE_1027,2026-06-06 19:45:00,0.421,valid
DE_1027,2026-06-06 20:00:00,0.368,valid
DE_1027,2026-06-06 20:15:00,0.468,valid
DE_1027,2026-06-06 20:30:00,0.371,valid
DE_1027,2026-06-06 20:45:00,0.39,valid
DE_1027,2026-06-06 21:00:00,0.388,valid
DE_1027,2026-06-06 21:15:00,0.403,valid
DE_1027,2026-06-06 21:30:00,0.406,valid
DE_1027,2026-06-06 21:45:00,0.383,valid
DE_1027,2026-06-06 22:00:00,0.44,valid
DE_1027,2026-06-06 22:15:00,0.408,valid
DE_1027,2026-06-06 22:30:00,0.336,valid
DE_1027,2026-06-06 22:45:00,0.527,valid
DE_1027,2026-06-06 23:00:00,0.453,valid
DE_1027,2026-06-06 23:30:00,0.491,valid
DE_1027,2026-06-06 23:45:00,0.484,valid
DE_1027,2026-06-07 00:00:00,0.492,valid
DE_1027,2026-06-07 00:15:00,0.514,valid
DE_1027,2026-06-07 00:30:00,0.509,valid
DE_1027,2026-06-07 00:45:00,0.488,valid
DE_1027,2026-06-07 01:00:00,0.467,valid
DE_1027,2026-06-07 01:15:00,0.496,valid
DE_1027,2026-06-07 01:30:00,0.434,valid
DE_1027,2026-06-07 01:45:00,0.489,valid
DE_1027,2026-06-07 02:00:00,0.366,valid
DE_1027,2026-06-07 02:15:00,0.465,valid
DE_1027,2026-06-07 02:30:00,0.42,valid
DE_1027,2026-06-07 02:45:00,0.414,valid
DE_1027,2026-06-07 03:00:00,0.459,valid
DE_1027,2026-06-07 03:15:00,0.467,valid
DE_1027,2026-06-07 03:30:00,0.344,valid
DE_1027,2026-06-07 03:45:00,0.41,valid
DE_1027,2026-06-07 04:00:00,0.397,valid
DE_1027,2026-06-07 04:15:00,0.376,valid
DE_1027,2026-06-07 04:30:00,0.414,valid
DE_1027,2026-06-07 04:45:00,0.346,valid
DE_1027,2026-06-07 05:00:00,0.349,valid
DE_1027,2026-06-07 05:15:00,0.408,valid
DE_1027,2026-06-07 05:30:00,0.397,valid
DE_1027,2026-06-07 05:45:00,0.314,valid
DE_1027,2026-06-07 06:00:00,0.363,valid
DE_1027,2026-06-07 06:15:00,0.389,valid
DE_1027,2026-06-07 06:30:00,0.377,valid
DE_1027,2026-06-07 06:45:00,0.33,valid
DE_1027,2026-06-07 07:00:00,0.296,valid
DE_1027,2026-06-07 07:15:00,0.375,valid
DE_1027,2026-06-07 07:30:00,0.29,valid
DE_1027,2026-06-07 07:45:00,0.317,valid
DE_1027,2026-06-07 08:00:00,0.325,valid
DE_1027,2026-06-07 08:15:00,0.325,valid
DE_1027,2026-06-07 08:30:00,0.376,valid
DE_1027,2026-06-07 08:45:00,0.344,valid
DE_1027,2026-06-07 09:00:00,0.261,valid
DE_1027,2026-06-07 09:15:00,0.241,valid
DE_1027,2026-06-07 09:30:00,0.206,valid
DE_1027,2026-06-07 09:45:00,0.187,valid
DE_1027,2026-06-07 10:00:00,0.302,valid
DE_1027,2026-06-07 10:15:00,0.244,valid
DE_1027,2026-06-07 10:30:00,0.305,valid
DE_1027,2026-06-07 10:45:00,0.263,valid
DE_1027,2026-06-07 11:00:00,0.195,valid
DE_1027,2026-06-07 11:15:00,0.218,valid
DE_1027,2026-06-07 11:30:00,0.241,valid
DE_1027,2026-06-07 11:45:00,0.215,valid
DE_1027,2026-06-07 12:00:00,0.216,valid
DE_1027,2026-06-07 12:15:00,0.145,valid
DE_1027,2026-06-07 12:30:00,0.193,valid
DE_1027,2026-06-07 13:00:00,0.25,valid
DE_1027,2026-06-07 13:15:00,0.178,valid
DE_1027,2026-06-07 13:30:00,0.218,valid
DE_1027,2026-06-07 13:45:00,0.241,valid
DE_1027,2026-06-07 14:00:00,0.273,valid
DE_1027,2026-06-07 14:15:00,0.299,valid
DE_1027,2026-06-07 14:30:00,0.235,valid
DE_1027,2026-06-07 14:45:00,0.292,valid
DE_1027,2026-06-07 15:00:00,0.214,valid
DE_1027,2026-06-07 15:15:00,-0.303,valid
DE_1027,2026-06-07 15:30:00,0.267,valid
DE_1027,2026-06-07 15:45:00,0.218,valid
DE_1027,2026-06-07 16:00:00,0.321,valid
DE_1027,2026-06-07 16:15:00,0.244,valid
DE_1027,2026-06-07 16:30:00,0.352,valid
DE_1027,2026-06-07 16:45:00,0.338,valid
DE_1027,2026-06-07 17:15:00,0.358,valid
DE_1027,2026-06-07 17:30:00,0.284,valid
DE_1027,2026-06-07 17:45:00,0.331,valid
DE_1027,2026-06-07 18:00:00,0.39,valid
DE_1027,2026-06-07 18:15:00,0.307,valid
DE_1027,2026-06-07 18:30:00,0.345,valid
DE_1027,2026-06-07 18:45:00,0.296,valid
DE_1027,2026-06-07 19:00:00,0.353,valid
DE_1027,2026-06-07 19:15:00,0.396,valid
DE_1027,2026-06-07 19:30:00,0.399,valid
DE_1027,2026-06-07 19:45:00,0.313,valid
DE_1027,2026-06-07 20:00:00,0.44,valid
DE_1027,2026-06-07 20:15:00,0.417,valid
DE_1027,2026-06-07 20:30:00,0.413,valid
DE_1027,2026-06-07 20:45:00,0.449,valid
DE_1027,2026-06-07 21:00:00,0.369,valid
DE_1027,2026-06-07 21:15:00,0.391,valid
DE_1027,2026-06-07 21:30:00,0.479,valid
DE_1027,2026-06-07 21:45:00,0.38,valid
DE_1027,2026-06-07 22:00:00,0.329,valid
DE_1027,2026-06-07 22:15:00,0.507,valid
DE_1027,2026-06-07 22:30:00,0.413,valid
DE_1027,2026-06-07 22:45:00,0.508,valid
DE_1027,2026-06-07 23:00:00,0.396,valid
DE_1027,2026-06-07 23:15:00,0.435,valid
DE_1027,2026-06-07 23:30:00,0.466,valid
DE_1027,2026-06-07 23:45:00,0.452,valid
DE_1028,2026-06-01 00:00:00,0.438,valid
DE_1028,2026-06-01 00:15:00,0.487,valid
DE_1028,2026-06-01 00:30:00,0.435,valid
DE_1028,2026-06-01 00:45:00,0.508,valid
DE_1028,2026-06-01 01:00:00,0.439,valid
DE_1028,2026-06-01 01:15:00,0.468,valid
DE_1028,2026-06-01 01:30:00,0.546,valid
DE_1028,2026-06-01 01:45:00,0.442,valid
DE_1028,2026-06-01 02:00:00,0.49,valid
DE_1028,2026-06-01 02:15:00,0.517,valid
DE_1028,2026-06-01 02:30:00,0.4,valid
DE_1028,2026-06-01 02:45:00,0.437,valid
DE_1028,2026-06-01 03:00:00,0.318,valid
DE_1028,2026-06-01 03:15:00,0.41,valid
DE_1028,2026-06-01 03:30:00,0.445,valid
DE_1028,2026-06-01 03:45:00,0.462,valid
DE_1028,2026-06-01 04:00:00,0.38,valid
DE_1028,2026-06-01 04:15:00,0.516,valid
DE_1028,2026-06-01 04:30:00,0.407,valid
DE_1028,2026-06-01 04:45:00,0.359,valid
DE_1028,2026-06-01 05:00:00,0.376,valid
DE_1028,2026-06-01 05:15:00,0.267,valid
DE_1028,2026-06-01 05:30:00,0.336,valid
DE_1028,2026-06-01 05:45:00,0.305,valid
DE_1028,2026-06-01 06:00:00,0.303,valid
DE_1028,2026-06-01 06:15:00,0.323,valid
DE_1028,2026-06-01 06:30:00,0.255,valid
DE_1028,2026-06-01 06:45:00,0.312,valid
DE_1028,2026-06-01 07:00:00,0.372,valid
DE_1028,2026-06-01 07:15:00,0.231,valid
DE_1028,2026-06-01 07:30:00,0.288,valid
DE_1028,2026-06-01 07:45:00,0.394,valid
DE_1028,2026-06-01 08:00:00,0.265,valid
DE_1028,2026-06-01 08:15:00,0.349,valid
DE_1028,2026-06-01 08:30:00,0.378,valid
DE_1028,2026-06-01 08:45:00,0.272,valid
DE_1028,2026-06-01 09:00:00,0.284,valid
DE_1028,2026-06-01 09:15:00,0.261,valid
DE_1028,2026-06-01 09:30:00,0.308,valid
DE_1028,2026-06-01 09:45:00,0.317,valid
DE_1028,2026-06-01 10:00:00,0.18,valid
DE_1028,2026-06-01 10:15:00,0.209,valid
DE_1028,2026-06-01 10:30:00,0.167,valid
DE_1028,2026-06-01 10:45:00,0.182,valid
DE_1028,2026-06-01 11:00:00,0.279,valid
DE_1028,2026-06-01 11:15:00,0.146,valid
DE_1028,2026-06-01 11:30:00,0.243,valid
DE_1028,2026-06-01 11:45:00,0.187,valid
DE_1028,2026-06-01 12:00:00,0.131,valid
DE_1028,2026-06-01 12:15:00,0.182,valid
DE_1028,2026-06-01 12:30:00,0.246,valid
DE_1028,2026-06-01 12:45:00,0.17,valid
DE_1028,2026-06-01 13:00:00,0.232,valid
DE_1028,2026-06-01 13:15:00,0.229,valid
DE_1028,2026-06-01 13:30:00,0.194,valid
DE_1028,2026-06-01 13:45:00,0.283,valid
DE_1028,2026-06-01 14:00:00,0.21,valid
DE_1028,2026-06-01 14:15:00,0.374,valid
DE_1028,2026-06-01 14:30:00,0.331,valid
DE_1028,2026-06-01 14:45:00,0.209,valid
DE_1028,2026-06-01 15:00:00,0.297,valid
DE_1028,2026-06-01 15:15:00,0.189,valid
DE_1028,2026-06-01 15:30:00,0.291,valid
DE_1028,2026-06-01 15:45:00,0.331,valid
DE_1028,2026-06-01 16:00:00,0.343,valid
DE_1028,2026-06-01 16:15:00,0.257,valid
DE_1028,2026-06-01 16:30:00,0.253,valid
DE_1028,2026-06-01 16:45:00,0.338,valid
DE_1028,2026-06-01 17:00:00,0.395,valid
DE_1028,2026-06-01 17:30:00,0.303,valid
DE_1028,2026-06-01 17:45:00,0.299,valid
DE_1028,2026-06-01 18:00:00,0.267,valid
DE_1028,2026-06-01 18:15:00,0.349,valid
DE_1028,2026-06-01 18:30:00,0.364,valid
DE_1028,2026-06-01 18:45:00,0.33,valid
DE_1028,2026-06-01 19:00:00,0.408,valid
DE_1028,2026-06-01 19:15:00,0.393,valid
DE_1028,2026-06-01 19:30:00,0.433,valid
DE_1028,2026-06-01 19:45:00,0.37,valid
DE_1028,2026-06-01 20:00:00,0.361,valid
DE_1028,2026-06-01 20:15:00,0.39,valid
DE_1028,2026-06-01 20:30:00,0.457,valid
DE_1028,2026-06-01 20:45:00,0.367,valid
DE_1028,2026-06-01 21:00:00,0.433,valid
DE_1028,2026-06-01 21:30:00,0.445,valid
DE_1028,2026-06-01 21:45:00,0.355,valid
DE_1028,2026-06-01 22:00:00,0.514,valid
DE_1028,2026-06-01 22:15:00,0.378,valid
DE_1028,2026-06-01 22:30:00,0.363,valid
DE_1028,2026-06-01 22:45:00,0.407,valid
DE_1028,2026-06-01 23:00:00,0.502,valid
DE_1028,2026-06-01 23:15:00,0.428,valid
DE_1028,2026-06-01 23:30:00,0.432,valid
DE_1028,2026-06-01 23:45:00,0.453,valid
DE_1028,2026-06-02 00:00:00,0.56,valid
DE_1028,2026-06-02 00:15:00,0.58,valid
DE_1028,2026-06-02 00:30:00,0.559,valid
DE_1028,2026-06-02 00:45:00,0.47,valid
DE_1028,2026-06-02 01:00:00,0.491,valid
DE_1028,2026-06-02 01:15:00,0.562,valid
DE_1028,2026-06-02 01:45:00,0.525,valid
DE_1028,2026-06-02 02:00:00,0.427,valid
DE_1028,2026-06-02 02:15:00,0.505,valid
DE_1028,2026-06-02 02:30:00,0.45,valid
DE_1028,2026-06-02 02:45:00,0.366,valid
DE_1028,2026-06-02 03:00:00,0.344,valid
DE_1028,2026-06-02 03:15:00,0.443,valid
DE_1028,2026-06-02 03:30:00,0.434,valid
DE_1028,2026-06-02 03:45:00,0.351,valid
DE_1028,2026-06-02 04:00:00,0.425,valid
DE_1028,2026-06-02 04:15:00,0.47,valid
DE_1028,2026-06-02 04:30:00,0.482,valid
DE_1028,2026-06-02 04:45:00,0.41,valid
DE_1028,2026-06-02 05:00:00,0.402,valid
DE_1028,2026-06-02 05:15:00,0.401,valid
DE_1028,2026-06-02 05:30:00,0.369,valid
DE_1028,2026-06-02 05:45:00,0.371,valid
DE_1028,2026-06-02 06:00:00,0.41,valid
DE_1028,2026-06-02 06:15:00,0.334,valid
DE_1028,2026-06-02 06:30:00,0.437,valid
DE_1028,2026-06-02 06:45:00,0.235,valid
DE_1028,2026-06-02 07:00:00,0.3,valid
DE_1028,2026-06-02 07:15:00,0.392,valid
DE_1028,2026-06-02 07:30:00,0.315,valid
DE_1028,2026-06-02 07:45:00,0.348,valid
DE_1028,2026-06-02 08:00:00,0.298,valid
DE_1028,2026-06-02 08:15:00,0.286,valid
DE_1028,2026-06-02 08:30:00,0.357,valid
DE_1028,2026-06-02 08:45:00,0.322,valid
DE_1028,2026-06-02 09:00:00,0.316,valid
DE_1028,2026-06-02 09:15:00,0.196,valid
DE_1028,2026-06-02 09:30:00,0.324,valid
DE_1028,2026-06-02 09:45:00,0.212,valid
DE_1028,2026-06-02 10:00:00,0.293,valid
DE_1028,2026-06-02 10:15:00,0.262,valid
DE_1028,2026-06-02 10:30:00,0.281,valid
DE_1028,2026-06-02 10:45:00,0.221,valid
DE_1028,2026-06-02 11:00:00,0.218,valid
DE_1028,2026-06-02 11:15:00,0.192,valid
DE_1028,2026-06-02 11:30:00,0.267,valid
DE_1028,2026-06-02 11:45:00,0.244,valid
DE_1028,2026-06-02 12:00:00,0.171,valid
DE_1028,2026-06-02 12:15:00,0.117,valid
DE_1028,2026-06-02 12:30:00,0.151,valid
DE_1028,2026-06-02 12:45:00,0.201,valid
DE_1028,2026-06-02 13:00:00,0.134,valid
DE_1028,2026-06-02 13:15:00,0.289,valid
DE_1028,2026-06-02 13:30:00,0.292,valid
DE_1028,2026-06-02 13:45:00,0.261,valid
DE_1028,2026-06-02 14:00:00,0.182,valid
DE_1028,2026-06-02 14:15:00,0.246,valid
DE_1028,2026-06-02 14:30:00,0.219,valid
DE_1028,2026-06-02 14:45:00,0.236,valid
DE_1028,2026-06-02 15:00:00,0.278,valid
DE_1028,2026-06-02 15:15:00,0.344,valid
DE_1028,2026-06-02 15:30:00,0.255,valid
DE_1028,2026-06-02 15:45:00,0.208,valid
DE_1028,2026-06-02 16:00:00,0.169,valid
DE_1028,2026-06-02 16:15:00,0.262,valid
DE_1028,2026-06-02 16:30:00,0.395,valid
DE_1028,2026-06-02 16:45:00,0.286,valid
DE_1028,2026-06-02 17:00:00,0.282,valid
DE_1028,2026-06-02 17:15:00,0.345,valid
DE_1028,2026-06-02 17:30:00,0.378,valid
DE_1028,2026-06-02 17:45:00,0.31,valid
DE_1028,2026-06-02 18:00:00,0.352,valid
DE_1028,2026-06-02 18:15:00,0.422,valid
DE_1028,2026-06-02 18:30:00,0.409,valid
DE_1028,2026-06-02 18:45:00,0.279,valid
DE_1028,2026-06-02 19:00:00,0.379,valid
DE_1028,2026-06-02 19:15:00,0.433,valid
DE_1028,2026-06-02 19:30:00,0.393,valid
DE_1028,2026-06-02 19:45:00,0.417,valid
DE_1028,2026-06-02 20:00:00,0.417,valid
DE_1028,2026-06-02 20:15:00,0.384,valid
DE_1028,2026-06-02 20:30:00,0.388,valid
DE_1028,2026-06-02 20:45:00,0.448,valid
DE_1028,2026-06-02 21:00:00,0.419,valid
DE_1028,2026-06-02 21:15:00,0.412,valid
DE_1028,2026-06-02 21:30:00,0.465,valid
DE_1028,2026-06-02 21:45:00,0.469,valid
DE_1028,2026-06-02 22:00:00,0.454,valid
DE_1028,2026-06-02 22:15:00,0.508,valid
DE_1028,2026-06-02 22:30:00,0.355,valid
DE_1028,2026-06-02 22:45:00,0.476,valid
DE_1028,2026-06-02 23:00:00,0.425,valid
DE_1028,2026-06-02 23:15:00,0.46,valid
DE_1028,2026-06-02 23:30:00,0.48,valid
DE_1028,2026-06-02 23:45:00,0.426,valid
DE_1028,2026-06-03 00:00:00,0.611,valid
DE_1028,2026-06-03 00:15:00,0.503,valid
DE_1028,2026-06-03 00:30:00,0.483,valid
DE_1028,2026-06-03 00:45:00,0.558,valid
DE_1028,2026-06-03 01:00:00,0.447,valid
DE_1028,2026-06-03 01:15:00,0.502,valid
DE_1028,2026-06-03 01:30:00,0.546,valid
DE_1028,2026-06-03 01:45:00,0.508,valid
DE_1028,2026-06-03 02:00:00,0.439,valid
DE_1028,2026-06-03 02:15:00,0.457,valid
DE_1028,2026-06-03 02:30:00,0.599,valid
DE_1028,2026-06-03 02:45:00,0.565,valid
DE_1028,2026-06-03 03:00:00,0.307,valid
DE_1028,2026-06-03 03:15:00,0.454,valid
DE_1028,2026-06-03 03:30:00,0.403,valid
DE_1028,2026-06-03 03:45:00,0.4,valid
DE_1028,2026-06-03 04:00:00,0.31,valid
DE_1028,2026-06-03 04:15:00,0.38,valid
DE_1028,2026-06-03 04:30:00,0.445,valid
DE_1028,2026-06-03 04:45:00,0.375,valid
DE_1028,2026-06-03 05:00:00,0.362,valid
DE_1028,2026-06-03 05:15:00,0.51,valid
DE_1028,2026-06-03 05:30:00,0.388,valid
DE_1028,2026-06-03 05:45:00,0.372,valid
DE_1028,2026-06-03 06:00:00,0.319,valid
DE_1028,2026-06-03 06:15:00,0.295,valid
DE_1028,2026-06-03 06:30:00,0.442,valid
DE_1028,2026-06-03 06:45:00,0.455,valid
DE_1028,2026-06-03 07:00:00,0.353,valid
DE_1028,2026-06-03 07:15:00,0.326,valid
DE_1028,2026-06-03 07:30:00,0.279,valid
DE_1028,2026-06-03 07:45:00,0.35,valid
DE_1028,2026-06-03 08:00:00,0.355,valid
DE_1028,2026-06-03 08:15:00,0.276,valid
DE_1028,2026-06-03 08:30:00,0.357,valid
DE_1028,2026-06-03 08:45:00,0.343,valid
DE_1028,2026-06-03 09:00:00,0.25,valid
DE_1028,2026-06-03 09:15:00,0.226,valid
DE_1028,2026-06-03 09:30:00,0.21,valid
DE_1028,2026-06-03 09:45:00,0.263,valid
DE_1028,2026-06-03 10:00:00,0.176,valid
DE_1028,2026-06-03 10:15:00,0.201,valid
DE_1028,2026-06-03 10:30:00,0.309,valid
DE_1028,2026-06-03 10:45:00,0.221,valid
DE_1028,2026-06-03 11:00:00,0.212,valid
DE_1028,2026-06-03 11:15:00,0.218,valid
DE_1028,2026-06-03 11:30:00,0.186,valid
DE_1028,2026-06-03 11:45:00,0.226,valid
DE_1028,2026-06-03 12:00:00,0.204,valid
DE_1028,2026-06-03 12:15:00,0.088,valid
DE_1028,2026-06-03 12:30:00,0.245,valid
DE_1028,2026-06-03 12:45:00,0.146,valid
DE_1028,2026-06-03 13:00:00,0.223,valid
DE_1028,2026-06-03 13:15:00,0.221,valid
DE_1028,2026-06-03 13:30:00,0.252,valid
DE_1028,2026-06-03 13:45:00,0.278,valid
DE_1028,2026-06-03 14:00:00,0.253,valid
DE_1028,2026-06-03 14:15:00,0.21,valid
DE_1028,2026-06-03 14:30:00,0.208,valid
DE_1028,2026-06-03 14:45:00,0.214,valid
DE_1028,2026-06-03 15:00:00,0.27,valid
DE_1028,2026-06-03 15:15:00,0.319,valid
DE_1028,2026-06-03 15:30:00,0.299,valid
DE_1028,2026-06-03 15:45:00,0.269,valid
DE_1028,2026-06-03 16:00:00,0.275,valid
DE_1028,2026-06-03 16:15:00,0.209,valid
DE_1028,2026-06-03 16:30:00,0.307,valid
DE_1028,2026-06-03 16:45:00,0.238,valid
DE_1028,2026-06-03 16:45:00,0.238,valid
DE_1028,2026-06-03 17:00:00,0.346,valid
DE_1028,2026-06-03 17:15:00,0.308,valid
DE_1028,2026-06-03 17:30:00,0.27,valid
DE_1028,2026-06-03 17:45:00,0.328,valid
DE_1028,2026-06-03 18:00:00,0.358,valid
DE_1028,2026-06-03 18:15:00,0.343,valid
DE_1028,2026-06-03 18:30:00,0.439,valid
DE_1028,2026-06-03 18:45:00,0.332,valid
DE_1028,2026-06-03 19:00:00,0.515,valid
DE_1028,2026-06-03 19:15:00,0.339,valid
DE_1028,2026-06-03 19:30:00,0.395,valid
DE_1028,2026-06-03 19:45:00,0.293,valid
DE_1028,2026-06-03 20:00:00,0.449,valid
DE_1028,2026-06-03 20:15:00,0.321,valid
DE_1028,2026-06-03 20:30:00,0.414,valid
DE_1028,2026-06-03 20:45:00,0.316,valid
DE_1028,2026-06-03 21:00:00,0.467,valid
DE_1028,2026-06-03 21:15:00,0.434,valid
DE_1028,2026-06-03 21:30:00,0.44,valid
DE_1028,2026-06-03 21:45:00,0.482,valid
DE_1028,2026-06-03 22:00:00,0.432,valid
DE_1028,2026-06-03 22:15:00,0.447,valid
DE_1028,2026-06-03 22:30:00,0.387,valid
DE_1028,2026-06-03 22:45:00,0.453,valid
DE_1028,2026-06-03 23:15:00,0.504,valid
DE_1028,2026-06-03 23:30:00,0.509,valid
DE_1028,2026-06-03 23:45:00,0.467,valid
DE_1028,2026-06-04 00:00:00,0.505,valid
DE_1028,2026-06-04 00:15:00,0.551,valid
DE_1028,2026-06-04 00:30:00,0.504,valid
DE_1028,2026-06-04 00:45:00,0.445,valid
DE_1028,2026-06-04 01:00:00,0.486,valid
DE_1028,2026-06-04 01:15:00,0.455,valid
DE_1028,2026-06-04 01:30:00,0.461,valid
DE_1028,2026-06-04 01:45:00,0.408,valid
DE_1028,2026-06-04 02:00:00,0.432,valid
DE_1028,2026-06-04 02:15:00,0.433,valid
DE_1028,2026-06-04 02:30:00,0.481,valid
DE_1028,2026-06-04 02:45:00,0.44,valid
DE_1028,2026-06-04 03:00:00,0.472,valid
DE_1028,2026-06-04 03:15:00,0.335,valid
DE_1028,2026-06-04 03:30:00,0.457,valid
DE_1028,2026-06-04 03:45:00,0.419,valid
DE_1028,2026-06-04 04:00:00,0.419,valid
DE_1028,2026-06-04 04:15:00,0.419,valid
DE_1028,2026-06-04 04:45:00,0.43,valid
DE_1028,2026-06-04 05:00:00,0.413,valid
DE_1028,2026-06-04 05:15:00,0.385,valid
DE_1028,2026-06-04 05:30:00,0.358,valid
DE_1028,2026-06-04 05:45:00,0.35,valid
DE_1028,2026-06-04 06:00:00,0.423,valid
DE_1028,2026-06-04 06:15:00,0.273,valid
DE_1028,2026-06-04 06:30:00,0.289,valid
DE_1028,2026-06-04 06:45:00,0.298,valid
DE_1028,2026-06-04 07:00:00,0.291,valid
DE_1028,2026-06-04 07:15:00,0.369,valid
DE_1028,2026-06-04 07:30:00,0.409,valid
DE_1028,2026-06-04 07:45:00,0.329,valid
DE_1028,2026-06-04 08:00:00,0.316,valid
DE_1028,2026-06-04 08:15:00,0.307,valid
DE_1028,2026-06-04 08:30:00,0.272,valid
DE_1028,2026-06-04 08:45:00,0.229,valid
DE_1028,2026-06-04 09:00:00,0.296,valid
DE_1028,2026-06-04 09:15:00,0.241,valid
DE_1028,2026-06-04 09:30:00,0.248,valid
DE_1028,2026-06-04 09:45:00,0.263,valid
DE_1028,2026-06-04 10:00:00,0.19,valid
DE_1028,2026-06-04 10:15:00,0.313,valid
DE_1028,2026-06-04 10:30:00,0.289,valid
DE_1028,2026-06-04 10:45:00,0.189,valid
DE_1028,2026-06-04 11:00:00,0.278,valid
DE_1028,2026-06-04 11:15:00,0.246,valid
DE_1028,2026-06-04 11:30:00,0.208,valid
DE_1028,2026-06-04 11:45:00,0.21,valid
DE_1028,2026-06-04 12:00:00,0.181,valid
DE_1028,2026-06-04 12:15:00,0.179,valid
DE_1028,2026-06-04 12:30:00,0.2,valid
DE_1028,2026-06-04 12:45:00,0.137,valid
DE_1028,2026-06-04 13:00:00,0.16,valid
DE_1028,2026-06-04 13:15:00,0.239,valid
DE_1028,2026-06-04 13:30:00,0.22,valid
DE_1028,2026-06-04 13:45:00,0.169,valid
DE_1028,2026-06-04 14:00:00,0.245,valid
DE_1028,2026-06-04 14:15:00,0.107,valid
DE_1028,2026-06-04 14:30:00,0.293,valid
DE_1028,2026-06-04 14:45:00,0.201,valid
DE_1028,2026-06-04 15:00:00,0.284,valid
DE_1028,2026-06-04 15:15:00,0.305,valid
DE_1028,2026-06-04 15:30:00,0.327,valid
DE_1028,2026-06-04 15:45:00,0.303,valid
DE_1028,2026-06-04 16:00:00,0.292,valid
DE_1028,2026-06-04 16:15:00,0.327,valid
DE_1028,2026-06-04 16:30:00,0.29,valid
DE_1028,2026-06-04 16:45:00,0.338,valid
DE_1028,2026-06-04 17:00:00,0.381,valid
DE_1028,2026-06-04 17:15:00,0.279,valid
DE_1028,2026-06-04 17:30:00,0.337,valid
DE_1028,2026-06-04 17:45:00,0.376,valid
DE_1028,2026-06-04 18:00:00,0.423,valid
DE_1028,2026-06-04 18:15:00,0.409,valid
DE_1028,2026-06-04 18:30:00,0.381,valid
DE_1028,2026-06-04 18:45:00,0.36,valid
DE_1028,2026-06-04 19:00:00,0.336,valid
DE_1028,2026-06-04 19:15:00,0.411,valid
DE_1028,2026-06-04 19:30:00,0.362,valid
DE_1028,2026-06-04 20:00:00,0.372,valid
DE_1028,2026-06-04 20:15:00,0.404,valid
DE_1028,2026-06-04 20:30:00,0.338,valid
DE_1028,2026-06-04 20:45:00,0.446,valid
DE_1028,2026-06-04 21:00:00,0.481,valid
DE_1028,2026-06-04 21:15:00,0.527,valid
DE_1028,2026-06-04 21:30:00,0.433,valid
DE_1028,2026-06-04 21:45:00,0.436,valid
DE_1028,2026-06-04 22:00:00,0.378,valid
DE_1028,2026-06-04 22:15:00,0.401,valid
DE_1028,2026-06-04 22:30:00,0.459,valid
DE_1028,2026-06-04 22:45:00,0.555,valid
DE_1028,2026-06-04 23:00:00,0.452,valid
DE_1028,2026-06-04 23:15:00,0.489,valid
DE_1028,2026-06-04 23:30:00,0.445,valid
DE_1028,2026-06-04 23:45:00,0.461,valid
DE_1028,2026-06-05 00:00:00,0.564,valid
DE_1028,2026-06-05 00:15:00,0.483,valid
DE_1028,2026-06-05 00:30:00,0.556,valid
DE_1028,2026-06-05 00:45:00,0.504,valid
DE_1028,2026-06-05 01:00:00,0.465,valid
DE_1028,2026-06-05 01:15:00,0.467,valid
DE_1028,2026-06-05 01:30:00,0.506,valid
DE_1028,2026-06-05 01:45:00,0.496,valid
DE_1028,2026-06-05 02:00:00,0.405,valid
DE_1028,2026-06-05 02:15:00,0.527,valid
DE_1028,2026-06-05 02:30:00,0.461,valid
DE_1028,2026-06-05 02:45:00,0.448,valid
DE_1028,2026-06-05 03:00:00,0.358,valid
DE_1028,2026-06-05 03:15:00,0.442,valid
DE_1028,2026-06-05 03:30:00,0.496,valid
DE_1028,2026-06-05 03:45:00,0.47,valid
DE_1028,2026-06-05 04:00:00,0.454,valid
DE_1028,2026-06-05 04:15:00,0.412,valid
DE_1028,2026-06-05 04:30:00,0.413,valid
DE_1028,2026-06-05 04:45:00,0.42,valid
DE_1028,2026-06-05 05:00:00,0.328,valid
DE_1028,2026-06-05 05:15:00,0.363,valid
DE_1028,2026-06-05 05:30:00,0.433,valid
DE_1028,2026-06-05 05:45:00,0.39,valid
DE_1028,2026-06-05 06:00:00,0.405,valid
DE_1028,2026-06-05 06:15:00,0.302,valid
DE_1028,2026-06-05 06:30:00,0.318,valid
DE_1028,2026-06-05 06:45:00,0.351,valid
DE_1028,2026-06-05 07:00:00,0.417,valid
DE_1028,2026-06-05 07:15:00,0.34,valid
DE_1028,2026-06-05 07:30:00,0.279,valid
DE_1028,2026-06-05 07:45:00,0.428,valid
DE_1028,2026-06-05 08:00:00,0.312,valid
DE_1028,2026-06-05 08:15:00,0.218,valid
DE_1028,2026-06-05 08:30:00,0.348,valid
DE_1028,2026-06-05 08:45:00,0.123,valid
DE_1028,2026-06-05 09:00:00,0.298,valid
DE_1028,2026-06-05 09:15:00,0.294,valid
DE_1028,2026-06-05 09:30:00,0.321,valid
DE_1028,2026-06-05 09:45:00,0.154,valid
DE_1028,2026-06-05 10:00:00,0.244,valid
DE_1028,2026-06-05 10:15:00,0.251,valid
DE_1028,2026-06-05 10:30:00,0.248,valid
DE_1028,2026-06-05 10:45:00,0.287,valid
DE_1028,2026-06-05 11:00:00,0.356,valid
DE_1028,2026-06-05 11:15:00,0.271,valid
DE_1028,2026-06-05 11:30:00,0.263,valid
DE_1028,2026-06-05 11:45:00,0.15,valid
DE_1028,2026-06-05 12:00:00,0.176,valid
DE_1028,2026-06-05 12:15:00,0.285,valid
DE_1028,2026-06-05 12:30:00,0.226,valid
DE_1028,2026-06-05 12:45:00,0.182,valid
DE_1028,2026-06-05 13:00:00,0.27,valid
DE_1028,2026-06-05 13:15:00,0.282,valid
DE_1028,2026-06-05 13:30:00,0.271,valid
DE_1028,2026-06-05 13:45:00,0.229,valid
DE_1028,2026-06-05 14:00:00,0.265,valid
DE_1028,2026-06-05 14:15:00,0.315,valid
DE_1028,2026-06-05 14:30:00,0.251,valid
DE_1028,2026-06-05 14:45:00,0.222,valid
DE_1028,2026-06-05 15:00:00,0.262,valid
DE_1028,2026-06-05 15:15:00,0.158,valid
DE_1028,2026-06-05 15:30:00,0.267,valid
DE_1028,2026-06-05 15:45:00,0.209,valid
DE_1028,2026-06-05 16:00:00,0.268,valid
DE_1028,2026-06-05 16:15:00,0.388,valid
DE_1028,2026-06-05 16:30:00,0.317,valid
DE_1028,2026-06-05 16:45:00,0.246,valid
DE_1028,2026-06-05 17:00:00,0.354,valid
DE_1028,2026-06-05 17:15:00,0.388,valid
DE_1028,2026-06-05 17:30:00,0.333,valid
DE_1028,2026-06-05 17:45:00,0.356,valid
DE_1028,2026-06-05 18:00:00,0.321,valid
DE_1028,2026-06-05 18:15:00,0.314,valid
DE_1028,2026-06-05 18:30:00,0.444,valid
DE_1028,2026-06-05 18:45:00,0.413,valid
DE_1028,2026-06-05 19:00:00,0.355,valid
DE_1028,2026-06-05 19:15:00,0.379,valid
DE_1028,2026-06-05 19:30:00,0.285,valid
DE_1028,2026-06-05 19:45:00,0.395,valid
DE_1028,2026-06-05 20:00:00,0.398,valid
DE_1028,2026-06-05 20:15:00,0.389,valid
DE_1028,2026-06-05 20:30:00,0.426,valid
DE_1028,2026-06-05 21:00:00,0.514,valid
DE_1028,2026-06-05 21:15:00,0.395,valid
DE_1028,2026-06-05 21:30:00,0.386,valid
DE_1028,2026-06-05 21:45:00,0.473,valid
DE_1028,2026-06-05 22:00:00,0.46,valid
DE_1028,2026-06-05 22:15:00,0.459,valid
DE_1028,2026-06-05 22:30:00,0.501,valid
DE_1028,2026-06-05 22:45:00,0.49,valid
DE_1028,2026-06-05 23:00:00,0.571,valid
DE_1028,2026-06-05 23:15:00,0.555,valid
DE_1028,2026-06-05 23:30:00,0.365,valid
DE_1028,2026-06-05 23:45:00,0.449,valid
DE_1028,2026-06-06 00:00:00,0.576,valid
DE_1028,2026-06-06 00:15:00,0.549,valid
DE_1028,2026-06-06 00:30:00,0.451,valid
DE_1028,2026-06-06 00:45:00,0.487,valid
DE_1028,2026-06-06 01:00:00,0.477,valid
DE_1028,2026-06-06 01:15:00,0.434,valid
DE_1028,2026-06-06 01:30:00,0.426,valid
DE_1028,2026-06-06 01:45:00,0.437,valid
DE_1028,2026-06-06 02:00:00,0.401,valid
DE_1028,2026-06-06 02:15:00,0.479,valid
DE_1028,2026-06-06 02:30:00,0.358,valid
DE_1028,2026-06-06 02:45:00,0.495,valid
DE_1028,2026-06-06 03:00:00,0.499,valid
DE_1028,2026-06-06 03:15:00,0.416,valid
DE_1028,2026-06-06 03:30:00,0.464,valid
DE_1028,2026-06-06 03:45:00,0.465,valid
DE_1028,2026-06-06 04:00:00,0.509,valid
DE_1028,2026-06-06 04:15:00,0.399,valid
DE_1028,2026-06-06 04:30:00,0.36,valid
DE_1028,2026-06-06 04:45:00,0.4,valid
DE_1028,2026-06-06 05:00:00,0.364,valid
DE_1028,2026-06-06 05:15:00,0.378,valid
DE_1028,2026-06-06 05:30:00,0.375,valid
DE_1028,2026-06-06 05:45:00,0.321,valid
DE_1028,2026-06-06 06:00:00,0.275,valid
DE_1028,2026-06-06 06:15:00,0.236,valid
DE_1028,2026-06-06 06:30:00,0.374,valid
DE_1028,2026-06-06 06:45:00,0.346,valid
DE_1028,2026-06-06 07:00:00,0.366,valid
DE_1028,2026-06-06 07:15:00,0.333,valid
DE_1028,2026-06-06 07:30:00,0.34,valid
DE_1028,2026-06-06 07:45:00,0.303,valid
DE_1028,2026-06-06 08:00:00,0.286,valid
DE_1028,2026-06-06 08:15:00,0.306,valid
DE_1028,2026-06-06 08:30:00,0.233,valid
DE_1028,2026-06-06 08:45:00,0.346,valid
DE_1028,2026-06-06 09:00:00,0.285,valid
DE_1028,2026-06-06 09:15:00,0.159,valid
DE_1028,2026-06-06 09:30:00,0.289,valid
DE_1028,2026-06-06 09:45:00,0.156,valid
DE_1028,2026-06-06 10:00:00,0.27,valid
DE_1028,2026-06-06 10:15:00,0.315,valid
DE_1028,2026-06-06 10:30:00,0.247,valid
DE_1028,2026-06-06 10:45:00,0.224,valid
DE_1028,2026-06-06 11:00:00,0.239,valid
DE_1028,2026-06-06 11:15:00,0.267,valid
DE_1028,2026-06-06 11:30:00,0.233,valid
DE_1028,2026-06-06 11:45:00,0.287,valid
DE_1028,2026-06-06 12:00:00,0.16,valid
DE_1028,2026-06-06 12:15:00,0.198,valid
DE_1028,2026-06-06 12:30:00,0.213,valid
DE_1028,2026-06-06 12:45:00,0.195,valid
DE_1028,2026-06-06 13:00:00,0.245,valid
DE_1028,2026-06-06 13:15:00,0.255,valid
DE_1028,2026-06-06 13:30:00,0.275,valid
DE_1028,2026-06-06 13:45:00,0.214,valid
DE_1028,2026-06-06 14:00:00,0.245,valid
DE_1028,2026-06-06 14:15:00,0.282,valid
DE_1028,2026-06-06 14:30:00,0.248,valid
DE_1028,2026-06-06 14:45:00,0.243,valid
DE_1028,2026-06-06 15:00:00,0.303,valid
DE_1028,2026-06-06 15:15:00,0.287,valid
DE_1028,2026-06-06 15:30:00,0.273,valid
DE_1028,2026-06-06 15:45:00,0.217,valid
DE_1028,2026-06-06 16:00:00,0.326,valid
DE_1028,2026-06-06 16:15:00,0.289,valid
DE_1028,2026-06-06 16:30:00,0.407,valid
DE_1028,2026-06-06 16:45:00,0.31,valid
DE_1028,2026-06-06 17:00:00,0.359,valid
DE_1028,2026-06-06 17:15:00,0.325,valid
DE_1028,2026-06-06 17:30:00,0.329,valid
DE_1028,2026-06-06 17:45:00,0.342,valid
DE_1028,2026-06-06 18:00:00,0.41,valid
DE_1028,2026-06-06 18:15:00,0.357,valid
DE_1028,2026-06-06 18:30:00,0.35,valid
DE_1028,2026-06-06 18:45:00,0.392,valid
DE_1028,2026-06-06 19:00:00,0.364,valid
DE_1028,2026-06-06 19:15:00,0.325,valid
DE_1028,2026-06-06 19:30:00,0.377,valid
DE_1028,2026-06-06 19:45:00,0.399,valid
DE_1028,2026-06-06 20:00:00,0.46,valid
DE_1028,2026-06-06 20:15:00,0.402,valid
DE_1028,2026-06-06 20:30:00,0.322,valid
DE_1028,2026-06-06 20:45:00,0.362,valid
DE_1028,2026-06-06 21:00:00,0.45,valid
DE_1028,2026-06-06 21:15:00,0.425,valid
DE_1028,2026-06-06 21:30:00,0.491,valid
DE_1028,2026-06-06 21:45:00,0.486,valid
DE_1028,2026-06-06 22:00:00,0.573,valid
DE_1028,2026-06-06 22:15:00,0.468,valid
DE_1028,2026-06-06 22:30:00,0.479,valid
DE_1028,2026-06-06 22:45:00,0.41,valid
DE_1028,2026-06-06 23:00:00,0.476,valid
DE_1028,2026-06-06 23:15:00,0.405,valid
DE_1028,2026-06-06 23:30:00,0.487,valid
DE_1028,2026-06-06 23:45:00,0.45,valid
DE_1028,2026-06-07 00:00:00,0.384,valid
DE_1028,2026-06-07 00:15:00,0.504,valid
DE_1028,2026-06-07 00:30:00,0.497,valid
DE_1028,2026-06-07 00:45:00,0.434,valid
DE_1028,2026-06-07 01:00:00,0.391,valid
DE_1028,2026-06-07 01:15:00,0.458,valid
DE_1028,2026-06-07 01:30:00,0.463,valid
DE_1028,2026-06-07 01:45:00,0.394,valid
DE_1028,2026-06-07 02:00:00,0.413,valid
DE_1028,2026-06-07 02:15:00,0.417,valid
DE_1028,2026-06-07 02:30:00,0.372,valid
DE_1028,2026-06-07 02:45:00,0.429,valid
DE_1028,2026-06-07 03:00:00,0.378,valid
DE_1028,2026-06-07 03:15:00,0.568,valid
DE_1028,2026-06-07 03:30:00,0.539,valid
DE_1028,2026-06-07 03:45:00,0.389,valid
DE_1028,2026-06-07 04:00:00,0.442,valid
DE_1028,2026-06-07 04:15:00,0.353,valid
DE_1028,2026-06-07 04:30:00,0.362,valid
DE_1028,2026-06-07 04:45:00,0.405,valid
DE_1028,2026-06-07 05:00:00,0.376,valid
DE_1028,2026-06-07 05:15:00,0.391,valid
DE_1028,2026-06-07 05:30:00,0.456,valid
DE_1028,2026-06-07 05:45:00,0.331,valid
DE_1028,2026-06-07 06:00:00,0.409,valid
DE_1028,2026-06-07 06:15:00,0.34,valid
DE_1028,2026-06-07 06:30:00,0.335,valid
DE_1028,2026-06-07 06:45:00,0.315,valid
DE_1028,2026-06-07 07:00:00,0.342,valid
DE_1028,2026-06-07 07:15:00,0.34,valid
DE_1028,2026-06-07 07:30:00,0.388,valid
DE_1028,2026-06-07 07:45:00,0.219,valid
DE_1028,2026-06-07 08:00:00,0.32,valid
DE_1028,2026-06-07 08:15:00,0.311,valid
DE_1028,2026-06-07 08:30:00,0.332,valid
DE_1028,2026-06-07 08:45:00,0.271,valid
DE_1028,2026-06-07 09:00:00,0.242,valid
DE_1028,2026-06-07 09:15:00,0.221,valid
DE_1028,2026-06-07 09:30:00,0.249,valid
DE_1028,2026-06-07 09:45:00,0.303,valid
DE_1028,2026-06-07 10:00:00,0.166,valid
DE_1028,2026-06-07 10:15:00,0.249,valid
DE_1028,2026-06-07 10:30:00,0.292,valid
DE_1028,2026-06-07 10:45:00,0.24,valid
DE_1028,2026-06-07 11:00:00,0.257,valid
DE_1028,2026-06-07 11:15:00,0.219,valid
DE_1028,2026-06-07 11:30:00,0.219,valid
DE_1028,2026-06-07 11:45:00,0.322,valid
DE_1028,2026-06-07 12:00:00,0.247,valid
DE_1028,2026-06-07 12:15:00,0.204,valid
DE_1028,2026-06-07 12:30:00,0.183,valid
DE_1028,2026-06-07 12:45:00,0.233,valid
DE_1028,2026-06-07 13:00:00,0.214,valid
DE_1028,2026-06-07 13:15:00,0.231,valid
DE_1028,2026-06-07 13:30:00,0.173,valid
DE_1028,2026-06-07 13:45:00,0.333,valid
DE_1028,2026-06-07 14:00:00,0.22,valid
DE_1028,2026-06-07 14:15:00,0.226,valid
DE_1028,2026-06-07 14:30:00,0.182,valid
DE_1028,2026-06-07 14:45:00,0.212,valid
DE_1028,2026-06-07 15:00:00,0.31,valid
DE_1028,2026-06-07 15:15:00,0.235,valid
DE_1028,2026-06-07 15:30:00,0.285,valid
DE_1028,2026-06-07 15:45:00,0.288,valid
DE_1028,2026-06-07 16:00:00,0.325,valid
DE_1028,2026-06-07 16:15:00,0.31,valid
DE_1028,2026-06-07 16:30:00,0.359,valid
DE_1028,2026-06-07 16:45:00,0.246,valid
DE_1028,2026-06-07 17:00:00,0.354,valid
DE_1028,2026-06-07 17:15:00,0.252,valid
DE_1028,2026-06-07 17:30:00,0.304,valid
DE_1028,2026-06-07 17:45:00,0.32,valid
DE_1028,2026-06-07 18:00:00,0.238,valid
DE_1028,2026-06-07 18:15:00,0.345,valid
DE_1028,2026-06-07 18:30:00,0.316,valid
DE_1028,2026-06-07 18:45:00,0.301,valid
DE_1028,2026-06-07 19:00:00,0.305,valid
DE_1028,2026-06-07 19:15:00,0.326,valid
DE_1028,2026-06-07 19:30:00,0.403,valid
DE_1028,2026-06-07 19:45:00,0.369,valid
DE_1028,2026-06-07 20:00:00,0.421,valid
DE_1028,2026-06-07 20:15:00,0.383,valid
DE_1028,2026-06-07 20:30:00,0.342,valid
DE_1028,2026-06-07 20:45:00,0.389,valid
DE_1028,2026-06-07 21:00:00,0.46,valid
DE_1028,2026-06-07 21:30:00,0.413,valid
DE_1028,2026-06-07 21:45:00,0.449,valid
DE_1028,2026-06-07 22:00:00,0.466,valid
DE_1028,2026-06-07 22:15:00,0.559,valid
DE_1028,2026-06-07 22:30:00,0.429,valid
DE_1028,2026-06-07 22:45:00,0.425,valid
DE_1028,2026-06-07 23:00:00,0.429,valid
DE_1028,2026-06-07 23:15:00,0.589,valid
DE_1028,2026-06-07 23:30:00,0.504,valid
DE_1028,2026-06-07 23:45:00,0.638,valid
DE_1029,2026-06-01 00:00:00,0.542,valid
DE_1029,2026-06-01 00:15:00,0.505,valid
DE_1029,2026-06-01 00:30:00,0.512,valid
DE_1029,2026-06-01 00:45:00,0.519,valid
DE_1029,2026-06-01 01:00:00,0.492,valid
DE_1029,2026-06-01 01:15:00,0.354,valid
DE_1029,2026-06-01 01:30:00,0.432,valid
DE_1029,2026-06-01 01:45:00,0.461,valid
DE_1029,2026-06-01 02:00:00,0.377,valid
DE_1029,2026-06-01 02:15:00,0.427,valid
DE_1029,2026-06-01 02:30:00,0.515,valid
DE_1029,2026-06-01 02:45:00,0.423,valid
DE_1029,2026-06-01 03:00:00,0.456,valid
DE_1029,2026-06-01 03:15:00,0.293,valid
DE_1029,2026-06-01 03:30:00,0.42,valid
DE_1029,2026-06-01 03:45:00,0.433,valid
DE_1029,2026-06-01 04:00:00,0.347,valid
DE_1029,2026-06-01 04:15:00,0.309,valid
DE_1029,2026-06-01 04:30:00,0.41,valid
DE_1029,2026-06-01 04:45:00,0.408,valid
DE_1029,2026-06-01 05:00:00,0.345,valid
DE_1029,2026-06-01 05:15:00,0.382,valid
DE_1029,2026-06-01 05:30:00,0.425,valid
DE_1029,2026-06-01 05:45:00,0.393,valid
DE_1029,2026-06-01 06:00:00,0.371,valid
DE_1029,2026-06-01 06:15:00,0.353,valid
DE_1029,2026-06-01 06:30:00,0.294,valid
DE_1029,2026-06-01 06:45:00,0.327,valid
DE_1029,2026-06-01 07:00:00,0.313,valid
DE_1029,2026-06-01 07:15:00,0.328,valid
DE_1029,2026-06-01 07:30:00,0.311,valid
DE_1029,2026-06-01 07:45:00,0.243,valid
DE_1029,2026-06-01 08:00:00,0.364,valid
DE_1029,2026-06-01 08:15:00,0.428,valid
DE_1029,2026-06-01 08:30:00,0.357,valid
DE_1029,2026-06-01 08:45:00,0.358,valid
DE_1029,2026-06-01 09:00:00,0.322,valid
DE_1029,2026-06-01 09:15:00,0.251,valid
DE_1029,2026-06-01 09:30:00,0.26,valid
DE_1029,2026-06-01 10:00:00,0.228,valid
DE_1029,2026-06-01 10:15:00,0.218,valid
DE_1029,2026-06-01 10:30:00,0.203,valid
DE_1029,2026-06-01 10:45:00,0.24,valid
DE_1029,2026-06-01 11:00:00,0.172,valid
DE_1029,2026-06-01 11:15:00,0.226,valid
DE_1029,2026-06-01 11:30:00,0.225,valid
DE_1029,2026-06-01 11:45:00,0.189,valid
DE_1029,2026-06-01 12:00:00,0.242,valid
DE_1029,2026-06-01 12:15:00,0.103,valid
DE_1029,2026-06-01 12:30:00,0.272,valid
DE_1029,2026-06-01 12:45:00,0.157,valid
DE_1029,2026-06-01 13:00:00,0.194,valid
DE_1029,2026-06-01 13:15:00,0.299,valid
DE_1029,2026-06-01 13:30:00,0.267,valid
DE_1029,2026-06-01 13:45:00,0.217,valid
DE_1029,2026-06-01 14:00:00,0.262,valid
DE_1029,2026-06-01 14:15:00,0.275,valid
DE_1029,2026-06-01 14:30:00,0.112,valid
DE_1029,2026-06-01 14:45:00,0.305,valid
DE_1029,2026-06-01 15:00:00,0.3,valid
DE_1029,2026-06-01 15:15:00,0.241,valid
DE_1029,2026-06-01 15:30:00,0.28,valid
DE_1029,2026-06-01 15:45:00,0.265,valid
DE_1029,2026-06-01 16:00:00,0.268,valid
DE_1029,2026-06-01 16:15:00,0.269,valid
DE_1029,2026-06-01 16:30:00,0.359,valid
DE_1029,2026-06-01 16:45:00,0.303,valid
DE_1029,2026-06-01 17:00:00,0.322,valid
DE_1029,2026-06-01 17:15:00,0.255,valid
DE_1029,2026-06-01 17:30:00,0.348,valid
DE_1029,2026-06-01 17:45:00,0.403,valid
DE_1029,2026-06-01 18:00:00,0.322,valid
DE_1029,2026-06-01 18:15:00,0.351,valid
DE_1029,2026-06-01 18:30:00,0.356,valid
DE_1029,2026-06-01 18:45:00,0.414,valid
DE_1029,2026-06-01 19:00:00,0.324,valid
DE_1029,2026-06-01 19:15:00,0.402,valid
DE_1029,2026-06-01 19:30:00,0.349,valid
DE_1029,2026-06-01 19:45:00,0.391,valid
DE_1029,2026-06-01 20:00:00,0.478,valid
DE_1029,2026-06-01 20:15:00,0.369,valid
DE_1029,2026-06-01 20:30:00,0.4,valid
DE_1029,2026-06-01 20:45:00,0.374,valid
DE_1029,2026-06-01 21:00:00,0.306,valid
DE_1029,2026-06-01 21:15:00,0.457,valid
DE_1029,2026-06-01 21:30:00,0.309,valid
DE_1029,2026-06-01 21:45:00,0.516,valid
DE_1029,2026-06-01 22:00:00,0.353,valid
DE_1029,2026-06-01 22:15:00,0.444,valid
DE_1029,2026-06-01 22:30:00,0.436,valid
DE_1029,2026-06-01 22:45:00,0.403,valid
DE_1029,2026-06-01 23:00:00,0.429,valid
DE_1029,2026-06-01 23:15:00,0.537,valid
DE_1029,2026-06-01 23:30:00,0.452,valid
DE_1029,2026-06-01 23:45:00,0.492,valid
DE_1029,2026-06-02 00:00:00,0.598,valid
DE_1029,2026-06-02 00:15:00,0.604,valid
DE_1029,2026-06-02 00:30:00,0.567,valid
DE_1029,2026-06-02 00:45:00,0.481,valid
DE_1029,2026-06-02 01:00:00,0.312,valid
DE_1029,2026-06-02 01:15:00,0.537,valid
DE_1029,2026-06-02 01:30:00,0.507,valid
DE_1029,2026-06-02 01:45:00,0.432,valid
DE_1029,2026-06-02 02:00:00,0.475,valid
DE_1029,2026-06-02 02:15:00,0.419,valid
DE_1029,2026-06-02 02:30:00,0.41,valid
DE_1029,2026-06-02 02:45:00,0.41,valid
DE_1029,2026-06-02 03:00:00,0.46,valid
DE_1029,2026-06-02 03:15:00,0.36,valid
DE_1029,2026-06-02 03:30:00,-0.829,valid
DE_1029,2026-06-02 03:45:00,0.391,valid
DE_1029,2026-06-02 04:00:00,0.391,valid
DE_1029,2026-06-02 04:15:00,0.41,valid
DE_1029,2026-06-02 04:30:00,0.424,valid
DE_1029,2026-06-02 04:45:00,0.396,valid
DE_1029,2026-06-02 05:00:00,0.316,valid
DE_1029,2026-06-02 05:15:00,0.371,valid
DE_1029,2026-06-02 05:30:00,0.333,valid
DE_1029,2026-06-02 05:45:00,0.379,valid
DE_1029,2026-06-02 06:00:00,0.372,valid
DE_1029,2026-06-02 06:15:00,0.379,valid
DE_1029,2026-06-02 06:30:00,0.41,valid
DE_1029,2026-06-02 06:45:00,0.281,valid
DE_1029,2026-06-02 07:00:00,0.31,valid
DE_1029,2026-06-02 07:15:00,0.365,valid
DE_1029,2026-06-02 07:30:00,0.253,valid
DE_1029,2026-06-02 07:45:00,0.365,valid
DE_1029,2026-06-02 08:00:00,0.279,valid
DE_1029,2026-06-02 08:30:00,0.316,valid
DE_1029,2026-06-02 08:45:00,0.314,valid
DE_1029,2026-06-02 09:00:00,0.288,valid
DE_1029,2026-06-02 09:15:00,0.223,valid
DE_1029,2026-06-02 09:30:00,0.274,valid
DE_1029,2026-06-02 09:45:00,0.357,valid
DE_1029,2026-06-02 10:00:00,0.221,valid
DE_1029,2026-06-02 10:15:00,0.287,valid
DE_1029,2026-06-02 10:30:00,0.223,valid
DE_1029,2026-06-02 10:45:00,0.236,valid
DE_1029,2026-06-02 11:00:00,0.297,valid
DE_1029,2026-06-02 11:15:00,0.211,valid
DE_1029,2026-06-02 11:30:00,0.218,valid
DE_1029,2026-06-02 11:45:00,0.265,valid
DE_1029,2026-06-02 12:00:00,0.236,valid
DE_1029,2026-06-02 12:15:00,0.122,valid
DE_1029,2026-06-02 12:30:00,0.263,valid
DE_1029,2026-06-02 12:45:00,0.247,valid
DE_1029,2026-06-02 13:00:00,0.192,valid
DE_1029,2026-06-02 13:15:00,0.226,valid
DE_1029,2026-06-02 13:30:00,0.167,valid
DE_1029,2026-06-02 13:45:00,0.206,valid
DE_1029,2026-06-02 14:00:00,0.247,valid
DE_1029,2026-06-02 14:15:00,0.251,valid
DE_1029,2026-06-02 14:30:00,0.232,valid
DE_1029,2026-06-02 14:45:00,0.218,valid
DE_1029,2026-06-02 15:00:00,0.287,valid
DE_1029,2026-06-02 15:15:00,0.349,valid
DE_1029,2026-06-02 15:30:00,0.289,valid
DE_1029,2026-06-02 15:45:00,0.218,valid
DE_1029,2026-06-02 16:00:00,0.359,valid
DE_1029,2026-06-02 16:15:00,0.232,valid
DE_1029,2026-06-02 16:30:00,0.29,valid
DE_1029,2026-06-02 16:45:00,0.24,valid
DE_1029,2026-06-02 17:00:00,0.31,valid
DE_1029,2026-06-02 17:15:00,0.414,valid
DE_1029,2026-06-02 17:30:00,0.172,valid
DE_1029,2026-06-02 17:45:00,0.289,valid
DE_1029,2026-06-02 18:00:00,0.267,valid
DE_1029,2026-06-02 18:15:00,0.406,valid
DE_1029,2026-06-02 18:30:00,0.446,valid
DE_1029,2026-06-02 18:45:00,0.361,valid
DE_1029,2026-06-02 19:00:00,0.439,valid
DE_1029,2026-06-02 19:15:00,0.231,valid
DE_1029,2026-06-02 19:30:00,0.387,valid
DE_1029,2026-06-02 19:45:00,0.402,valid
DE_1029,2026-06-02 20:00:00,0.431,valid
DE_1029,2026-06-02 20:15:00,0.37,valid
DE_1029,2026-06-02 20:30:00,0.378,valid
DE_1029,2026-06-02 20:45:00,0.366,valid
DE_1029,2026-06-02 21:00:00,0.435,valid
DE_1029,2026-06-02 21:15:00,0.395,valid
DE_1029,2026-06-02 21:30:00,0.441,valid
DE_1029,2026-06-02 21:45:00,0.406,valid
DE_1029,2026-06-02 22:00:00,0.415,valid
DE_1029,2026-06-02 22:15:00,0.475,valid
DE_1029,2026-06-02 22:30:00,0.448,valid
DE_1029,2026-06-02 22:45:00,0.389,valid
DE_1029,2026-06-02 23:00:00,0.596,valid
DE_1029,2026-06-02 23:15:00,0.478,valid
DE_1029,2026-06-02 23:30:00,0.452,valid
DE_1029,2026-06-02 23:45:00,0.475,valid
DE_1029,2026-06-03 00:00:00,0.487,valid
DE_1029,2026-06-03 00:15:00,0.399,valid
DE_1029,2026-06-03 00:30:00,0.389,valid
DE_1029,2026-06-03 00:45:00,0.598,valid
DE_1029,2026-06-03 01:00:00,0.48,valid
DE_1029,2026-06-03 01:15:00,0.492,valid
DE_1029,2026-06-03 01:30:00,0.468,valid
DE_1029,2026-06-03 01:45:00,0.453,valid
DE_1029,2026-06-03 02:00:00,0.361,valid
DE_1029,2026-06-03 02:15:00,0.481,valid
DE_1029,2026-06-03 02:30:00,0.371,valid
DE_1029,2026-06-03 02:45:00,0.373,valid
DE_1029,2026-06-03 03:00:00,0.446,valid
DE_1029,2026-06-03 03:15:00,0.432,valid
DE_1029,2026-06-03 03:30:00,0.406,valid
DE_1029,2026-06-03 03:45:00,0.541,valid
DE_1029,2026-06-03 04:00:00,0.428,valid
DE_1029,2026-06-03 04:15:00,0.509,valid
DE_1029,2026-06-03 04:30:00,0.375,valid
DE_1029,2026-06-03 04:45:00,0.404,valid
DE_1029,2026-06-03 05:00:00,0.435,valid
DE_1029,2026-06-03 05:15:00,0.423,valid
DE_1029,2026-06-03 05:30:00,0.374,valid
DE_1029,2026-06-03 05:45:00,0.308,valid
DE_1029,2026-06-03 06:00:00,0.279,valid
DE_1029,2026-06-03 06:15:00,0.365,valid
DE_1029,2026-06-03 06:30:00,0.275,valid
DE_1029,2026-06-03 06:45:00,0.394,valid
DE_1029,2026-06-03 07:00:00,0.381,valid
DE_1029,2026-06-03 07:15:00,0.368,valid
DE_1029,2026-06-03 07:30:00,0.238,valid
DE_1029,2026-06-03 07:45:00,0.399,valid
DE_1029,2026-06-03 08:00:00,0.308,valid
DE_1029,2026-06-03 08:15:00,0.182,valid
DE_1029,2026-06-03 08:30:00,0.272,valid
DE_1029,2026-06-03 08:45:00,0.237,valid
DE_1029,2026-06-03 09:00:00,0.275,valid
DE_1029,2026-06-03 09:15:00,0.259,valid
DE_1029,2026-06-03 09:30:00,0.252,valid
DE_1029,2026-06-03 09:45:00,0.274,valid
DE_1029,2026-06-03 10:00:00,0.192,valid
DE_1029,2026-06-03 10:15:00,0.173,valid
DE_1029,2026-06-03 10:30:00,0.189,valid
DE_1029,2026-06-03 10:45:00,0.18,valid
DE_1029,2026-06-03 11:00:00,0.202,valid
DE_1029,2026-06-03 11:15:00,0.267,valid
DE_1029,2026-06-03 11:30:00,0.25,valid
DE_1029,2026-06-03 11:45:00,0.226,valid
DE_1029,2026-06-03 12:00:00,0.215,valid
DE_1029,2026-06-03 12:15:00,0.252,valid
DE_1029,2026-06-03 12:30:00,0.21,valid
DE_1029,2026-06-03 12:45:00,0.261,valid
DE_1029,2026-06-03 13:00:00,0.222,valid
DE_1029,2026-06-03 13:15:00,0.215,valid
DE_1029,2026-06-03 13:30:00,0.281,valid
DE_1029,2026-06-03 13:45:00,0.195,valid
DE_1029,2026-06-03 14:00:00,0.207,valid
DE_1029,2026-06-03 14:00:00,0.207,valid
DE_1029,2026-06-03 14:15:00,0.165,valid
DE_1029,2026-06-03 14:30:00,0.246,valid
DE_1029,2026-06-03 14:45:00,0.249,valid
DE_1029,2026-06-03 15:00:00,0.311,valid
DE_1029,2026-06-03 15:15:00,0.318,valid
DE_1029,2026-06-03 15:30:00,0.28,valid
DE_1029,2026-06-03 15:45:00,0.196,valid
DE_1029,2026-06-03 16:00:00,0.182,valid
DE_1029,2026-06-03 16:15:00,0.324,valid
DE_1029,2026-06-03 16:30:00,0.309,valid
DE_1029,2026-06-03 16:45:00,0.307,valid
DE_1029,2026-06-03 17:00:00,0.316,valid
DE_1029,2026-06-03 17:15:00,0.302,valid
DE_1029,2026-06-03 17:30:00,0.223,valid
DE_1029,2026-06-03 17:45:00,0.234,valid
DE_1029,2026-06-03 18:00:00,0.41,valid
DE_1029,2026-06-03 18:15:00,0.437,valid
DE_1029,2026-06-03 18:30:00,0.304,valid
DE_1029,2026-06-03 18:45:00,0.258,valid
DE_1029,2026-06-03 19:00:00,0.249,valid
DE_1029,2026-06-03 19:15:00,0.297,valid
DE_1029,2026-06-03 19:30:00,0.375,valid
DE_1029,2026-06-03 19:45:00,0.433,valid
DE_1029,2026-06-03 20:00:00,0.424,valid
DE_1029,2026-06-03 20:15:00,0.423,valid
DE_1029,2026-06-03 20:30:00,0.381,valid
DE_1029,2026-06-03 20:45:00,0.43,valid
DE_1029,2026-06-03 21:00:00,0.376,valid
DE_1029,2026-06-03 21:15:00,0.442,valid
DE_1029,2026-06-03 21:30:00,0.495,valid
DE_1029,2026-06-03 21:45:00,0.344,valid
DE_1029,2026-06-03 22:00:00,0.539,valid
DE_1029,2026-06-03 22:15:00,0.454,valid
DE_1029,2026-06-03 22:30:00,0.378,valid
DE_1029,2026-06-03 22:45:00,0.428,valid
DE_1029,2026-06-03 23:00:00,0.465,valid
DE_1029,2026-06-03 23:15:00,0.428,valid
DE_1029,2026-06-03 23:30:00,0.415,valid
DE_1029,2026-06-03 23:45:00,0.556,valid
DE_1029,2026-06-04 00:00:00,0.491,valid
DE_1029,2026-06-04 00:15:00,0.5,valid
DE_1029,2026-06-04 00:30:00,0.457,valid
DE_1029,2026-06-04 00:45:00,0.439,valid
DE_1029,2026-06-04 01:00:00,0.451,valid
DE_1029,2026-06-04 01:15:00,0.561,valid
DE_1029,2026-06-04 01:30:00,0.543,valid
DE_1029,2026-06-04 01:45:00,0.552,valid
DE_1029,2026-06-04 02:00:00,0.479,valid
DE_1029,2026-06-04 02:15:00,0.443,valid
DE_1029,2026-06-04 02:30:00,0.472,valid
DE_1029,2026-06-04 02:45:00,0.406,valid
DE_1029,2026-06-04 03:00:00,0.579,valid
DE_1029,2026-06-04 03:15:00,0.462,valid
DE_1029,2026-06-04 03:30:00,0.357,valid
DE_1029,2026-06-04 03:45:00,0.374,valid
DE_1029,2026-06-04 04:00:00,0.308,valid
DE_1029,2026-06-04 04:15:00,0.369,valid
DE_1029,2026-06-04 04:30:00,0.396,valid
DE_1029,2026-06-04 04:45:00,0.474,valid
DE_1029,2026-06-04 05:00:00,0.464,valid
DE_1029,2026-06-04 05:15:00,0.386,valid
DE_1029,2026-06-04 05:30:00,0.356,valid
DE_1029,2026-06-04 05:45:00,0.332,valid
DE_1029,2026-06-04 06:00:00,0.279,valid
DE_1029,2026-06-04 06:15:00,0.38,valid
DE_1029,2026-06-04 06:30:00,0.353,valid
DE_1029,2026-06-04 06:45:00,0.447,valid
DE_1029,2026-06-04 07:00:00,0.366,valid
DE_1029,2026-06-04 07:15:00,0.301,valid
DE_1029,2026-06-04 07:30:00,0.324,valid
DE_1029,2026-06-04 07:45:00,0.223,valid
DE_1029,2026-06-04 08:00:00,0.328,valid
DE_1029,2026-06-04 08:15:00,0.334,valid
DE_1029,2026-06-04 08:30:00,0.291,valid
DE_1029,2026-06-04 08:45:00,0.205,valid
DE_1029,2026-06-04 09:00:00,0.348,valid
DE_1029,2026-06-04 09:15:00,0.218,valid
DE_1029,2026-06-04 09:30:00,0.271,valid
DE_1029,2026-06-04 09:45:00,0.278,valid
DE_1029,2026-06-04 10:00:00,0.281,valid
DE_1029,2026-06-04 10:15:00,0.235,valid
DE_1029,2026-06-04 10:30:00,0.159,valid
DE_1029,2026-06-04 10:45:00,0.355,valid
DE_1029,2026-06-04 11:00:00,0.294,valid
DE_1029,2026-06-04 11:15:00,0.205,valid
DE_1029,2026-06-04 11:30:00,0.236,valid
DE_1029,2026-06-04 11:45:00,0.12,valid
DE_1029,2026-06-04 12:00:00,0.254,valid
DE_1029,2026-06-04 12:15:00,0.281,valid
DE_1029,2026-06-04 12:30:00,0.177,valid
DE_1029,2026-06-04 12:45:00,0.126,valid
DE_1029,2026-06-04 13:00:00,0.152,valid
DE_1029,2026-06-04 13:15:00,0.156,valid
DE_1029,2026-06-04 13:30:00,0.189,valid
DE_1029,2026-06-04 13:45:00,0.206,valid
DE_1029,2026-06-04 14:00:00,0.286,valid
DE_1029,2026-06-04 14:15:00,0.203,valid
DE_1029,2026-06-04 14:30:00,0.251,valid
DE_1029,2026-06-04 14:45:00,0.257,valid
DE_1029,2026-06-04 15:00:00,0.345,valid
DE_1029,2026-06-04 15:15:00,0.232,valid
DE_1029,2026-06-04 15:30:00,0.202,valid
DE_1029,2026-06-04 15:45:00,0.221,valid
DE_1029,2026-06-04 16:00:00,0.317,valid
DE_1029,2026-06-04 16:15:00,0.26,valid
DE_1029,2026-06-04 16:30:00,0.304,valid
DE_1029,2026-06-04 16:45:00,0.328,valid
DE_1029,2026-06-04 17:00:00,0.312,valid
DE_1029,2026-06-04 17:15:00,0.339,valid
DE_1029,2026-06-04 17:30:00,0.278,valid
DE_1029,2026-06-04 17:45:00,0.332,valid
DE_1029,2026-06-04 18:00:00,0.372,valid
DE_1029,2026-06-04 18:15:00,0.291,valid
DE_1029,2026-06-04 18:30:00,0.318,valid
DE_1029,2026-06-04 18:45:00,0.377,valid
DE_1029,2026-06-04 19:00:00,0.366,valid
DE_1029,2026-06-04 19:15:00,0.339,valid
DE_1029,2026-06-04 19:30:00,0.317,valid
DE_1029,2026-06-04 19:45:00,0.273,valid
DE_1029,2026-06-04 20:00:00,0.424,valid
DE_1029,2026-06-04 20:15:00,0.372,valid
DE_1029,2026-06-04 20:30:00,0.379,valid
DE_1029,2026-06-04 20:45:00,0.393,valid
DE_1029,2026-06-04 21:00:00,0.383,valid
DE_1029,2026-06-04 21:15:00,0.507,valid
DE_1029,2026-06-04 21:30:00,0.454,valid
DE_1029,2026-06-04 21:45:00,0.398,valid
DE_1029,2026-06-04 22:00:00,0.411,valid
DE_1029,2026-06-04 22:15:00,0.45,valid
DE_1029,2026-06-04 22:30:00,0.508,valid
DE_1029,2026-06-04 22:45:00,0.448,valid
DE_1029,2026-06-04 23:00:00,0.503,valid
DE_1029,2026-06-04 23:15:00,0.415,valid
DE_1029,2026-06-04 23:30:00,0.363,valid
DE_1029,2026-06-05 00:00:00,0.484,valid
DE_1029,2026-06-05 00:15:00,0.534,valid
DE_1029,2026-06-05 00:30:00,0.457,valid
DE_1029,2026-06-05 01:00:00,0.496,valid
DE_1029,2026-06-05 01:15:00,0.463,valid
DE_1029,2026-06-05 01:30:00,0.456,valid
DE_1029,2026-06-05 01:45:00,0.469,valid
DE_1029,2026-06-05 02:00:00,0.395,valid
DE_1029,2026-06-05 02:15:00,0.468,valid
DE_1029,2026-06-05 02:30:00,0.459,valid
DE_1029,2026-06-05 02:45:00,0.425,valid
DE_1029,2026-06-05 03:00:00,0.354,valid
DE_1029,2026-06-05 03:15:00,0.378,valid
DE_1029,2026-06-05 03:30:00,0.402,valid
DE_1029,2026-06-05 03:45:00,0.425,valid
DE_1029,2026-06-05 04:00:00,0.381,valid
DE_1029,2026-06-05 04:15:00,0.422,valid
DE_1029,2026-06-05 04:30:00,0.443,valid
DE_1029,2026-06-05 04:45:00,0.343,valid
DE_1029,2026-06-05 05:00:00,0.382,valid
DE_1029,2026-06-05 05:15:00,0.284,valid
DE_1029,2026-06-05 05:30:00,0.34,valid
DE_1029,2026-06-05 05:45:00,0.384,valid
DE_1029,2026-06-05 06:00:00,0.329,valid
DE_1029,2026-06-05 06:15:00,0.369,valid
DE_1029,2026-06-05 06:30:00,0.362,valid
DE_1029,2026-06-05 06:45:00,0.298,valid
DE_1029,2026-06-05 07:00:00,0.314,valid
DE_1029,2026-06-05 07:15:00,0.172,valid
DE_1029,2026-06-05 07:30:00,0.332,valid
DE_1029,2026-06-05 07:45:00,0.273,valid
DE_1029,2026-06-05 08:00:00,0.273,valid
DE_1029,2026-06-05 08:15:00,0.306,valid
DE_1029,2026-06-05 08:30:00,0.266,valid
DE_1029,2026-06-05 08:45:00,0.342,valid
DE_1029,2026-06-05 09:00:00,0.308,valid
DE_1029,2026-06-05 09:15:00,0.281,valid
DE_1029,2026-06-05 09:30:00,0.301,valid
DE_1029,2026-06-05 09:45:00,0.226,valid
DE_1029,2026-06-05 10:00:00,0.192,valid
DE_1029,2026-06-05 10:15:00,0.319,valid
DE_1029,2026-06-05 10:30:00,0.252,valid
DE_1029,2026-06-05 10:45:00,0.193,valid
DE_1029,2026-06-05 11:00:00,0.309,valid
DE_1029,2026-06-05 11:15:00,0.222,valid
DE_1029,2026-06-05 11:30:00,0.145,valid
DE_1029,2026-06-05 11:45:00,0.234,valid
DE_1029,2026-06-05 12:00:00,0.212,valid
DE_1029,2026-06-05 12:15:00,0.256,valid
DE_1029,2026-06-05 12:30:00,0.187,valid
DE_1029,2026-06-05 12:45:00,0.234,valid
DE_1029,2026-06-05 13:00:00,0.257,valid
DE_1029,2026-06-05 13:15:00,0.228,valid
DE_1029,2026-06-05 13:30:00,0.138,valid
DE_1029,2026-06-05 13:45:00,0.258,valid
DE_1029,2026-06-05 14:00:00,0.282,valid
DE_1029,2026-06-05 14:15:00,0.2,valid
DE_1029,2026-06-05 14:30:00,0.225,valid
DE_1029,2026-06-05 14:45:00,0.299,valid
DE_1029,2026-06-05 15:00:00,0.282,valid
DE_1029,2026-06-05 15:15:00,0.29,valid
DE_1029,2026-06-05 15:30:00,0.233,valid
DE_1029,2026-06-05 15:45:00,0.258,valid
DE_1029,2026-06-05 16:00:00,0.306,valid
DE_1029,2026-06-05 16:15:00,0.25,valid
DE_1029,2026-06-05 16:30:00,0.161,valid
DE_1029,2026-06-05 16:45:00,0.275,valid
DE_1029,2026-06-05 17:00:00,0.35,valid
DE_1029,2026-06-05 17:15:00,0.305,valid
DE_1029,2026-06-05 17:30:00,0.283,valid
DE_1029,2026-06-05 17:45:00,0.321,valid
DE_1029,2026-06-05 18:00:00,0.4,valid
DE_1029,2026-06-05 18:15:00,0.365,valid
DE_1029,2026-06-05 18:30:00,0.35,valid
DE_1029,2026-06-05 18:45:00,0.357,valid
DE_1029,2026-06-05 19:00:00,0.347,valid
DE_1029,2026-06-05 19:15:00,0.335,valid
DE_1029,2026-06-05 19:30:00,0.39,valid
DE_1029,2026-06-05 19:45:00,0.43,valid
DE_1029,2026-06-05 20:00:00,0.486,valid
DE_1029,2026-06-05 20:15:00,0.439,valid
DE_1029,2026-06-05 20:30:00,0.412,valid
DE_1029,2026-06-05 20:45:00,0.444,valid
DE_1029,2026-06-05 21:00:00,0.406,valid
DE_1029,2026-06-05 21:15:00,0.296,valid
DE_1029,2026-06-05 21:30:00,0.383,valid
DE_1029,2026-06-05 21:45:00,0.455,valid
DE_1029,2026-06-05 22:00:00,0.494,valid
DE_1029,2026-06-05 22:30:00,0.462,valid
DE_1029,2026-06-05 22:45:00,0.51,valid
DE_1029,2026-06-05 23:00:00,0.458,valid
DE_1029,2026-06-05 23:15:00,0.381,valid
DE_1029,2026-06-05 23:30:00,0.435,valid
DE_1029,2026-06-05 23:45:00,0.443,valid
DE_1029,2026-06-06 00:00:00,0.494,valid
DE_1029,2026-06-06 00:15:00,0.489,valid
DE_1029,2026-06-06 00:30:00,0.491,valid
DE_1029,2026-06-06 00:45:00,0.612,valid
DE_1029,2026-06-06 01:00:00,0.426,valid
DE_1029,2026-06-06 01:15:00,0.468,valid
DE_1029,2026-06-06 01:30:00,0.462,valid
DE_1029,2026-06-06 01:45:00,0.447,valid
DE_1029,2026-06-06 02:00:00,0.42,valid
DE_1029,2026-06-06 02:15:00,0.368,valid
DE_1029,2026-06-06 02:30:00,0.457,valid
DE_1029,2026-06-06 02:45:00,0.412,valid
DE_1029,2026-06-06 03:00:00,0.419,valid
DE_1029,2026-06-06 03:15:00,0.434,valid
DE_1029,2026-06-06 03:30:00,0.331,valid
DE_1029,2026-06-06 03:45:00,0.41,valid
DE_1029,2026-06-06 04:00:00,0.408,valid
DE_1029,2026-06-06 04:15:00,0.344,valid
DE_1029,2026-06-06 04:30:00,0.327,valid
DE_1029,2026-06-06 04:45:00,0.361,valid
DE_1029,2026-06-06 05:00:00,0.418,valid
DE_1029,2026-06-06 05:15:00,0.363,valid
DE_1029,2026-06-06 05:30:00,0.407,valid
DE_1029,2026-06-06 05:45:00,0.333,valid
DE_1029,2026-06-06 06:00:00,0.35,valid
DE_1029,2026-06-06 06:15:00,0.357,valid
DE_1029,2026-06-06 06:30:00,0.376,valid
DE_1029,2026-06-06 06:45:00,0.418,valid
DE_1029,2026-06-06 07:00:00,0.301,valid
DE_1029,2026-06-06 07:15:00,0.374,valid
DE_1029,2026-06-06 07:30:00,0.32,valid
DE_1029,2026-06-06 07:45:00,0.266,valid
DE_1029,2026-06-06 08:00:00,0.343,valid
DE_1029,2026-06-06 08:15:00,0.26,valid
DE_1029,2026-06-06 08:30:00,0.28,valid
DE_1029,2026-06-06 08:45:00,0.332,valid
DE_1029,2026-06-06 09:00:00,0.257,valid
DE_1029,2026-06-06 09:15:00,0.283,valid
DE_1029,2026-06-06 09:45:00,0.264,valid
DE_1029,2026-06-06 10:00:00,0.28,valid
DE_1029,2026-06-06 10:15:00,0.197,valid
DE_1029,2026-06-06 10:30:00,0.269,valid
DE_1029,2026-06-06 10:45:00,0.275,valid
DE_1029,2026-06-06 11:00:00,0.238,valid
DE_1029,2026-06-06 11:15:00,0.274,valid
DE_1029,2026-06-06 11:30:00,0.254,valid
DE_1029,2026-06-06 11:45:00,0.178,valid
DE_1029,2026-06-06 12:00:00,0.205,valid
DE_1029,2026-06-06 12:15:00,0.217,valid
DE_1029,2026-06-06 12:30:00,0.254,valid
DE_1029,2026-06-06 12:45:00,0.307,valid
DE_1029,2026-06-06 13:00:00,0.239,valid
DE_1029,2026-06-06 13:15:00,0.244,valid
DE_1029,2026-06-06 13:30:00,0.232,valid
DE_1029,2026-06-06 13:45:00,0.13,valid
DE_1029,2026-06-06 14:00:00,0.285,valid
DE_1029,2026-06-06 14:15:00,0.186,valid
DE_1029,2026-06-06 14:30:00,0.182,valid
DE_1029,2026-06-06 14:45:00,0.254,valid
DE_1029,2026-06-06 15:00:00,0.298,valid
DE_1029,2026-06-06 15:15:00,0.27,valid
DE_1029,2026-06-06 15:30:00,0.32,valid
DE_1029,2026-06-06 15:45:00,0.35,valid
DE_1029,2026-06-06 16:00:00,0.357,valid
DE_1029,2026-06-06 16:15:00,0.387,valid
DE_1029,2026-06-06 16:30:00,0.271,valid
DE_1029,2026-06-06 16:45:00,0.33,valid
DE_1029,2026-06-06 17:00:00,0.351,valid
DE_1029,2026-06-06 17:15:00,0.282,valid
DE_1029,2026-06-06 17:30:00,0.313,valid
DE_1029,2026-06-06 17:45:00,0.321,valid
DE_1029,2026-06-06 18:00:00,0.361,valid
DE_1029,2026-06-06 18:15:00,0.371,valid
DE_1029,2026-06-06 18:30:00,0.291,valid
DE_1029,2026-06-06 18:45:00,0.38,valid
DE_1029,2026-06-06 19:00:00,0.401,valid
DE_1029,2026-06-06 19:15:00,0.47,valid
DE_1029,2026-06-06 19:30:00,0.38,valid
DE_1029,2026-06-06 19:45:00,0.386,valid
DE_1029,2026-06-06 20:00:00,0.422,valid
DE_1029,2026-06-06 20:15:00,0.447,valid
DE_1029,2026-06-06 20:30:00,0.463,valid
DE_1029,2026-06-06 20:45:00,0.384,valid
DE_1029,2026-06-06 21:00:00,0.404,valid
DE_1029,2026-06-06 21:15:00,0.418,valid
DE_1029,2026-06-06 21:30:00,0.464,valid
DE_1029,2026-06-06 21:45:00,0.42,valid
DE_1029,2026-06-06 22:00:00,0.433,valid
DE_1029,2026-06-06 22:15:00,0.414,valid
DE_1029,2026-06-06 22:30:00,0.458,valid
DE_1029,2026-06-06 22:45:00,0.434,valid
DE_1029,2026-06-06 23:00:00,0.379,valid
DE_1029,2026-06-06 23:15:00,0.446,valid
DE_1029,2026-06-06 23:30:00,0.376,valid
DE_1029,2026-06-06 23:45:00,0.507,valid
DE_1029,2026-06-07 00:00:00,0.507,valid
DE_1029,2026-06-07 00:15:00,0.387,valid
DE_1029,2026-06-07 00:30:00,0.507,valid
DE_1029,2026-06-07 00:45:00,0.481,valid
DE_1029,2026-06-07 01:00:00,0.523,valid
DE_1029,2026-06-07 01:15:00,0.45,valid
DE_1029,2026-06-07 01:30:00,0.494,valid
DE_1029,2026-06-07 01:45:00,0.372,valid
DE_1029,2026-06-07 02:00:00,0.403,valid
DE_1029,2026-06-07 02:15:00,0.341,valid
DE_1029,2026-06-07 02:30:00,0.441,valid
DE_1029,2026-06-07 02:45:00,0.482,valid
DE_1029,2026-06-07 03:00:00,0.463,valid
DE_1029,2026-06-07 03:15:00,0.512,valid
DE_1029,2026-06-07 03:30:00,0.47,valid
DE_1029,2026-06-07 03:45:00,0.527,valid
DE_1029,2026-06-07 04:00:00,0.375,valid
DE_1029,2026-06-07 04:15:00,0.425,valid
DE_1029,2026-06-07 04:30:00,0.469,valid
DE_1029,2026-06-07 04:45:00,0.459,valid
DE_1029,2026-06-07 05:00:00,0.397,valid
DE_1029,2026-06-07 05:15:00,0.409,valid
DE_1029,2026-06-07 05:30:00,0.245,valid
DE_1029,2026-06-07 05:45:00,0.423,valid
DE_1029,2026-06-07 06:00:00,0.354,valid
DE_1029,2026-06-07 06:15:00,0.347,valid
DE_1029,2026-06-07 06:30:00,0.361,valid
DE_1029,2026-06-07 06:45:00,0.413,valid
DE_1029,2026-06-07 07:00:00,0.32,valid
DE_1029,2026-06-07 07:15:00,0.241,valid
DE_1029,2026-06-07 07:30:00,0.317,valid
DE_1029,2026-06-07 07:45:00,0.341,valid
DE_1029,2026-06-07 08:00:00,0.351,valid
DE_1029,2026-06-07 08:15:00,0.253,valid
DE_1029,2026-06-07 08:30:00,0.188,valid
DE_1029,2026-06-07 08:45:00,0.204,valid
DE_1029,2026-06-07 09:00:00,0.24,valid
DE_1029,2026-06-07 09:15:00,0.344,valid
DE_1029,2026-06-07 09:30:00,0.288,valid
DE_1029,2026-06-07 09:45:00,0.342,valid
DE_1029,2026-06-07 10:00:00,0.304,valid
DE_1029,2026-06-07 10:15:00,0.306,valid
DE_1029,2026-06-07 10:30:00,0.308,valid
DE_1029,2026-06-07 10:45:00,0.247,valid
DE_1029,2026-06-07 11:00:00,0.204,valid
DE_1029,2026-06-07 11:15:00,0.22,valid
DE_1029,2026-06-07 11:30:00,0.245,valid
DE_1029,2026-06-07 11:45:00,0.21,valid
DE_1029,2026-06-07 12:00:00,0.165,valid
DE_1029,2026-06-07 12:15:00,0.23,valid
DE_1029,2026-06-07 12:30:00,0.33,valid
DE_1029,2026-06-07 12:45:00,0.24,valid
DE_1029,2026-06-07 13:00:00,0.176,valid
DE_1029,2026-06-07 13:15:00,0.205,valid
DE_1029,2026-06-07 13:30:00,0.262,valid
DE_1029,2026-06-07 13:45:00,0.263,valid
DE_1029,2026-06-07 14:00:00,0.206,valid
DE_1029,2026-06-07 14:15:00,0.274,valid
DE_1029,2026-06-07 14:30:00,0.235,valid
DE_1029,2026-06-07 14:45:00,0.277,valid
DE_1029,2026-06-07 15:00:00,0.316,valid
DE_1029,2026-06-07 15:15:00,0.227,valid
DE_1029,2026-06-07 15:30:00,0.229,valid
DE_1029,2026-06-07 15:45:00,0.405,valid
DE_1029,2026-06-07 16:00:00,0.267,valid
DE_1029,2026-06-07 16:15:00,0.279,valid
DE_1029,2026-06-07 16:30:00,0.3,valid
DE_1029,2026-06-07 16:45:00,0.234,valid
DE_1029,2026-06-07 17:00:00,0.404,valid
DE_1029,2026-06-07 17:15:00,0.337,valid
DE_1029,2026-06-07 17:30:00,0.262,valid
DE_1029,2026-06-07 17:45:00,0.323,valid
DE_1029,2026-06-07 18:00:00,0.349,valid
DE_1029,2026-06-07 18:15:00,0.354,valid
DE_1029,2026-06-07 18:30:00,0.348,valid
DE_1029,2026-06-07 18:45:00,0.191,valid
DE_1029,2026-06-07 19:00:00,0.377,valid
DE_1029,2026-06-07 19:15:00,0.278,valid
DE_1029,2026-06-07 19:30:00,0.39,valid
DE_1029,2026-06-07 19:45:00,0.377,valid
DE_1029,2026-06-07 20:00:00,0.479,valid
DE_1029,2026-06-07 20:15:00,0.405,valid
DE_1029,2026-06-07 20:30:00,0.501,valid
DE_1029,2026-06-07 20:45:00,0.477,valid
DE_1029,2026-06-07 21:00:00,0.463,valid
DE_1029,2026-06-07 21:15:00,0.369,valid
DE_1029,2026-06-07 21:30:00,0.468,valid
DE_1029,2026-06-07 21:45:00,0.499,valid
DE_1029,2026-06-07 22:00:00,0.521,valid
DE_1029,2026-06-07 22:15:00,0.401,valid
DE_1029,2026-06-07 22:30:00,0.547,valid
DE_1029,2026-06-07 22:45:00,0.415,valid
DE_1029,2026-06-07 23:00:00,0.476,valid
DE_1029,2026-06-07 23:15:00,0.488,valid
DE_1029,2026-06-07 23:30:00,0.471,valid
DE_1029,2026-06-07 23:45:00,0.54,valid
